Time Period Benchmark Comparison,Header,Date,BM1,BM1Return,MCCEF,MCCEFReturn
Time Period Benchmark Comparison,Data,02/27/20,VT,-3.698416818,MCCEF,0
Time Period Benchmark Comparison,Data,02/28/20,VT,-0.323406549,MCCEF,0
Time Period Benchmark Comparison,Data,03/02/20,VT,2.74435582,MCCEF,0
Time Period Benchmark Comparison,Data,03/03/20,VT,-1.934210526,MCCEF,0
Time Period Benchmark Comparison,Data,03/04/20,VT,3.340936536,MCCEF,0
Time Period Benchmark Comparison,Data,03/05/20,VT,-2.856400935,MCCEF,0
Time Period Benchmark Comparison,Data,03/06/20,VT,-1.764234162,MCCEF,0
Time Period Benchmark Comparison,Data,03/09/20,VT,-7.891156463,MCCEF,0
Time Period Benchmark Comparison,Data,03/10/20,VT,4.534711965,MCCEF,0
Time Period Benchmark Comparison,Data,03/11/20,VT,-4.945598417,MCCEF,0
Time Period Benchmark Comparison,Data,03/12/20,VT,-10.227441653,MCCEF,0
Time Period Benchmark Comparison,Data,03/13/20,VT,7.96489485,MCCEF,0
Time Period Benchmark Comparison,Data,03/16/20,VT,-11.641104294,MCCEF,0
Time Period Benchmark Comparison,Data,03/17/20,VT,5.74553029,MCCEF,0
Time Period Benchmark Comparison,Data,03/18/20,VT,-6.369008536,MCCEF,0
Time Period Benchmark Comparison,Data,03/19/20,VT,0.981767181,MCCEF,0
Time Period Benchmark Comparison,Data,03/20/20,VT,-2.725694444,MCCEF,0
Time Period Benchmark Comparison,Data,03/23/20,VT,-2.372835981,MCCEF,0
Time Period Benchmark Comparison,Data,03/24/20,VT,9.140969163,MCCEF,0
Time Period Benchmark Comparison,Data,03/25/20,VT,2.287251934,MCCEF,0
Time Period Benchmark Comparison,Data,03/26/20,VT,5.064123644,MCCEF,0
Time Period Benchmark Comparison,Data,03/27/20,VT,-3.333333333,MCCEF,0
Time Period Benchmark Comparison,Data,03/30/20,VT,2.655010523,MCCEF,0
Time Period Benchmark Comparison,Data,03/31/20,VT,-0.961993376,MCCEF,0
Time Period Benchmark Comparison,Data,04/01/20,VT,-4.410828025,MCCEF,-0.001451818
Time Period Benchmark Comparison,Data,04/02/20,VT,2.048975512,MCCEF,0.041579873
Time Period Benchmark Comparison,Data,04/03/20,VT,-1.746653608,MCCEF,-0.033974046
Time Period Benchmark Comparison,Data,04/06/20,VT,6.130586476,MCCEF,0.125737472
Time Period Benchmark Comparison,Data,04/07/20,VT,0.375704446,MCCEF,0.02107459
Time Period Benchmark Comparison,Data,04/08/20,VT,2.401746725,MCCEF,0.076082635
Time Period Benchmark Comparison,Data,04/09/20,VT,1.858056655,MCCEF,0.073482532
Time Period Benchmark Comparison,Data,04/10/20,VT,0,MCCEF,0
Time Period Benchmark Comparison,Data,04/13/20,VT,-0.897129187,MCCEF,-0.016489592
Time Period Benchmark Comparison,Data,04/14/20,VT,2.398913699,MCCEF,0.093205854
Time Period Benchmark Comparison,Data,04/15/20,VT,-2.607926919,MCCEF,-0.130682516
Time Period Benchmark Comparison,Data,04/16/20,VT,0.393343419,MCCEF,-0.021660048
Time Period Benchmark Comparison,Data,04/17/20,VT,2.637130802,MCCEF,0.369042097
Time Period Benchmark Comparison,Data,04/20/20,VT,-1.497577448,MCCEF,-0.225985986
Time Period Benchmark Comparison,Data,04/21/20,VT,-2.832016694,MCCEF,-0.299062625
Time Period Benchmark Comparison,Data,04/22/20,VT,2.193587974,MCCEF,0.055076925
Time Period Benchmark Comparison,Data,04/23/20,VT,-0.075052537,MCCEF,0.051694162
Time Period Benchmark Comparison,Data,04/24/20,VT,1.096590056,MCCEF,0.178208676
Time Period Benchmark Comparison,Data,04/27/20,VT,1.693907875,MCCEF,0.5074841
Time Period Benchmark Comparison,Data,04/28/20,VT,0,MCCEF,-0.013199058
Time Period Benchmark Comparison,Data,04/29/20,VT,2.849210988,MCCEF,0.815021588
Time Period Benchmark Comparison,Data,04/30/20,VT,-1.534308851,MCCEF,-0.291413028
Time Period Benchmark Comparison,Data,05/01/20,VT,-2.597027846,MCCEF,-0.456132987
Time Period Benchmark Comparison,Data,05/04/20,VT,0.296252407,MCCEF,-0.132834666
Time Period Benchmark Comparison,Data,05/05/20,VT,0.708905627,MCCEF,0.0103798
Time Period Benchmark Comparison,Data,05/06/20,VT,-0.586596275,MCCEF,-0.198359045
Time Period Benchmark Comparison,Data,05/07/20,VT,1.35713232,MCCEF,0.157037005
Time Period Benchmark Comparison,Data,05/08/20,VT,1.761024596,MCCEF,0.530405263
Time Period Benchmark Comparison,Data,05/11/20,VT,-0.014302059,MCCEF,-0.412053511
Time Period Benchmark Comparison,Data,05/12/20,VT,-1.716492633,MCCEF,-0.517812503
Time Period Benchmark Comparison,Data,05/13/20,VT,-1.397176539,MCCEF,-0.487581797
Time Period Benchmark Comparison,Data,05/14/20,VT,0.457564576,MCCEF,0.633645286
Time Period Benchmark Comparison,Data,05/15/20,VT,0.191007934,MCCEF,-0.106280793
Time Period Benchmark Comparison,Data,05/18/20,VT,3.519577651,MCCEF,1.411161434
Time Period Benchmark Comparison,Data,05/19/20,VT,-1.005808188,MCCEF,-0.578555016
Time Period Benchmark Comparison,Data,05/20/20,VT,1.731539782,MCCEF,0.791761987
Time Period Benchmark Comparison,Data,05/21/20,VT,-0.858067239,MCCEF,-0.229893267
Time Period Benchmark Comparison,Data,05/22/20,VT,-0.099318956,MCCEF,-0.160827554
Time Period Benchmark Comparison,Data,05/25/20,VT,0,MCCEF,0
Time Period Benchmark Comparison,Data,05/26/20,VT,1.903138759,MCCEF,0.980848196
Time Period Benchmark Comparison,Data,05/27/20,VT,1.351916376,MCCEF,1.066775894
Time Period Benchmark Comparison,Data,05/28/20,VT,0.055005501,MCCEF,-0.245895884
Time Period Benchmark Comparison,Data,05/29/20,VT,0.219901045,MCCEF,-0.090336022
Time Period Benchmark Comparison,Data,06/01/20,VT,1.289083928,MCCEF,-0.052586447
Time Period Benchmark Comparison,Data,06/02/20,VT,1.110208503,MCCEF,0.261363608
Time Period Benchmark Comparison,Data,06/03/20,VT,1.780931976,MCCEF,0.486018343
Time Period Benchmark Comparison,Data,06/04/20,VT,-0.486778056,MCCEF,0.158421168
Time Period Benchmark Comparison,Data,06/05/20,VT,2.40613432,MCCEF,0.601774755
Time Period Benchmark Comparison,Data,06/08/20,VT,1.252259231,MCCEF,0.21373496
Time Period Benchmark Comparison,Data,06/09/20,VT,-1.045518297,MCCEF,-0.21498392
Time Period Benchmark Comparison,Data,06/10/20,VT,-0.296353563,MCCEF,-0.279387518
Time Period Benchmark Comparison,Data,06/11/20,VT,-5.699147066,MCCEF,-0.964417716
Time Period Benchmark Comparison,Data,06/12/20,VT,1.507468823,MCCEF,0.387031743
Time Period Benchmark Comparison,Data,06/15/20,VT,0.607533414,MCCEF,0.1779755
Time Period Benchmark Comparison,Data,06/16/20,VT,1.704240472,MCCEF,0.476236376
Time Period Benchmark Comparison,Data,06/17/20,VT,-0.145137881,MCCEF,-0.280456497
Time Period Benchmark Comparison,Data,06/18/20,VT,-0.092494715,MCCEF,-0.021947632
Time Period Benchmark Comparison,Data,06/19/20,VT,-0.462901733,MCCEF,-0.053956356
Time Period Benchmark Comparison,Data,06/22/20,VT,0.876959872,MCCEF,-0.096419128
Time Period Benchmark Comparison,Data,06/23/20,VT,0.410269984,MCCEF,0.070357681
Time Period Benchmark Comparison,Data,06/24/20,VT,-2.398840121,MCCEF,-0.495831494
Time Period Benchmark Comparison,Data,06/25/20,VT,1.120864281,MCCEF,0.545212794
Time Period Benchmark Comparison,Data,06/26/20,VT,-1.923076923,MCCEF,-0.732378291
Time Period Benchmark Comparison,Data,06/29/20,VT,1.198257081,MCCEF,0.3617443
Time Period Benchmark Comparison,Data,06/30/20,VT,0.645855759,MCCEF,0.327249422
Time Period Benchmark Comparison,Data,07/01/20,VT,0.668449198,MCCEF,-0.098087842
Time Period Benchmark Comparison,Data,07/02/20,VT,0.903054449,MCCEF,0.150746317
Time Period Benchmark Comparison,Data,07/03/20,VT,0,MCCEF,0
Time Period Benchmark Comparison,Data,07/06/20,VT,1.842590155,MCCEF,0.580405132
Time Period Benchmark Comparison,Data,07/07/20,VT,-1.176014474,MCCEF,-0.2202126
Time Period Benchmark Comparison,Data,07/08/20,VT,0.993853799,MCCEF,0.25584198
Time Period Benchmark Comparison,Data,07/09/20,VT,-0.634468471,MCCEF,-0.277521563
Time Period Benchmark Comparison,Data,07/10/20,VT,0.807922856,MCCEF,0.614990859
Time Period Benchmark Comparison,Data,07/13/20,VT,-0.801447777,MCCEF,0.176711157
Time Period Benchmark Comparison,Data,07/14/20,VT,1.172791243,MCCEF,0.529327654
Time Period Benchmark Comparison,Data,07/15/20,VT,1.05615662,MCCEF,0.344665664
Time Period Benchmark Comparison,Data,07/16/20,VT,-0.56079531,MCCEF,-0.196656972
Time Period Benchmark Comparison,Data,07/17/20,VT,0.358882338,MCCEF,-0.177936748
Time Period Benchmark Comparison,Data,07/20/20,VT,0.804597701,MCCEF,0.114446059
Time Period Benchmark Comparison,Data,07/21/20,VT,0.380083618,MCCEF,0.203150269
Time Period Benchmark Comparison,Data,07/22/20,VT,0.403887416,MCCEF,0.001015308
Time Period Benchmark Comparison,Data,07/23/20,VT,-1.055939661,MCCEF,-0.038045439
Time Period Benchmark Comparison,Data,07/24/20,VT,-0.53360437,MCCEF,-0.15940735
Time Period Benchmark Comparison,Data,07/27/20,VT,1.072933963,MCCEF,0.062146348
Time Period Benchmark Comparison,Data,07/28/20,VT,-0.682421332,MCCEF,-0.011417382
Time Period Benchmark Comparison,Data,07/29/20,VT,1.272426517,MCCEF,0.41127528
Time Period Benchmark Comparison,Data,07/30/20,VT,-0.653348411,MCCEF,-0.316737953
Time Period Benchmark Comparison,Data,07/31/20,VT,-0.39205767,MCCEF,-0.013114119
Time Period Benchmark Comparison,Data,08/03/20,VT,1.168105637,MCCEF,0.201489528
Time Period Benchmark Comparison,Data,08/04/20,VT,0.502008032,MCCEF,0.06733552
Time Period Benchmark Comparison,Data,08/05/20,VT,0.674325674,MCCEF,0.312967879
Time Period Benchmark Comparison,Data,08/06/20,VT,0.43413545,MCCEF,-0.127831721
Time Period Benchmark Comparison,Data,08/07/20,VT,-0.345807089,MCCEF,0.161561692
Time Period Benchmark Comparison,Data,08/10/20,VT,0.272648407,MCCEF,0.118189562
Time Period Benchmark Comparison,Data,08/11/20,VT,-0.308985292,MCCEF,0.066706847
Time Period Benchmark Comparison,Data,08/12/20,VT,1.500123977,MCCEF,0.161812243
Time Period Benchmark Comparison,Data,08/13/20,VT,-0.2687187,MCCEF,-0.293126999
Time Period Benchmark Comparison,Data,08/14/20,VT,-0.183710961,MCCEF,0.054886727
Time Period Benchmark Comparison,Data,08/17/20,VT,0.613496933,MCCEF,-0.164679971
Time Period Benchmark Comparison,Data,08/18/20,VT,0.085365854,MCCEF,-0.138635962
Time Period Benchmark Comparison,Data,08/19/20,VT,-0.499573535,MCCEF,0.014405997
Time Period Benchmark Comparison,Data,08/20/20,VT,0.024491795,MCCEF,-0.037105408
Time Period Benchmark Comparison,Data,08/21/20,VT,0.097943193,MCCEF,-0.090247997
Time Period Benchmark Comparison,Data,08/24/20,VT,1.03962818,MCCEF,0.44116983
Time Period Benchmark Comparison,Data,08/25/20,VT,0.351047089,MCCEF,0.009151263
Time Period Benchmark Comparison,Data,08/26/20,VT,0.784077201,MCCEF,0.150115818
Time Period Benchmark Comparison,Data,08/27/20,VT,-0.227408737,MCCEF,0.325080705
Time Period Benchmark Comparison,Data,08/28/20,VT,0.731765835,MCCEF,0.338410185
Time Period Benchmark Comparison,Data,08/31/20,VT,-0.571632726,MCCEF,-0.158414579
Time Period Benchmark Comparison,Data,09/01/20,VT,0.754581387,MCCEF,0.026331674
Time Period Benchmark Comparison,Data,09/02/20,VT,1.129339039,MCCEF,0.441696951
Time Period Benchmark Comparison,Data,09/03/20,VT,-2.997531445,MCCEF,-0.627672472
Time Period Benchmark Comparison,Data,09/04/20,VT,-0.375666505,MCCEF,0.193595997
Time Period Benchmark Comparison,Data,09/07/20,VT,0,MCCEF,0.011830973
Time Period Benchmark Comparison,Data,09/08/20,VT,-2.311154361,MCCEF,-1.033251795
Time Period Benchmark Comparison,Data,09/09/20,VT,1.830407172,MCCEF,0.423722402
Time Period Benchmark Comparison,Data,09/10/20,VT,-1.406211788,MCCEF,-0.449222834
Time Period Benchmark Comparison,Data,09/11/20,VT,0.396874612,MCCEF,0.275441584
Time Period Benchmark Comparison,Data,09/14/20,VT,1.26003706,MCCEF,0.509303134
Time Period Benchmark Comparison,Data,09/15/20,VT,0.58558009,MCCEF,-0.354647992
Time Period Benchmark Comparison,Data,09/16/20,VT,-0.169799879,MCCEF,0.105981359
Time Period Benchmark Comparison,Data,09/17/20,VT,-0.534564451,MCCEF,-0.216354977
Time Period Benchmark Comparison,Data,09/18/20,VT,-0.879443019,MCCEF,-0.231959567
Time Period Benchmark Comparison,Data,09/21/20,VT,-1.451016636,MCCEF,-0.403124741
Time Period Benchmark Comparison,Data,09/22/20,VT,0.464999372,MCCEF,0.210622447
Time Period Benchmark Comparison,Data,09/23/20,VT,-1.926444834,MCCEF,-0.76066251
Time Period Benchmark Comparison,Data,09/24/20,VT,0.051020408,MCCEF,0.050812818
Time Period Benchmark Comparison,Data,09/25/20,VT,1.096379398,MCCEF,0.688381146
Time Period Benchmark Comparison,Data,09/28/20,VT,1.57629256,MCCEF,0.735150457
Time Period Benchmark Comparison,Data,09/29/20,VT,-0.360024829,MCCEF,-0.241183865
Time Period Benchmark Comparison,Data,09/30/20,VT,0.473461251,MCCEF,0.125502732
Time Period Benchmark Comparison,Data,10/01/20,VT,0.806051587,MCCEF,0.008936173
Time Period Benchmark Comparison,Data,10/02/20,VT,-0.639685078,MCCEF,-0.23478553
Time Period Benchmark Comparison,Data,10/05/20,VT,1.646650984,MCCEF,0.656162237
Time Period Benchmark Comparison,Data,10/06/20,VT,-1.023142509,MCCEF,-0.407144113
Time Period Benchmark Comparison,Data,10/07/20,VT,1.415210436,MCCEF,0.646379883
Time Period Benchmark Comparison,Data,10/08/20,VT,0.82514258,MCCEF,0.50800905
Time Period Benchmark Comparison,Data,10/09/20,VT,0.758213985,MCCEF,0.195660568
Time Period Benchmark Comparison,Data,10/12/20,VT,1.098901099,MCCEF,0.684478033
Time Period Benchmark Comparison,Data,10/13/20,VT,-0.649810964,MCCEF,-0.356164883
Time Period Benchmark Comparison,Data,10/14/20,VT,-0.440004757,MCCEF,-0.335459695
Time Period Benchmark Comparison,Data,10/15/20,VT,-0.477783086,MCCEF,0.121215211
Time Period Benchmark Comparison,Data,10/16/20,VT,0.048007681,MCCEF,0.093217178
Time Period Benchmark Comparison,Data,10/19/20,VT,-0.947696737,MCCEF,-0.392376173
Time Period Benchmark Comparison,Data,10/20/20,VT,0.472326511,MCCEF,0.387865632
Time Period Benchmark Comparison,Data,10/21/20,VT,-0.253134041,MCCEF,-0.099722334
Time Period Benchmark Comparison,Data,10/22/20,VT,0.386706949,MCCEF,0.652779098
Time Period Benchmark Comparison,Data,10/23/20,VT,0.457445528,MCCEF,-0.116198371
Time Period Benchmark Comparison,Data,10/26/20,VT,-1.773517076,MCCEF,-0.882295575
Time Period Benchmark Comparison,Data,10/27/20,VT,-0.426985482,MCCEF,-0.628733022
Time Period Benchmark Comparison,Data,10/28/20,VT,-3.099730458,MCCEF,-1.594005581
Time Period Benchmark Comparison,Data,10/29/20,VT,0.872423821,MCCEF,0.150318831
Time Period Benchmark Comparison,Data,10/30/20,VT,-0.990223114,MCCEF,-0.352782825
Time Period Benchmark Comparison,Data,11/02/20,VT,1.240663375,MCCEF,0.394454002
Time Period Benchmark Comparison,Data,11/03/20,VT,1.888208078,MCCEF,1.153870842
Time Period Benchmark Comparison,Data,11/04/20,VT,1.877761414,MCCEF,0.35062625
Time Period Benchmark Comparison,Data,11/05/20,VT,2.120226479,MCCEF,1.4829851
Time Period Benchmark Comparison,Data,11/06/20,VT,0.117966262,MCCEF,-0.054507713
Time Period Benchmark Comparison,Data,11/09/20,VT,1.602450807,MCCEF,2.034864411
Time Period Benchmark Comparison,Data,11/10/20,VT,0.069581352,MCCEF,0.056676923
Time Period Benchmark Comparison,Data,11/11/20,VT,0.63738556,MCCEF,0.227752577
Time Period Benchmark Comparison,Data,11/12/20,VT,-1.059419622,MCCEF,-0.283984876
Time Period Benchmark Comparison,Data,11/13/20,VT,1.408286778,MCCEF,0.602983412
Time Period Benchmark Comparison,Data,11/16/20,VT,1.273958453,MCCEF,0.429223357
Time Period Benchmark Comparison,Data,11/17/20,VT,-0.203989121,MCCEF,-0.233210854
Time Period Benchmark Comparison,Data,11/18/20,VT,-0.863047922,MCCEF,-0.283729586
Time Period Benchmark Comparison,Data,11/19/20,VT,0.618556701,MCCEF,0.092714154
Time Period Benchmark Comparison,Data,11/20/20,VT,-0.159380692,MCCEF,-0.229858571
Time Period Benchmark Comparison,Data,11/23/20,VT,0.490307868,MCCEF,0.455375504
Time Period Benchmark Comparison,Data,11/24/20,VT,1.520481107,MCCEF,0.991805498
Time Period Benchmark Comparison,Data,11/25/20,VT,-0.156477031,MCCEF,0.085960327
Time Period Benchmark Comparison,Data,11/26/20,VT,0,MCCEF,0.065870342
Time Period Benchmark Comparison,Data,11/27/20,VT,0.492555692,MCCEF,0.164571197
Time Period Benchmark Comparison,Data,11/30/20,VT,-1.125097471,MCCEF,-0.191418992
Time Period Benchmark Comparison,Data,12/01/20,VT,1.487156377,MCCEF,0.658255907
Time Period Benchmark Comparison,Data,12/02/20,VT,0.06660746,MCCEF,0.197024449
Time Period Benchmark Comparison,Data,12/03/20,VT,0.33281562,MCCEF,0.070643682
Time Period Benchmark Comparison,Data,12/04/20,VT,0.961963733,MCCEF,0.565415611
Time Period Benchmark Comparison,Data,12/07/20,VT,-0.317599387,MCCEF,-0.189126833
Time Period Benchmark Comparison,Data,12/08/20,VT,0.318611294,MCCEF,0.278361542
Time Period Benchmark Comparison,Data,12/09/20,VT,-0.613295367,MCCEF,-0.145622556
Time Period Benchmark Comparison,Data,12/10/20,VT,0.286501377,MCCEF,0.079962416
Time Period Benchmark Comparison,Data,12/11/20,VT,-0.263707285,MCCEF,-0.253989421
Time Period Benchmark Comparison,Data,12/14/20,VT,-0.220337116,MCCEF,-0.157944487
Time Period Benchmark Comparison,Data,12/15/20,VT,1.291818483,MCCEF,0.746303802
Time Period Benchmark Comparison,Data,12/16/20,VT,0.239808153,MCCEF,0.184647022
Time Period Benchmark Comparison,Data,12/17/20,VT,0.641583297,MCCEF,0.458598383
Time Period Benchmark Comparison,Data,12/18/20,VT,-0.313344138,MCCEF,-0.017206799
Time Period Benchmark Comparison,Data,12/21/20,VT,-0.712768264,MCCEF,0.160266996
Time Period Benchmark Comparison,Data,12/22/20,VT,-0.098846787,MCCEF,-0.236360136
Time Period Benchmark Comparison,Data,12/23/20,VT,0.461741425,MCCEF,0.212412084
Time Period Benchmark Comparison,Data,12/24/20,VT,0.229809586,MCCEF,0.184303281
Time Period Benchmark Comparison,Data,12/25/20,VT,0,MCCEF,0
Time Period Benchmark Comparison,Data,12/28/20,VT,0.458565346,MCCEF,0.228599466
Time Period Benchmark Comparison,Data,12/29/20,VT,0.19563091,MCCEF,-0.30060819
Time Period Benchmark Comparison,Data,12/30/20,VT,0.347109231,MCCEF,0.188419381
Time Period Benchmark Comparison,Data,12/31/20,VT,0.075667495,MCCEF,0.70934746
Time Period Benchmark Comparison,Data,01/04/21,VT,-0.572477857,MCCEF,-0.559012945
Time Period Benchmark Comparison,Data,01/05/21,VT,1.097229766,MCCEF,0.281108165
Time Period Benchmark Comparison,Data,01/06/21,VT,0.709219858,MCCEF,0.498103397
Time Period Benchmark Comparison,Data,01/07/21,VT,1.013657704,MCCEF,2.146016931
Time Period Benchmark Comparison,Data,01/08/21,VT,0.908418718,MCCEF,-0.025063996
Time Period Benchmark Comparison,Data,01/11/21,VT,-0.900240762,MCCEF,0.242378065
Time Period Benchmark Comparison,Data,01/12/21,VT,0.3802683,MCCEF,-0.384006111
Time Period Benchmark Comparison,Data,01/13/21,VT,0.084183942,MCCEF,-0.038210818
Time Period Benchmark Comparison,Data,01/14/21,VT,0.168226264,MCCEF,0.614422567
Time Period Benchmark Comparison,Data,01/15/21,VT,-1.039151884,MCCEF,-0.433593909
Time Period Benchmark Comparison,Data,01/18/21,VT,0,MCCEF,-0.013489063
Time Period Benchmark Comparison,Data,01/19/21,VT,0.869749682,MCCEF,0.415103796
Time Period Benchmark Comparison,Data,01/20/21,VT,1.209253417,MCCEF,0.249071163
Time Period Benchmark Comparison,Data,01/21/21,VT,0.031168831,MCCEF,0.224085693
Time Period Benchmark Comparison,Data,01/22/21,VT,-0.467386789,MCCEF,-0.077145692
Time Period Benchmark Comparison,Data,01/25/21,VT,0.219138057,MCCEF,0.421897329
Time Period Benchmark Comparison,Data,01/26/21,VT,-0.29154519,MCCEF,0.174945839
Time Period Benchmark Comparison,Data,01/27/21,VT,-2.401837928,MCCEF,-0.533436728
Time Period Benchmark Comparison,Data,01/28/21,VT,0.81318211,MCCEF,-0.361029023
Time Period Benchmark Comparison,Data,01/29/21,VT,-1.963489705,MCCEF,-0.982950048
Time Period Benchmark Comparison,Data,02/01/21,VT,1.710512071,MCCEF,1.151937453
Time Period Benchmark Comparison,Data,02/02/21,VT,1.383714742,MCCEF,0.87404674
Time Period Benchmark Comparison,Data,02/03/21,VT,0.157480315,MCCEF,0.567811745
Time Period Benchmark Comparison,Data,02/04/21,VT,0.691823899,MCCEF,0.930964716
Time Period Benchmark Comparison,Data,02/05/21,VT,0.614199459,MCCEF,0.159949054
Time Period Benchmark Comparison,Data,02/08/21,VT,0.693222969,MCCEF,0.741406198
Time Period Benchmark Comparison,Data,02/09/21,VT,0.308261406,MCCEF,0.121000644
Time Period Benchmark Comparison,Data,02/10/21,VT,-0.010243802,MCCEF,-0.347936439
Time Period Benchmark Comparison,Data,02/11/21,VT,0.512242598,MCCEF,0.231805338
Time Period Benchmark Comparison,Data,02/12/21,VT,0.479054123,MCCEF,0.330727206
Time Period Benchmark Comparison,Data,02/15/21,VT,0,MCCEF,0.052596376
Time Period Benchmark Comparison,Data,02/16/21,VT,0.131872591,MCCEF,0.215866621
Time Period Benchmark Comparison,Data,02/17/21,VT,-0.324181947,MCCEF,-0.30210756
Time Period Benchmark Comparison,Data,02/18/21,VT,-0.538672629,MCCEF,-0.147213138
Time Period Benchmark Comparison,Data,02/19/21,VT,0.255466994,MCCEF,-0.116973514
Time Period Benchmark Comparison,Data,02/22/21,VT,-1.070227296,MCCEF,-0.152155282
Time Period Benchmark Comparison,Data,02/23/21,VT,0.185452298,MCCEF,0.00950705
Time Period Benchmark Comparison,Data,02/24/21,VT,0.637597696,MCCEF,0.884279983
Time Period Benchmark Comparison,Data,02/25/21,VT,-2.278765583,MCCEF,-0.964268432
Time Period Benchmark Comparison,Data,02/26/21,VT,-0.826100596,MCCEF,-0.61242852
Time Period Benchmark Comparison,Data,03/01/21,VT,2.372416702,MCCEF,1.675689717
Time Period Benchmark Comparison,Data,03/02/21,VT,-0.64888248,MCCEF,-0.961204479
Time Period Benchmark Comparison,Data,03/03/21,VT,-1.057433133,MCCEF,-0.769097481
Time Period Benchmark Comparison,Data,03/04/21,VT,-1.456412406,MCCEF,-1.089221256
Time Period Benchmark Comparison,Data,03/05/21,VT,1.371610845,MCCEF,0.908789566
Time Period Benchmark Comparison,Data,03/08/21,VT,-0.713236837,MCCEF,-0.99545219
Time Period Benchmark Comparison,Data,03/09/21,VT,1.552926262,MCCEF,1.898819486
Time Period Benchmark Comparison,Data,03/10/21,VT,0.468116093,MCCEF,0.380334078
Time Period Benchmark Comparison,Data,03/11/21,VT,1.283909712,MCCEF,1.676188103
Time Period Benchmark Comparison,Data,03/12/21,VT,0.010222858,MCCEF,0.188615283
Time Period Benchmark Comparison,Data,03/15/21,VT,0.419094347,MCCEF,0.696281612
Time Period Benchmark Comparison,Data,03/16/21,VT,-0.081433225,MCCEF,-0.552797855
Time Period Benchmark Comparison,Data,03/17/21,VT,0.427872861,MCCEF,0.712747328
Time Period Benchmark Comparison,Data,03/18/21,VT,-1.460742544,MCCEF,-1.16655995
Time Period Benchmark Comparison,Data,03/19/21,VT,0.102944204,MCCEF,-0.266699361
Time Period Benchmark Comparison,Data,03/22/21,VT,0.445392842,MCCEF,0.525170885
Time Period Benchmark Comparison,Data,03/23/21,VT,-1.242044755,MCCEF,-1.137214087
Time Period Benchmark Comparison,Data,03/24/21,VT,-0.800332606,MCCEF,-0.83305822
Time Period Benchmark Comparison,Data,03/25/21,VT,0.57627829,MCCEF,0.785288283
Time Period Benchmark Comparison,Data,03/26/21,VT,1.562662777,MCCEF,1.33959074
Time Period Benchmark Comparison,Data,03/29/21,VT,-0.379526105,MCCEF,-0.684911508
Time Period Benchmark Comparison,Data,03/30/21,VT,-0.020593081,MCCEF,0.057336427
Time Period Benchmark Comparison,Data,03/31/21,VT,0.195674562,MCCEF,0.690517508
Time Period Benchmark Comparison,Data,04/01/21,VT,1.31565423,MCCEF,0.872175186
Time Period Benchmark Comparison,Data,04/02/21,VT,0,MCCEF,-0.000154321
Time Period Benchmark Comparison,Data,04/05/21,VT,1.146393426,MCCEF,0.726497354
Time Period Benchmark Comparison,Data,04/06/21,VT,-0.210631896,MCCEF,-0.16947763
Time Period Benchmark Comparison,Data,04/07/21,VT,-0.150768921,MCCEF,-0.259591272
Time Period Benchmark Comparison,Data,04/08/21,VT,0.634185625,MCCEF,0.323433526
Time Period Benchmark Comparison,Data,04/09/21,VT,0.370111033,MCCEF,0.379637345
Time Period Benchmark Comparison,Data,04/12/21,VT,-0.209288419,MCCEF,-0.580870754
Time Period Benchmark Comparison,Data,04/13/21,VT,0.379506641,MCCEF,0.233735808
Time Period Benchmark Comparison,Data,04/14/21,VT,-0.039797035,MCCEF,-0.159153489
Time Period Benchmark Comparison,Data,04/15/21,VT,0.965462327,MCCEF,-0.044997608
Time Period Benchmark Comparison,Data,04/16/21,VT,0.384463722,MCCEF,0.283123017
Time Period Benchmark Comparison,Data,04/19/21,VT,-0.451733281,MCCEF,-0.634129194
Time Period Benchmark Comparison,Data,04/20/21,VT,-1.124593075,MCCEF,-0.299991297
Time Period Benchmark Comparison,Data,04/21/21,VT,1.017659383,MCCEF,1.075372052
Time Period Benchmark Comparison,Data,04/22/21,VT,-0.632098765,MCCEF,-0.631643568
Time Period Benchmark Comparison,Data,04/23/21,VT,1.162906272,MCCEF,0.914703448
Time Period Benchmark Comparison,Data,04/26/21,VT,0.29475339,MCCEF,0.431037378
Time Period Benchmark Comparison,Data,04/27/21,VT,-0.107758621,MCCEF,-0.001815879
Time Period Benchmark Comparison,Data,04/28/21,VT,0.186329313,MCCEF,-0.105748546
Time Period Benchmark Comparison,Data,04/29/21,VT,0.22513704,MCCEF,0.290320076
Time Period Benchmark Comparison,Data,04/30/21,VT,-1.054790507,MCCEF,-0.635617104
Time Period Benchmark Comparison,Data,05/03/21,VT,0.463922614,MCCEF,-0.157522899
Time Period Benchmark Comparison,Data,05/04/21,VT,-0.972686186,MCCEF,-0.782157469
Time Period Benchmark Comparison,Data,05/05/21,VT,0.446472864,MCCEF,-0.013137734
Time Period Benchmark Comparison,Data,05/06/21,VT,0.661793757,MCCEF,0.270436051
Time Period Benchmark Comparison,Data,05/07/21,VT,0.942007654,MCCEF,0.688655611
Time Period Benchmark Comparison,Data,05/10/21,VT,-1.010984738,MCCEF,-1.093050763
Time Period Benchmark Comparison,Data,05/11/21,VT,-0.874005696,MCCEF,1.34114271
Time Period Benchmark Comparison,Data,05/12/21,VT,-2.159698831,MCCEF,-1.647401143
Time Period Benchmark Comparison,Data,05/13/21,VT,0.931551235,MCCEF,0.526519116
Time Period Benchmark Comparison,Data,05/14/21,VT,1.615168539,MCCEF,1.63928093
Time Period Benchmark Comparison,Data,05/17/21,VT,-0.197452858,MCCEF,0.231485976
Time Period Benchmark Comparison,Data,05/18/21,VT,-0.178059155,MCCEF,0.04495876
Time Period Benchmark Comparison,Data,05/19/21,VT,-0.525220494,MCCEF,-0.243173616
Time Period Benchmark Comparison,Data,05/20/21,VT,1.145646543,MCCEF,0.748653579
Time Period Benchmark Comparison,Data,05/21/21,VT,-0.137890279,MCCEF,0.505830997
Time Period Benchmark Comparison,Data,05/24/21,VT,0.798895355,MCCEF,0.56539126
Time Period Benchmark Comparison,Data,05/25/21,VT,0.019569472,MCCEF,-0.314796809
Time Period Benchmark Comparison,Data,05/26/21,VT,0.244570534,MCCEF,0.508057608
Time Period Benchmark Comparison,Data,05/27/21,VT,0.146384308,MCCEF,0.208912305
Time Period Benchmark Comparison,Data,05/28/21,VT,0.282595985,MCCEF,-0.216589201
Time Period Benchmark Comparison,Data,05/31/21,VT,0,MCCEF,-0.02499167
Time Period Benchmark Comparison,Data,06/01/21,VT,0.378971917,MCCEF,-0.155204356
Time Period Benchmark Comparison,Data,06/02/21,VT,0.145208132,MCCEF,0.820372468
Time Period Benchmark Comparison,Data,06/03/21,VT,-0.550990817,MCCEF,-0.354644081
Time Period Benchmark Comparison,Data,06/04/21,VT,0.952566096,MCCEF,0.353887684
Time Period Benchmark Comparison,Data,06/07/21,VT,0.067398421,MCCEF,0.131071596
Time Period Benchmark Comparison,Data,06/08/21,VT,-0.028865583,MCCEF,-0.01322685
Time Period Benchmark Comparison,Data,06/09/21,VT,-0.259865255,MCCEF,-0.274099539
Time Period Benchmark Comparison,Data,06/10/21,VT,0.492135482,MCCEF,0.056715551
Time Period Benchmark Comparison,Data,06/11/21,VT,0.182446706,MCCEF,0.173466039
Time Period Benchmark Comparison,Data,06/14/21,VT,0.172529474,MCCEF,-0.125064187
Time Period Benchmark Comparison,Data,06/15/21,VT,-0.200937709,MCCEF,-0.476662972
Time Period Benchmark Comparison,Data,06/16/21,VT,-0.651965484,MCCEF,-0.104188309
Time Period Benchmark Comparison,Data,06/17/21,VT,-0.260567458,MCCEF,-0.221651301
Time Period Benchmark Comparison,Data,06/18/21,VT,-1.480406386,MCCEF,-0.925380712
Time Period Benchmark Comparison,Data,06/21/21,VT,1.369966608,MCCEF,1.000144841
Time Period Benchmark Comparison,Data,06/22/21,VT,0.253139908,MCCEF,1.702310946
Time Period Benchmark Comparison,Data,06/23/21,VT,-0.145673497,MCCEF,0.175160056
Time Period Benchmark Comparison,Data,06/24/21,VT,0.729430072,MCCEF,0.536516456
Time Period Benchmark Comparison,Data,06/25/21,VT,0.395867529,MCCEF,0.507676066
Time Period Benchmark Comparison,Data,06/28/21,VT,-0.105789575,MCCEF,0.134677641
Time Period Benchmark Comparison,Data,06/29/21,VT,0.019254838,MCCEF,-0.304772988
Time Period Benchmark Comparison,Data,06/30/21,VT,-0.269515834,MCCEF,0.294901947
Time Period Benchmark Comparison,Data,07/01/21,VT,0.366759965,MCCEF,-0.00276786
Time Period Benchmark Comparison,Data,07/02/21,VT,0.423117607,MCCEF,-0.255153561
Time Period Benchmark Comparison,Data,07/05/21,VT,0,MCCEF,-0.003122155
Time Period Benchmark Comparison,Data,07/06/21,VT,-0.507516997,MCCEF,-0.475648155
Time Period Benchmark Comparison,Data,07/07/21,VT,0.250240616,MCCEF,-0.145815719
Time Period Benchmark Comparison,Data,07/08/21,VT,-1.142473118,MCCEF,-0.655684357
Time Period Benchmark Comparison,Data,07/09/21,VT,1.476158104,MCCEF,0.936631759
Time Period Benchmark Comparison,Data,07/12/21,VT,0.239257345,MCCEF,-0.20208327
Time Period Benchmark Comparison,Data,07/13/21,VT,-0.467825091,MCCEF,-0.474515416
Time Period Benchmark Comparison,Data,07/14/21,VT,0.076738609,MCCEF,-0.346844534
Time Period Benchmark Comparison,Data,07/15/21,VT,-0.431323684,MCCEF,-0.358496338
Time Period Benchmark Comparison,Data,07/16/21,VT,-0.770119369,MCCEF,-1.003623706
Time Period Benchmark Comparison,Data,07/19/21,VT,-1.51338766,MCCEF,-0.846955039
Time Period Benchmark Comparison,Data,07/20/21,VT,1.201733649,MCCEF,1.068282027
Time Period Benchmark Comparison,Data,07/21/21,VT,1.021997275,MCCEF,0.638900467
Time Period Benchmark Comparison,Data,07/22/21,VT,0.105983235,MCCEF,-0.599591728
Time Period Benchmark Comparison,Data,07/23/21,VT,0.654475457,MCCEF,0.098201714
Time Period Benchmark Comparison,Data,07/26/21,VT,-0.114744693,MCCEF,0.003616899
Time Period Benchmark Comparison,Data,07/27/21,VT,-0.650966877,MCCEF,-0.418527684
Time Period Benchmark Comparison,Data,07/28/21,VT,0.529967238,MCCEF,0.597350301
Time Period Benchmark Comparison,Data,07/29/21,VT,0.488833509,MCCEF,0.437973578
Time Period Benchmark Comparison,Data,07/30/21,VT,-0.562762304,MCCEF,-0.304711494
Time Period Benchmark Comparison,Data,08/02/21,VT,0.076738609,MCCEF,-0.242160409
Time Period Benchmark Comparison,Data,08/03/21,VT,0.738042749,MCCEF,0.121411375
Time Period Benchmark Comparison,Data,08/04/21,VT,-0.323501427,MCCEF,-0.304611783
Time Period Benchmark Comparison,Data,08/05/21,VT,0.496372661,MCCEF,0.860909335
Time Period Benchmark Comparison,Data,08/06/21,VT,-0.085486322,MCCEF,0.553022958
Time Period Benchmark Comparison,Data,08/09/21,VT,-0.047533035,MCCEF,0.217517292
Time Period Benchmark Comparison,Data,08/10/21,VT,0.076089024,MCCEF,1.235984461
Time Period Benchmark Comparison,Data,08/11/21,VT,0.399163657,MCCEF,0.316476653
Time Period Benchmark Comparison,Data,08/12/21,VT,0,MCCEF,-0.131352193
Time Period Benchmark Comparison,Data,08/13/21,VT,0.227186672,MCCEF,-0.52024618
Time Period Benchmark Comparison,Data,08/16/21,VT,-0.226671704,MCCEF,-0.297763213
Time Period Benchmark Comparison,Data,08/17/21,VT,-0.937145021,MCCEF,-0.461280644
Time Period Benchmark Comparison,Data,08/18/21,VT,-0.668896321,MCCEF,-0.376227152
Time Period Benchmark Comparison,Data,08/19/21,VT,-0.519480519,MCCEF,-0.469566096
Time Period Benchmark Comparison,Data,08/20/21,VT,0.609225413,MCCEF,0.348689578
Time Period Benchmark Comparison,Data,08/23/21,VT,1.047673972,MCCEF,0.74451103
Time Period Benchmark Comparison,Data,08/24/21,VT,0.542185865,MCCEF,0.327517856
Time Period Benchmark Comparison,Data,08/25/21,VT,0.179754021,MCCEF,0.407510851
Time Period Benchmark Comparison,Data,08/26/21,VT,-0.661063368,MCCEF,-0.541906374
Time Period Benchmark Comparison,Data,08/27/21,VT,1.064739994,MCCEF,0.628359103
Time Period Benchmark Comparison,Data,08/30/21,VT,0.235161321,MCCEF,-0.157122629
Time Period Benchmark Comparison,Data,08/31/21,VT,0.046921922,MCCEF,0.123319132
Time Period Benchmark Comparison,Data,09/01/21,VT,0.487759122,MCCEF,0.011899844
Time Period Benchmark Comparison,Data,09/02/21,VT,0.308036964,MCCEF,0.130608453
Time Period Benchmark Comparison,Data,09/03/21,VT,0.176809976,MCCEF,-0.100561242
Time Period Benchmark Comparison,Data,09/06/21,VT,0,MCCEF,0.02157462
Time Period Benchmark Comparison,Data,09/07/21,VT,-0.269391547,MCCEF,0.050553705
Time Period Benchmark Comparison,Data,09/08/21,VT,-0.502980626,MCCEF,-0.559768036
Time Period Benchmark Comparison,Data,09/09/21,VT,-0.262123198,MCCEF,-0.052320748
Time Period Benchmark Comparison,Data,09/10/21,VT,-0.506851887,MCCEF,-0.589047707
Time Period Benchmark Comparison,Data,09/13/21,VT,0.358490566,MCCEF,0.083947805
Time Period Benchmark Comparison,Data,09/14/21,VT,-0.592216582,MCCEF,-0.516214881
Time Period Benchmark Comparison,Data,09/15/21,VT,0.605200946,MCCEF,0.402066718
Time Period Benchmark Comparison,Data,09/16/21,VT,-0.225585111,MCCEF,0.153318432
Time Period Benchmark Comparison,Data,09/17/21,VT,-0.989166274,MCCEF,-0.317729994
Time Period Benchmark Comparison,Data,09/20/21,VT,-1.796384396,MCCEF,-1.478750673
Time Period Benchmark Comparison,Data,09/21/21,VT,0.311284047,MCCEF,-0.24812736
Time Period Benchmark Comparison,Data,09/22/21,VT,0.960046548,MCCEF,0.826140704
Time Period Benchmark Comparison,Data,09/23/21,VT,1.123811353,MCCEF,1.353999918
Time Period Benchmark Comparison,Data,09/24/21,VT,-0.360942249,MCCEF,0.203964407
Time Period Benchmark Comparison,Data,09/27/21,VT,-0.066730219,MCCEF,0.519466089
Time Period Benchmark Comparison,Data,09/28/21,VT,-2.079557379,MCCEF,-0.775402178
Time Period Benchmark Comparison,Data,09/29/21,VT,-0.116902094,MCCEF,-0.135799144
Time Period Benchmark Comparison,Data,09/30/21,VT,-0.682727007,MCCEF,-0.747795867
Time Period Benchmark Comparison,Data,10/01/21,VT,0.805263675,MCCEF,0.946193327
Time Period Benchmark Comparison,Data,10/04/21,VT,-1.169020945,MCCEF,-0.993894195
Time Period Benchmark Comparison,Data,10/05/21,VT,0.778708724,MCCEF,0.844517358
Time Period Benchmark Comparison,Data,10/06/21,VT,0,MCCEF,0.321197978
Time Period Benchmark Comparison,Data,10/07/21,VT,0.987871674,MCCEF,0.786397489
Time Period Benchmark Comparison,Data,10/08/21,VT,-0.0968523,MCCEF,0.021561863
Time Period Benchmark Comparison,Data,10/11/21,VT,-0.523509452,MCCEF,-0.6171573
Time Period Benchmark Comparison,Data,10/12/21,VT,-0.077965111,MCCEF,-0.280717432
Time Period Benchmark Comparison,Data,10/13/21,VT,0.711986736,MCCEF,0.114796975
Time Period Benchmark Comparison,Data,10/14/21,VT,1.384853767,MCCEF,1.314325127
Time Period Benchmark Comparison,Data,10/15/21,VT,0.706848792,MCCEF,0.598772557
Time Period Benchmark Comparison,Data,10/18/21,VT,0.094849663,MCCEF,0.088917483
Time Period Benchmark Comparison,Data,10/19/21,VT,0.720174358,MCCEF,0.780551852
Time Period Benchmark Comparison,Data,10/20/21,VT,0.366920689,MCCEF,0.135351522
Time Period Benchmark Comparison,Data,10/21/21,VT,-0.046869141,MCCEF,-0.222266567
Time Period Benchmark Comparison,Data,10/22/21,VT,0.056269343,MCCEF,-0.068503474
Time Period Benchmark Comparison,Data,10/25/21,VT,0.328053238,MCCEF,0.620468769
Time Period Benchmark Comparison,Data,10/26/21,VT,-0.04671151,MCCEF,-0.062457882
Time Period Benchmark Comparison,Data,10/27/21,VT,-0.588840079,MCCEF,-1.201999757
Time Period Benchmark Comparison,Data,10/28/21,VT,0.902594961,MCCEF,0.628542537
Time Period Benchmark Comparison,Data,10/29/21,VT,-0.232948192,MCCEF,-0.38341378
Time Period Benchmark Comparison,Data,11/01/21,VT,0.616419165,MCCEF,0.623230192
Time Period Benchmark Comparison,Data,11/02/21,VT,0.018564931,MCCEF,0.049003118
Time Period Benchmark Comparison,Data,11/03/21,VT,0.668213457,MCCEF,-0.005932307
Time Period Benchmark Comparison,Data,11/04/21,VT,0.165944501,MCCEF,-0.171683497
Time Period Benchmark Comparison,Data,11/05/21,VT,0.322135297,MCCEF,0.317115526
Time Period Benchmark Comparison,Data,11/08/21,VT,0.211009174,MCCEF,0.508366934
Time Period Benchmark Comparison,Data,11/09/21,VT,-0.274649821,MCCEF,-1.368801069
Time Period Benchmark Comparison,Data,11/10/21,VT,-0.963921785,MCCEF,-0.188525937
Time Period Benchmark Comparison,Data,11/11/21,VT,0.315164998,MCCEF,-0.204199594
Time Period Benchmark Comparison,Data,11/12/21,VT,0.665311403,MCCEF,0.607390935
Time Period Benchmark Comparison,Data,11/15/21,VT,-0.055076189,MCCEF,0.04463668
Time Period Benchmark Comparison,Data,11/16/21,VT,0.174504041,MCCEF,-0.073396017
Time Period Benchmark Comparison,Data,11/17/21,VT,-0.366736958,MCCEF,-0.889401732
Time Period Benchmark Comparison,Data,11/18/21,VT,0.036808687,MCCEF,-0.453376803
Time Period Benchmark Comparison,Data,11/19/21,VT,-0.450740502,MCCEF,-0.692934594
Time Period Benchmark Comparison,Data,11/22/21,VT,-0.572907041,MCCEF,-0.300337683
Time Period Benchmark Comparison,Data,11/23/21,VT,-0.018587361,MCCEF,0.591269917
Time Period Benchmark Comparison,Data,11/24/21,VT,0.055772448,MCCEF,0.293096614
Time Period Benchmark Comparison,Data,11/25/21,VT,0,MCCEF,0.035969652
Time Period Benchmark Comparison,Data,11/26/21,VT,-2.517651431,MCCEF,-1.793114864
Time Period Benchmark Comparison,Data,11/29/21,VT,0.886305156,MCCEF,0.120023216
Time Period Benchmark Comparison,Data,11/30/21,VT,-1.501983752,MCCEF,-1.491378892
Time Period Benchmark Comparison,Data,12/01/21,VT,-1.054953486,MCCEF,-0.824316209
Time Period Benchmark Comparison,Data,12/02/21,VT,1.541145682,MCCEF,1.402682199
Time Period Benchmark Comparison,Data,12/03/21,VT,-0.925925926,MCCEF,-0.655117443
Time Period Benchmark Comparison,Data,12/06/21,VT,1.098371712,MCCEF,1.035011011
Time Period Benchmark Comparison,Data,12/07/21,VT,2.068045364,MCCEF,1.495755579
Time Period Benchmark Comparison,Data,12/08/21,VT,0.373482726,MCCEF,0.329817012
Time Period Benchmark Comparison,Data,12/09/21,VT,-0.893023256,MCCEF,-0.410639404
Time Period Benchmark Comparison,Data,12/10/21,VT,0.506851887,MCCEF,0.239759716
Time Period Benchmark Comparison,Data,12/13/21,VT,-1.008591707,MCCEF,-0.632871741
Time Period Benchmark Comparison,Data,12/14/21,VT,-0.622641509,MCCEF,-0.064030846
Time Period Benchmark Comparison,Data,12/15/21,VT,1.262578318,MCCEF,0.488947802
Time Period Benchmark Comparison,Data,12/16/21,VT,-0.562482422,MCCEF,0.199102951
Time Period Benchmark Comparison,Data,12/17/21,VT,-0.914490431,MCCEF,-0.429749371
Time Period Benchmark Comparison,Data,12/20/21,VT,-0.908658421,MCCEF,-0.853920418
Time Period Benchmark Comparison,Data,12/21/21,VT,1.693111455,MCCEF,1.422904329
Time Period Benchmark Comparison,Data,12/22/21,VT,0.922842736,MCCEF,0.473994903
Time Period Benchmark Comparison,Data,12/23/21,VT,0.641025641,MCCEF,0.429284675
Time Period Benchmark Comparison,Data,12/24/21,VT,0,MCCEF,-0.000924258
Time Period Benchmark Comparison,Data,12/27/21,VT,1.058448857,MCCEF,0.423056905
Time Period Benchmark Comparison,Data,12/28/21,VT,-0.111224395,MCCEF,-0.00602575
Time Period Benchmark Comparison,Data,12/29/21,VT,0.037116081,MCCEF,0.052848897
Time Period Benchmark Comparison,Data,12/30/21,VT,-0.083480197,MCCEF,0.080940396
Time Period Benchmark Comparison,Data,12/31/21,VT,-0.269216487,MCCEF,-0.256848911
Time Period Benchmark Comparison,Data,01/03/22,VT,0.577119985,MCCEF,0.90010697
Time Period Benchmark Comparison,Data,01/04/22,VT,0.037019898,MCCEF,0.461237938
Time Period Benchmark Comparison,Data,01/05/22,VT,-1.702285133,MCCEF,-0.995625539
Time Period Benchmark Comparison,Data,01/06/22,VT,-0.094117647,MCCEF,-0.082430343
Time Period Benchmark Comparison,Data,01/07/22,VT,-0.141309468,MCCEF,0.314107422
Time Period Benchmark Comparison,Data,01/10/22,VT,-0.330188679,MCCEF,-0.465732665
Time Period Benchmark Comparison,Data,01/11/22,VT,1.154756271,MCCEF,0.632492481
Time Period Benchmark Comparison,Data,01/12/22,VT,0.552072612,MCCEF,-0.046938555
Time Period Benchmark Comparison,Data,01/13/22,VT,-1.237669831,MCCEF,-0.573259217
Time Period Benchmark Comparison,Data,01/14/22,VT,-0.009422406,MCCEF,-0.102377267
Time Period Benchmark Comparison,Data,01/17/22,VT,0,MCCEF,0.050593024
Time Period Benchmark Comparison,Data,01/18/22,VT,-1.715039578,MCCEF,-1.081215756
Time Period Benchmark Comparison,Data,01/19/22,VT,-0.565675935,MCCEF,-0.379563564
Time Period Benchmark Comparison,Data,01/20/22,VT,-0.819593096,MCCEF,-0.497474463
Time Period Benchmark Comparison,Data,01/21/22,VT,-1.701341629,MCCEF,-1.422267324
Time Period Benchmark Comparison,Data,01/24/22,VT,-0.128572841,MCCEF,-0.4584567
Time Period Benchmark Comparison,Data,01/25/22,VT,-0.990295108,MCCEF,-0.384707295
Time Period Benchmark Comparison,Data,01/26/22,VT,-0.450090018,MCCEF,-0.168957736
Time Period Benchmark Comparison,Data,01/27/22,VT,-0.753541646,MCCEF,-0.219300875
Time Period Benchmark Comparison,Data,01/28/22,VT,1.650131606,MCCEF,1.008633254
Time Period Benchmark Comparison,Data,01/31/22,VT,2.091425157,MCCEF,1.345811212
Time Period Benchmark Comparison,Data,02/01/22,VT,0.790166813,MCCEF,0.621654179
Time Period Benchmark Comparison,Data,02/02/22,VT,0.590398761,MCCEF,-0.119181778
Time Period Benchmark Comparison,Data,02/03/22,VT,-1.933994034,MCCEF,-1.272592859
Time Period Benchmark Comparison,Data,02/04/22,VT,0.441522763,MCCEF,0.653995812
Time Period Benchmark Comparison,Data,02/07/22,VT,-0.117221842,MCCEF,-0.231785996
Time Period Benchmark Comparison,Data,02/08/22,VT,0.762836186,MCCEF,0.532062353
Time Period Benchmark Comparison,Data,02/09/22,VT,1.630593031,MCCEF,0.965968125
Time Period Benchmark Comparison,Data,02/10/22,VT,-1.442078121,MCCEF,-0.800430823
Time Period Benchmark Comparison,Data,02/11/22,VT,-1.734496124,MCCEF,-1.024054772
Time Period Benchmark Comparison,Data,02/14/22,VT,-0.502908983,MCCEF,-0.513241778
Time Period Benchmark Comparison,Data,02/15/22,VT,1.754212091,MCCEF,1.095323101
Time Period Benchmark Comparison,Data,02/16/22,VT,0.301938249,MCCEF,-0.118393985
Time Period Benchmark Comparison,Data,02/17/22,VT,-1.932414061,MCCEF,-1.392280188
Time Period Benchmark Comparison,Data,02/18/22,VT,-0.703039905,MCCEF,-0.40113248
Time Period Benchmark Comparison,Data,02/21/22,VT,0,MCCEF,-0.042200268
Time Period Benchmark Comparison,Data,02/22/22,VT,-1.186677304,MCCEF,-0.648068378
Time Period Benchmark Comparison,Data,02/23/22,VT,-1.392673327,MCCEF,-1.16023805
Time Period Benchmark Comparison,Data,02/24/22,VT,0.419609047,MCCEF,0.625711884
Time Period Benchmark Comparison,Data,02/25/22,VT,2.21157766,MCCEF,1.669293699
Time Period Benchmark Comparison,Data,02/28/22,VT,-0.618207199,MCCEF,-0.628084459
Time Period Benchmark Comparison,Data,03/01/22,VT,-1.665496137,MCCEF,-1.613198162
Time Period Benchmark Comparison,Data,03/02/22,VT,1.489643914,MCCEF,1.293773514
Time Period Benchmark Comparison,Data,03/03/22,VT,-1.045541369,MCCEF,-0.866292537
Time Period Benchmark Comparison,Data,03/04/22,VT,-1.462968607,MCCEF,-1.304108248
Time Period Benchmark Comparison,Data,03/07/22,VT,-3.185895453,MCCEF,-1.924744114
Time Period Benchmark Comparison,Data,03/08/22,VT,-0.106496273,MCCEF,-0.187351881
Time Period Benchmark Comparison,Data,03/09/22,VT,3.017057569,MCCEF,2.233531134
Time Period Benchmark Comparison,Data,03/10/22,VT,-0.776156473,MCCEF,-0.489969425
Time Period Benchmark Comparison,Data,03/11/22,VT,-1.272423863,MCCEF,-0.741327201
Time Period Benchmark Comparison,Data,03/14/22,VT,-0.62328333,MCCEF,-0.184326552
Time Period Benchmark Comparison,Data,03/15/22,VT,1.583926863,MCCEF,1.14813238
Time Period Benchmark Comparison,Data,03/16/22,VT,3.170782754,MCCEF,1.743462833
Time Period Benchmark Comparison,Data,03/17/22,VT,1.044730703,MCCEF,0.53760669
Time Period Benchmark Comparison,Data,03/18/22,VT,1.064043365,MCCEF,0.638340625
Time Period Benchmark Comparison,Data,03/21/22,VT,-0.251092571,MCCEF,-0.40833583
Time Period Benchmark Comparison,Data,03/22/22,VT,1.138065289,MCCEF,0.789658821
Time Period Benchmark Comparison,Data,03/23/22,VT,-1.223966045,MCCEF,-0.999354917
Time Period Benchmark Comparison,Data,03/24/22,VT,1.129209553,MCCEF,0.586417014
Time Period Benchmark Comparison,Data,03/25/22,VT,0.227272727,MCCEF,0.288032207
Time Period Benchmark Comparison,Data,03/28/22,VT,0.32534753,MCCEF,0.300995583
Time Period Benchmark Comparison,Data,03/29/22,VT,1.621462264,MCCEF,1.057529705
Time Period Benchmark Comparison,Data,03/30/22,VT,-0.551203945,MCCEF,-0.462511208
Time Period Benchmark Comparison,Data,03/31/22,VT,-1.507195644,MCCEF,-0.914882343
Time Period Benchmark Comparison,Data,04/01/22,VT,0.641721789,MCCEF,-0.034299252
Time Period Benchmark Comparison,Data,04/04/22,VT,0.814204434,MCCEF,0.369529118
Time Period Benchmark Comparison,Data,04/05/22,VT,-1.440108981,MCCEF,-0.884851796
Time Period Benchmark Comparison,Data,04/06/22,VT,-1.115608648,MCCEF,-0.73383087
Time Period Benchmark Comparison,Data,04/07/22,VT,0.229632588,MCCEF,-0.176773207
Time Period Benchmark Comparison,Data,04/08/22,VT,-0.239067636,MCCEF,-0.045468475
Time Period Benchmark Comparison,Data,04/11/22,VT,-1.397903145,MCCEF,-0.413704
Time Period Benchmark Comparison,Data,04/12/22,VT,-0.415189873,MCCEF,-0.472191337
Time Period Benchmark Comparison,Data,04/13/22,VT,1.230425056,MCCEF,0.225621938
Time Period Benchmark Comparison,Data,04/14/22,VT,-0.954294324,MCCEF,-0.784574574
Time Period Benchmark Comparison,Data,04/15/22,VT,0,MCCEF,-0.000705244
Time Period Benchmark Comparison,Data,04/18/22,VT,-0.283975659,MCCEF,0.240054821
Time Period Benchmark Comparison,Data,04/19/22,VT,1.13913751,MCCEF,0.971861722
Time Period Benchmark Comparison,Data,04/20/22,VT,0.080450523,MCCEF,0.117711417
Time Period Benchmark Comparison,Data,04/21/22,VT,-1.52733119,MCCEF,-0.531560731
Time Period Benchmark Comparison,Data,04/22/22,VT,-2.265306122,MCCEF,-1.459654816
Time Period Benchmark Comparison,Data,04/25/22,VT,0.114846523,MCCEF,0.055422413
Time Period Benchmark Comparison,Data,04/26/22,VT,-2.732297424,MCCEF,-1.668777983
Time Period Benchmark Comparison,Data,04/27/22,VT,0.375254637,MCCEF,-0.032844769
Time Period Benchmark Comparison,Data,04/28/22,VT,2.072206793,MCCEF,1.02189489
Time Period Benchmark Comparison,Data,04/29/22,VT,-2.584763499,MCCEF,-1.330846178
Time Period Benchmark Comparison,Data,05/02/22,VT,0.322268772,MCCEF,0.639111083
Time Period Benchmark Comparison,Data,05/03/22,VT,0.535389228,MCCEF,0.887169783
Time Period Benchmark Comparison,Data,05/04/22,VT,2.396421344,MCCEF,1.44157156
Time Period Benchmark Comparison,Data,05/05/22,VT,-3.411691284,MCCEF,-1.574993303
Time Period Benchmark Comparison,Data,05/06/22,VT,-0.990738747,MCCEF,-0.591605273
Time Period Benchmark Comparison,Data,05/09/22,VT,-3.317380901,MCCEF,-1.636032288
Time Period Benchmark Comparison,Data,05/10/22,VT,0.348745641,MCCEF,0.038502905
Time Period Benchmark Comparison,Data,05/11/22,VT,-1.278026906,MCCEF,-0.806437663
Time Period Benchmark Comparison,Data,05/12/22,VT,-0.147626618,MCCEF,-0.218330125
Time Period Benchmark Comparison,Data,05/13/22,VT,2.763561924,MCCEF,1.276425968
Time Period Benchmark Comparison,Data,05/16/22,VT,-0.320938468,MCCEF,-0.263382131
Time Period Benchmark Comparison,Data,05/17/22,VT,2.065060508,MCCEF,1.42942111
Time Period Benchmark Comparison,Data,05/18/22,VT,-3.328619602,MCCEF,-1.282586848
Time Period Benchmark Comparison,Data,05/19/22,VT,0.258804996,MCCEF,-0.361986473
Time Period Benchmark Comparison,Data,05/20/22,VT,0.280583614,MCCEF,-0.131965185
Time Period Benchmark Comparison,Data,05/23/22,VT,1.566871852,MCCEF,1.278518555
Time Period Benchmark Comparison,Data,05/24/22,VT,-0.848484848,MCCEF,-0.09994826
Time Period Benchmark Comparison,Data,05/25/22,VT,0.711269171,MCCEF,0.366059413
Time Period Benchmark Comparison,Data,05/26/22,VT,1.688369013,MCCEF,0.767189713
Time Period Benchmark Comparison,Data,05/27/22,VT,2.018448182,MCCEF,0.779850628
Time Period Benchmark Comparison,Data,05/30/22,VT,0,MCCEF,0.070975084
Time Period Benchmark Comparison,Data,05/31/22,VT,-0.489309648,MCCEF,-0.224361532
Time Period Benchmark Comparison,Data,06/01/22,VT,-0.748262961,MCCEF,-0.33105057
Time Period Benchmark Comparison,Data,06/02/22,VT,2.024771136,MCCEF,0.471469182
Time Period Benchmark Comparison,Data,06/03/22,VT,-1.604560329,MCCEF,-0.183405844
Time Period Benchmark Comparison,Data,06/06/22,VT,0.386224654,MCCEF,-0.008677101
Time Period Benchmark Comparison,Data,06/07/22,VT,0.737415838,MCCEF,0.192031064
Time Period Benchmark Comparison,Data,06/08/22,VT,-0.986632718,MCCEF,-0.485161298
Time Period Benchmark Comparison,Data,06/09/22,VT,-2.260795028,MCCEF,-0.925584166
Time Period Benchmark Comparison,Data,06/10/22,VT,-2.620039465,MCCEF,-1.151541182
Time Period Benchmark Comparison,Data,06/13/22,VT,-3.72621862,MCCEF,-1.461532264
Time Period Benchmark Comparison,Data,06/14/22,VT,-0.315715622,MCCEF,-0.13120279
Time Period Benchmark Comparison,Data,06/15/22,VT,1.583577713,MCCEF,0.62058448
Time Period Benchmark Comparison,Data,06/16/22,VT,-3.140877598,MCCEF,-0.979425243
Time Period Benchmark Comparison,Data,06/17/22,VT,0.107296137,MCCEF,0.025342122
Time Period Benchmark Comparison,Data,06/20/22,VT,0,MCCEF,0.058333653
Time Period Benchmark Comparison,Data,06/21/22,VT,2.081457663,MCCEF,0.60285552
Time Period Benchmark Comparison,Data,06/22/22,VT,-0.563909774,MCCEF,-0.130632071
Time Period Benchmark Comparison,Data,06/23/22,VT,0.602551985,MCCEF,-0.448279619
Time Period Benchmark Comparison,Data,06/24/22,VT,3.00645919,MCCEF,0.752875951
Time Period Benchmark Comparison,Data,06/27/22,VT,-0.250826588,MCCEF,0.123848265
Time Period Benchmark Comparison,Data,06/28/22,VT,-1.417304835,MCCEF,-0.109927258
Time Period Benchmark Comparison,Data,06/29/22,VT,-0.301449275,MCCEF,-0.27387642
Time Period Benchmark Comparison,Data,06/30/22,VT,-0.755901849,MCCEF,-0.347890785
Time Period Benchmark Comparison,Data,07/01/22,VT,0.621045231,MCCEF,0.078329435
Time Period Benchmark Comparison,Data,07/04/22,VT,0,MCCEF,-0.021044664
Time Period Benchmark Comparison,Data,07/05/22,VT,-0.52404798,MCCEF,-0.409014381
Time Period Benchmark Comparison,Data,07/06/22,VT,0.058534301,MCCEF,-0.228865969
Time Period Benchmark Comparison,Data,07/07/22,VT,1.591201591,MCCEF,0.621932754
Time Period Benchmark Comparison,Data,07/08/22,VT,-0.034550271,MCCEF,0.079955408
Time Period Benchmark Comparison,Data,07/11/22,VT,-1.486175115,MCCEF,-0.275528328
Time Period Benchmark Comparison,Data,07/12/22,VT,-0.573032394,MCCEF,-0.180356963
Time Period Benchmark Comparison,Data,07/13/22,VT,-0.352858151,MCCEF,-0.08857243
Time Period Benchmark Comparison,Data,07/14/22,VT,-0.767233239,MCCEF,-0.43816949
Time Period Benchmark Comparison,Data,07/15/22,VT,1.677173784,MCCEF,1.33191651
Time Period Benchmark Comparison,Data,07/18/22,VT,-0.175479644,MCCEF,-0.016184419
Time Period Benchmark Comparison,Data,07/19/22,VT,2.554787296,MCCEF,1.005364836
Time Period Benchmark Comparison,Data,07/20/22,VT,0.331390698,MCCEF,-0.149557
Time Period Benchmark Comparison,Data,07/21/22,VT,1.059225513,MCCEF,0.06587895
Time Period Benchmark Comparison,Data,07/22/22,VT,-0.856531049,MCCEF,0.412849042
Time Period Benchmark Comparison,Data,07/25/22,VT,0.375127885,MCCEF,0.243813663
Time Period Benchmark Comparison,Data,07/26/22,VT,-1.211778029,MCCEF,0.1011558
Time Period Benchmark Comparison,Data,07/27/22,VT,2.418892583,MCCEF,0.372285149
Time Period Benchmark Comparison,Data,07/28/22,VT,0.973807925,MCCEF,0.267347209
Time Period Benchmark Comparison,Data,07/29/22,VT,1.208291764,MCCEF,0.136922001
Time Period Benchmark Comparison,Data,08/01/22,VT,-0.240963855,MCCEF,-0.097501272
Time Period Benchmark Comparison,Data,08/02/22,VT,-0.779534475,MCCEF,-0.321275834
Time Period Benchmark Comparison,Data,08/03/22,VT,1.184021246,MCCEF,0.056941432
Time Period Benchmark Comparison,Data,08/04/22,VT,0.164041995,MCCEF,-0.308655414
Time Period Benchmark Comparison,Data,08/05/22,VT,-0.229282673,MCCEF,0.498795969
Time Period Benchmark Comparison,Data,08/08/22,VT,0.142263077,MCCEF,-0.022718122
Time Period Benchmark Comparison,Data,08/09/22,VT,-0.535460605,MCCEF,0.061519859
Time Period Benchmark Comparison,Data,08/10/22,VT,2.208305867,MCCEF,0.09984133
Time Period Benchmark Comparison,Data,08/11/22,VT,0.064495324,MCCEF,0.201121905
Time Period Benchmark Comparison,Data,08/12/22,VT,1.353528843,MCCEF,-0.111297233
Time Period Benchmark Comparison,Data,08/15/22,VT,0.021197668,MCCEF,-0.388910012
Time Period Benchmark Comparison,Data,08/16/22,VT,0.116562467,MCCEF,0.061822092
Time Period Benchmark Comparison,Data,08/17/22,VT,-0.793818798,MCCEF,0.188056307
Time Period Benchmark Comparison,Data,08/18/22,VT,0.010668943,MCCEF,0.129808871
Time Period Benchmark Comparison,Data,08/19/22,VT,-1.397482398,MCCEF,0.207187862
Time Period Benchmark Comparison,Data,08/22/22,VT,-1.850048685,MCCEF,0.045655136
Time Period Benchmark Comparison,Data,08/23/22,VT,-0.044091711,MCCEF,-0.051485685
Time Period Benchmark Comparison,Data,08/24/22,VT,0.330833701,MCCEF,0.101361991
Time Period Benchmark Comparison,Data,08/25/22,VT,1.450868323,MCCEF,0.319413569
Time Period Benchmark Comparison,Data,08/26/22,VT,-2.968580715,MCCEF,-0.493611644
Time Period Benchmark Comparison,Data,08/29/22,VT,-0.54711925,MCCEF,0.010282798
Time Period Benchmark Comparison,Data,08/30/22,VT,-1.010441226,MCCEF,0.036389023
Time Period Benchmark Comparison,Data,08/31/22,VT,-0.646478394,MCCEF,-0.747144668
Time Period Benchmark Comparison,Data,09/01/22,VT,-0.365296804,MCCEF,-0.199081381
Time Period Benchmark Comparison,Data,09/02/22,VT,-0.847846013,MCCEF,-0.045942683
Time Period Benchmark Comparison,Data,09/05/22,VT,0,MCCEF,0.005453995
Time Period Benchmark Comparison,Data,09/06/22,VT,-0.485324705,MCCEF,-0.223733737
Time Period Benchmark Comparison,Data,09/07/22,VT,1.451463075,MCCEF,0.105005365
Time Period Benchmark Comparison,Data,09/08/22,VT,0.469268628,MCCEF,0.379138641
Time Period Benchmark Comparison,Data,09/09/22,VT,1.902483481,MCCEF,0.41897192
Time Period Benchmark Comparison,Data,09/12/22,VT,1.185019564,MCCEF,0.035838289
Time Period Benchmark Comparison,Data,09/13/22,VT,-3.922218539,MCCEF,-0.943486439
Time Period Benchmark Comparison,Data,09/14/22,VT,0.413983441,MCCEF,0.09847354
Time Period Benchmark Comparison,Data,09/15/22,VT,-1.019239579,MCCEF,-0.150683893
Time Period Benchmark Comparison,Data,09/16/22,VT,-0.833044082,MCCEF,0.020854365
Time Period Benchmark Comparison,Data,09/19/22,VT,0.609730487,MCCEF,0.085686388
Time Period Benchmark Comparison,Data,09/20/22,VT,-1.304905045,MCCEF,-0.469416766
Time Period Benchmark Comparison,Data,09/21/22,VT,-1.581867548,MCCEF,-0.440050809
Time Period Benchmark Comparison,Data,09/22/22,VT,-0.779656951,MCCEF,-0.165888517
Time Period Benchmark Comparison,Data,09/23/22,VT,-2.284816248,MCCEF,-0.830961924
Time Period Benchmark Comparison,Data,09/26/22,VT,-1.200049487,MCCEF,-0.571137952
Time Period Benchmark Comparison,Data,09/27/22,VT,-0.33809166,MCCEF,-0.000608985
Time Period Benchmark Comparison,Data,09/28/22,VT,2.085689157,MCCEF,0.721487906
Time Period Benchmark Comparison,Data,09/29/22,VT,-1.883076923,MCCEF,-0.401298693
Time Period Benchmark Comparison,Data,09/30/22,VT,-1.053687908,MCCEF,-0.247647502
Time Period Benchmark Comparison,Data,10/03/22,VT,2.472109533,MCCEF,1.03656008
Time Period Benchmark Comparison,Data,10/04/22,VT,3.389830508,MCCEF,0.975625777
Time Period Benchmark Comparison,Data,10/05/22,VT,-0.478640661,MCCEF,0.066362058
Time Period Benchmark Comparison,Data,10/06/22,VT,-1.118191656,MCCEF,-0.307498361
Time Period Benchmark Comparison,Data,10/07/22,VT,-2.419747082,MCCEF,-0.422088882
Time Period Benchmark Comparison,Data,10/10/22,VT,-0.847352025,MCCEF,-0.187297537
Time Period Benchmark Comparison,Data,10/11/22,VT,-0.879728541,MCCEF,-0.360896525
Time Period Benchmark Comparison,Data,10/12/22,VT,-0.253581844,MCCEF,-0.091847565
Time Period Benchmark Comparison,Data,10/13/22,VT,2.148214059,MCCEF,1.3384845
Time Period Benchmark Comparison,Data,10/14/22,VT,-2.090592334,MCCEF,-0.518181894
Time Period Benchmark Comparison,Data,10/17/22,VT,2.630910015,MCCEF,0.491858458
Time Period Benchmark Comparison,Data,10/18/22,VT,0.965944272,MCCEF,0.316372321
Time Period Benchmark Comparison,Data,10/19/22,VT,-1.054826444,MCCEF,-0.209558302
Time Period Benchmark Comparison,Data,10/20/22,VT,-0.471054915,MCCEF,-0.005424775
Time Period Benchmark Comparison,Data,10/21/22,VT,2.079960144,MCCEF,1.282864123
Time Period Benchmark Comparison,Data,10/24/22,VT,0.195217179,MCCEF,0.343363699
Time Period Benchmark Comparison,Data,10/25/22,VT,1.838772528,MCCEF,0.108278872
Time Period Benchmark Comparison,Data,10/26/22,VT,0.023914863,MCCEF,0.079540302
Time Period Benchmark Comparison,Data,10/27/22,VT,-0.561864913,MCCEF,-0.622583336
Time Period Benchmark Comparison,Data,10/28/22,VT,1.598942053,MCCEF,0.365536612
Time Period Benchmark Comparison,Data,10/31/22,VT,-0.709975151,MCCEF,-0.007336449
Time Period Benchmark Comparison,Data,11/01/22,VT,0.202598022,MCCEF,0.022392861
Time Period Benchmark Comparison,Data,11/02/22,VT,-2.105137964,MCCEF,0.164431737
Time Period Benchmark Comparison,Data,11/03/22,VT,-0.765399101,MCCEF,-0.383148043
Time Period Benchmark Comparison,Data,11/04/22,VT,2.338393732,MCCEF,0.738561524
Time Period Benchmark Comparison,Data,11/07/22,VT,0.657973442,MCCEF,-0.046544565
Time Period Benchmark Comparison,Data,11/08/22,VT,0.713097219,MCCEF,-0.150364618
Time Period Benchmark Comparison,Data,11/09/22,VT,-1.9235308,MCCEF,-0.249052798
Time Period Benchmark Comparison,Data,11/10/22,VT,5.414510889,MCCEF,-0.147941168
Time Period Benchmark Comparison,Data,11/11/22,VT,1.461020431,MCCEF,-0.813781276
Time Period Benchmark Comparison,Data,11/14/22,VT,-0.967487906,MCCEF,0.14692844
Time Period Benchmark Comparison,Data,11/15/22,VT,1.011018971,MCCEF,0.04589355
Time Period Benchmark Comparison,Data,11/16/22,VT,-0.843454791,MCCEF,0.264113652
Time Period Benchmark Comparison,Data,11/17/22,VT,-0.23817625,MCCEF,0.387826818
Time Period Benchmark Comparison,Data,11/18/22,VT,0.238744884,MCCEF,0.185891549
Time Period Benchmark Comparison,Data,11/21/22,VT,-0.589769763,MCCEF,0.126669836
Time Period Benchmark Comparison,Data,11/22/22,VT,1.289218483,MCCEF,0.564095035
Time Period Benchmark Comparison,Data,11/23/22,VT,0.765938274,MCCEF,-0.079519648
Time Period Benchmark Comparison,Data,11/24/22,VT,0,MCCEF,-0.112300787
Time Period Benchmark Comparison,Data,11/25/22,VT,0.111781802,MCCEF,0.16198133
Time Period Benchmark Comparison,Data,11/28/22,VT,-1.440375167,MCCEF,-0.446510542
Time Period Benchmark Comparison,Data,11/29/22,VT,0.203919792,MCCEF,0.066068351
Time Period Benchmark Comparison,Data,11/30/22,VT,2.724703222,MCCEF,0.139446851
Time Period Benchmark Comparison,Data,12/01/22,VT,0.231124807,MCCEF,-0.671503661
Time Period Benchmark Comparison,Data,12/02/22,VT,-0.054902822,MCCEF,-0.18100274
Time Period Benchmark Comparison,Data,12/05/22,VT,-1.724895627,MCCEF,-0.107696667
Time Period Benchmark Comparison,Data,12/06/22,VT,-1.062045836,MCCEF,-0.41483498
Time Period Benchmark Comparison,Data,12/07/22,VT,-0.169491525,MCCEF,-0.058687033
Time Period Benchmark Comparison,Data,12/08/22,VT,0.758347482,MCCEF,0.096542735
Time Period Benchmark Comparison,Data,12/09/22,VT,-0.516737812,MCCEF,-0.343929069
Time Period Benchmark Comparison,Data,12/12/22,VT,0.925925926,MCCEF,0.448346188
Time Period Benchmark Comparison,Data,12/13/22,VT,0.928619378,MCCEF,0.263501701
Time Period Benchmark Comparison,Data,12/14/22,VT,-0.410154085,MCCEF,-0.184681665
Time Period Benchmark Comparison,Data,12/15/22,VT,-2.471059662,MCCEF,-0.832089567
Time Period Benchmark Comparison,Data,12/16/22,VT,-0.935859393,MCCEF,0.021489615
Time Period Benchmark Comparison,Data,12/19/22,VT,-0.601267281,MCCEF,-0.266596656
Time Period Benchmark Comparison,Data,12/20/22,VT,0.233535731,MCCEF,0.134664823
Time Period Benchmark Comparison,Data,12/21/22,VT,1.304753029,MCCEF,0.316881957
Time Period Benchmark Comparison,Data,12/22/22,VT,-1.207451702,MCCEF,-0.313444925
Time Period Benchmark Comparison,Data,12/23/22,VT,0.465603539,MCCEF,0.209050421
Time Period Benchmark Comparison,Data,12/26/22,VT,0,MCCEF,0.004104198
Time Period Benchmark Comparison,Data,12/27/22,VT,-0.011586143,MCCEF,0.045071178
Time Period Benchmark Comparison,Data,12/28/22,VT,-1.251448436,MCCEF,-0.436412524
Time Period Benchmark Comparison,Data,12/29/22,VT,1.724947195,MCCEF,0.678136809
Time Period Benchmark Comparison,Data,12/30/22,VT,-0.576767793,MCCEF,0.140975156
Time Period Benchmark Comparison,Data,01/02/23,VT,0,MCCEF,-0.137331781
Time Period Benchmark Comparison,Data,01/03/23,VT,0.05801137,MCCEF,-0.208148126
Time Period Benchmark Comparison,Data,01/04/23,VT,1.229128015,MCCEF,0.50996512
Time Period Benchmark Comparison,Data,01/05/23,VT,-1.030927835,MCCEF,-0.096418891
Time Period Benchmark Comparison,Data,01/06/23,VT,2.291666667,MCCEF,0.955602602
Time Period Benchmark Comparison,Data,01/09/23,VT,0.237610319,MCCEF,-0.042928164
Time Period Benchmark Comparison,Data,01/10/23,VT,0.541821876,MCCEF,0.114269319
Time Period Benchmark Comparison,Data,01/11/23,VT,1.010441226,MCCEF,0.213129403
Time Period Benchmark Comparison,Data,01/12/23,VT,0.711348227,MCCEF,-0.181730094
Time Period Benchmark Comparison,Data,01/13/23,VT,0.518706545,MCCEF,-0.253475347
Time Period Benchmark Comparison,Data,01/16/23,VT,0,MCCEF,-0.127683108
Time Period Benchmark Comparison,Data,01/17/23,VT,-0.021958718,MCCEF,0.085720516
Time Period Benchmark Comparison,Data,01/18/23,VT,-1.076213486,MCCEF,-0.192660121
Time Period Benchmark Comparison,Data,01/19/23,VT,-0.444049734,MCCEF,-0.204941941
Time Period Benchmark Comparison,Data,01/20/23,VT,1.549955397,MCCEF,0.393149827
Time Period Benchmark Comparison,Data,01/23/23,VT,0.944328538,MCCEF,0.554577122
Time Period Benchmark Comparison,Data,01/24/23,VT,-0.097900577,MCCEF,-0.051811394
Time Period Benchmark Comparison,Data,01/25/23,VT,0.18510453,MCCEF,-0.154723817
Time Period Benchmark Comparison,Data,01/26/23,VT,0.847733942,MCCEF,0.589464718
Time Period Benchmark Comparison,Data,01/27/23,VT,0.06466214,MCCEF,0.189709018
Time Period Benchmark Comparison,Data,01/30/23,VT,-1.217016694,MCCEF,-0.083604735
Time Period Benchmark Comparison,Data,01/31/23,VT,1.155691234,MCCEF,0.436451805
Time Period Benchmark Comparison,Data,02/01/23,VT,1.08859668,MCCEF,0.325196342
Time Period Benchmark Comparison,Data,02/02/23,VT,0.81032093,MCCEF,-0.217822923
Time Period Benchmark Comparison,Data,02/03/23,VT,-1.110523533,MCCEF,0.032039342
Time Period Benchmark Comparison,Data,02/06/23,VT,-0.898395722,MCCEF,-0.090760468
Time Period Benchmark Comparison,Data,02/07/23,VT,1.068422189,MCCEF,0.099295197
Time Period Benchmark Comparison,Data,02/08/23,VT,-0.822210358,MCCEF,0.136490893
Time Period Benchmark Comparison,Data,02/09/23,VT,-0.495262705,MCCEF,-0.154104606
Time Period Benchmark Comparison,Data,02/10/23,VT,-0.18394287,MCCEF,0.901420849
Time Period Benchmark Comparison,Data,02/13/23,VT,1.105691057,MCCEF,-0.1671935
Time Period Benchmark Comparison,Data,02/14/23,VT,0.064329366,MCCEF,-0.060359511
Time Period Benchmark Comparison,Data,02/15/23,VT,0.053573342,MCCEF,-0.352864003
Time Period Benchmark Comparison,Data,02/16/23,VT,-0.953094881,MCCEF,0.104674402
Time Period Benchmark Comparison,Data,02/17/23,VT,-0.227051573,MCCEF,0.242584862
Time Period Benchmark Comparison,Data,02/20/23,VT,0,MCCEF,-0.009206783
Time Period Benchmark Comparison,Data,02/21/23,VT,-1.690507152,MCCEF,-0.434723762
Time Period Benchmark Comparison,Data,02/22/23,VT,-0.330687831,MCCEF,0.096198551
Time Period Benchmark Comparison,Data,02/23/23,VT,0.530856005,MCCEF,0.068133359
Time Period Benchmark Comparison,Data,02/24/23,VT,-1.298129813,MCCEF,-0.046633853
Time Period Benchmark Comparison,Data,02/27/23,VT,0.557289345,MCCEF,0.084032864
Time Period Benchmark Comparison,Data,02/28/23,VT,-0.432276657,MCCEF,-0.118349307
Time Period Benchmark Comparison,Data,03/01/23,VT,0.200378493,MCCEF,0.146963833
Time Period Benchmark Comparison,Data,03/02/23,VT,0.522164204,MCCEF,-0.066520947
Time Period Benchmark Comparison,Data,03/03/23,VT,1.436781609,MCCEF,0.175660096
Time Period Benchmark Comparison,Data,03/06/23,VT,-0.152538679,MCCEF,-0.180154602
Time Period Benchmark Comparison,Data,03/07/23,VT,-1.527717154,MCCEF,-0.619664669
Time Period Benchmark Comparison,Data,03/08/23,VT,0.265957447,MCCEF,0.171041608
Time Period Benchmark Comparison,Data,03/09/23,VT,-1.646772767,MCCEF,-0.665124754
Time Period Benchmark Comparison,Data,03/10/23,VT,-1.382177773,MCCEF,-0.311930282
Time Period Benchmark Comparison,Data,03/13/23,VT,-0.31905196,MCCEF,-0.486015475
Time Period Benchmark Comparison,Data,03/14/23,VT,1.326017375,MCCEF,0.370619982
Time Period Benchmark Comparison,Data,03/15/23,VT,-1.534296029,MCCEF,-0.230220102
Time Period Benchmark Comparison,Data,03/16/23,VT,1.66131989,MCCEF,0.389326709
Time Period Benchmark Comparison,Data,03/17/23,VT,-1.183365265,MCCEF,-0.916521318
Time Period Benchmark Comparison,Data,03/20/23,VT,1.078010949,MCCEF,0.291541618
Time Period Benchmark Comparison,Data,03/21/23,VT,1.313108445,MCCEF,1.001219942
Time Period Benchmark Comparison,Data,03/22/23,VT,-1.150837989,MCCEF,-1.012624957
Time Period Benchmark Comparison,Data,03/23/23,VT,0.2373686,MCCEF,-0.46688001
Time Period Benchmark Comparison,Data,03/24/23,VT,0.248082995,MCCEF,0.252131534
Time Period Benchmark Comparison,Data,03/27/23,VT,0.382452193,MCCEF,1.062477486
Time Period Benchmark Comparison,Data,03/28/23,VT,0.100851636,MCCEF,-0.264221985
Time Period Benchmark Comparison,Data,03/29/23,VT,1.231389231,MCCEF,1.051199538
Time Period Benchmark Comparison,Data,03/30/23,VT,0.774079398,MCCEF,0.166376191
Time Period Benchmark Comparison,Data,03/31/23,VT,1.05344014,MCCEF,0.699239802
Time Period Benchmark Comparison,Data,04/03/23,VT,0.466934521,MCCEF,0.35331735
Time Period Benchmark Comparison,Data,04/04/23,VT,-0.42153048,MCCEF,-0.613865827
Time Period Benchmark Comparison,Data,04/05/23,VT,-0.488440247,MCCEF,-0.14566885
Time Period Benchmark Comparison,Data,04/06/23,VT,0.327225131,MCCEF,-0.111813312
Time Period Benchmark Comparison,Data,04/07/23,VT,0,MCCEF,-0.001463917
Time Period Benchmark Comparison,Data,04/10/23,VT,0.119591215,MCCEF,0.42322994
Time Period Benchmark Comparison,Data,04/11/23,VT,0.238896731,MCCEF,0.747187183
Time Period Benchmark Comparison,Data,04/12/23,VT,-0.140829813,MCCEF,-0.177370597
Time Period Benchmark Comparison,Data,04/13/23,VT,1.312649165,MCCEF,0.312291827
Time Period Benchmark Comparison,Data,04/14/23,VT,-0.310525752,MCCEF,0.47573729
Time Period Benchmark Comparison,Data,04/17/23,VT,0.236305048,MCCEF,0.438304709
Time Period Benchmark Comparison,Data,04/18/23,VT,0.171453065,MCCEF,-0.186157661
Time Period Benchmark Comparison,Data,04/19/23,VT,-0.235344459,MCCEF,-0.247670104
Time Period Benchmark Comparison,Data,04/20/23,VT,-0.364572164,MCCEF,-1.001611196
Time Period Benchmark Comparison,Data,04/21/23,VT,0.032285837,MCCEF,0.173879095
Time Period Benchmark Comparison,Data,04/24/23,VT,0.107584723,MCCEF,-0.007256314
Time Period Benchmark Comparison,Data,04/25/23,VT,-1.63353036,MCCEF,-0.929612915
Time Period Benchmark Comparison,Data,04/26/23,VT,-0.218507593,MCCEF,-0.925322689
Time Period Benchmark Comparison,Data,04/27/23,VT,1.664294317,MCCEF,1.01058942
Time Period Benchmark Comparison,Data,04/28/23,VT,0.592353258,MCCEF,0.794868353
Time Period Benchmark Comparison,Data,05/01/23,VT,-0.117773019,MCCEF,-0.331381086
Time Period Benchmark Comparison,Data,05/02/23,VT,-1.125522564,MCCEF,-0.773653186
Time Period Benchmark Comparison,Data,05/03/23,VT,-0.346921075,MCCEF,-0.276235999
Time Period Benchmark Comparison,Data,05/04/23,VT,-0.348128808,MCCEF,-0.716938079
Time Period Benchmark Comparison,Data,05/05/23,VT,1.703056769,MCCEF,1.900911853
Time Period Benchmark Comparison,Data,05/08/23,VT,0.053671103,MCCEF,-0.056778454
Time Period Benchmark Comparison,Data,05/09/23,VT,-0.407681579,MCCEF,-0.520757107
Time Period Benchmark Comparison,Data,05/10/23,VT,0.204675213,MCCEF,-0.238996354
Time Period Benchmark Comparison,Data,05/11/23,VT,-0.236508278,MCCEF,-0.106774767
Time Period Benchmark Comparison,Data,05/12/23,VT,-0.280172414,MCCEF,-0.389978196
Time Period Benchmark Comparison,Data,05/15/23,VT,0.680786687,MCCEF,0.584543046
Time Period Benchmark Comparison,Data,05/16/23,VT,-0.858645487,MCCEF,-0.50349232
Time Period Benchmark Comparison,Data,05/17/23,VT,0.941864242,MCCEF,1.29924397
Time Period Benchmark Comparison,Data,05/18/23,VT,0.536250536,MCCEF,0.096503606
Time Period Benchmark Comparison,Data,05/19/23,VT,0.010667805,MCCEF,-0.045220562
Time Period Benchmark Comparison,Data,05/22/23,VT,0.16,MCCEF,0.370971231
Time Period Benchmark Comparison,Data,05/23/23,VT,-1.256656017,MCCEF,-0.066005847
Time Period Benchmark Comparison,Data,05/24/23,VT,-0.895168248,MCCEF,-0.634274313
Time Period Benchmark Comparison,Data,05/25/23,VT,0.304712156,MCCEF,-0.01646144
Time Period Benchmark Comparison,Data,05/26/23,VT,1.215145926,MCCEF,0.431682918
Time Period Benchmark Comparison,Data,05/29/23,VT,0,MCCEF,-0.014439686
Time Period Benchmark Comparison,Data,05/30/23,VT,-0.353735663,MCCEF,-0.008700883
Time Period Benchmark Comparison,Data,05/31/23,VT,-0.742254733,MCCEF,-0.776941716
Time Period Benchmark Comparison,Data,06/01/23,VT,1.246342256,MCCEF,0.452008821
Time Period Benchmark Comparison,Data,06/02/23,VT,1.562834511,MCCEF,1.783277322
Time Period Benchmark Comparison,Data,06/05/23,VT,-0.337268128,MCCEF,-0.427273697
Time Period Benchmark Comparison,Data,06/06/23,VT,0.592216582,MCCEF,0.761329836
Time Period Benchmark Comparison,Data,06/07/23,VT,-0.431034483,MCCEF,0.693991456
Time Period Benchmark Comparison,Data,06/08/23,VT,0.612395734,MCCEF,-0.100086943
Time Period Benchmark Comparison,Data,06/09/23,VT,0.115437087,MCCEF,-0.049285191
Time Period Benchmark Comparison,Data,06/12/23,VT,0.670859539,MCCEF,0.260385712
Time Period Benchmark Comparison,Data,06/13/23,VT,0.780924615,MCCEF,0.536920633
Time Period Benchmark Comparison,Data,06/14/23,VT,0.154974687,MCCEF,-0.273286999
Time Period Benchmark Comparison,Data,06/15/23,VT,1.155353827,MCCEF,0.426280871
Time Period Benchmark Comparison,Data,06/16/23,VT,-0.285539466,MCCEF,-0.101179298
Time Period Benchmark Comparison,Data,06/19/23,VT,0,MCCEF,-0.047655409
Time Period Benchmark Comparison,Data,06/20/23,VT,-0.981386787,MCCEF,-0.495437417
Time Period Benchmark Comparison,Data,06/21/23,VT,-0.311947593,MCCEF,-0.310093867
Time Period Benchmark Comparison,Data,06/22/23,VT,-0.041723167,MCCEF,-0.413163336
Time Period Benchmark Comparison,Data,06/23/23,VT,-1.095690285,MCCEF,-0.46321033
Time Period Benchmark Comparison,Data,06/26/23,VT,-0.063304495,MCCEF,0.147971605
Time Period Benchmark Comparison,Data,06/27/23,VT,1.024070946,MCCEF,0.383323102
Time Period Benchmark Comparison,Data,06/28/23,VT,0.052252064,MCCEF,0.002011399
Time Period Benchmark Comparison,Data,06/29/23,VT,0.188009192,MCCEF,0.737365124
Time Period Benchmark Comparison,Data,06/30/23,VT,1.105087573,MCCEF,0.330150102
Time Period Benchmark Comparison,Data,07/03/23,VT,0.319653537,MCCEF,0.414030321
Time Period Benchmark Comparison,Data,07/04/23,VT,0,MCCEF,-0.008535303
Time Period Benchmark Comparison,Data,07/05/23,VT,-0.565320177,MCCEF,-0.17807103
Time Period Benchmark Comparison,Data,07/06/23,VT,-1.230101302,MCCEF,-0.682710849
Time Period Benchmark Comparison,Data,07/07/23,VT,0.261643119,MCCEF,0.344763179
Time Period Benchmark Comparison,Data,07/10/23,VT,0.313152401,MCCEF,0.414172298
Time Period Benchmark Comparison,Data,07/11/23,VT,0.863683663,MCCEF,0.762807378
Time Period Benchmark Comparison,Data,07/12/23,VT,1.165789745,MCCEF,0.204279286
Time Period Benchmark Comparison,Data,07/13/23,VT,1.152355701,MCCEF,0.595158877
Time Period Benchmark Comparison,Data,07/14/23,VT,-0.362939812,MCCEF,-0.514661269
Time Period Benchmark Comparison,Data,07/17/23,VT,0.283314783,MCCEF,0.149851956
Time Period Benchmark Comparison,Data,07/18/23,VT,0.605387953,MCCEF,0.888582823
Time Period Benchmark Comparison,Data,07/19/23,VT,0.090261759,MCCEF,0.51102349
Time Period Benchmark Comparison,Data,07/20/23,VT,-0.681362725,MCCEF,0.178649487
Time Period Benchmark Comparison,Data,07/21/23,VT,0.040355125,MCCEF,-0.05141266
Time Period Benchmark Comparison,Data,07/24/23,VT,0.363049617,MCCEF,0.555509741
Time Period Benchmark Comparison,Data,07/25/23,VT,0.301446945,MCCEF,0.073119178
Time Period Benchmark Comparison,Data,07/26/23,VT,0.180324584,MCCEF,0.05679367
Time Period Benchmark Comparison,Data,07/27/23,VT,-0.66,MCCEF,-0.39888858
Time Period Benchmark Comparison,Data,07/28/23,VT,1.036843165,MCCEF,0.013466296
Time Period Benchmark Comparison,Data,07/31/23,VT,0.219189001,MCCEF,0.07153733
Time Period Benchmark Comparison,Data,08/01/23,VT,-0.60642211,MCCEF,0.002104668
Time Period Benchmark Comparison,Data,08/02/23,VT,-1.670334067,MCCEF,-0.379679845
Time Period Benchmark Comparison,Data,08/03/23,VT,-0.213610009,MCCEF,-0.002748052
Time Period Benchmark Comparison,Data,08/04/23,VT,-0.183486239,MCCEF,-0.346778929
Time Period Benchmark Comparison,Data,08/07/23,VT,0.735294118,MCCEF,0.420905644
Time Period Benchmark Comparison,Data,08/08/23,VT,-0.618410381,MCCEF,-0.164202928
Time Period Benchmark Comparison,Data,08/09/23,VT,-0.408038356,MCCEF,-0.360599968
Time Period Benchmark Comparison,Data,08/10/23,VT,0.153641299,MCCEF,0.042323134
Time Period Benchmark Comparison,Data,08/11/23,VT,-0.35794641,MCCEF,0.063592695
Time Period Benchmark Comparison,Data,08/14/23,VT,0.082110233,MCCEF,-0.219333902
Time Period Benchmark Comparison,Data,08/15/23,VT,-1.179366219,MCCEF,-0.991073475
Time Period Benchmark Comparison,Data,08/16/23,VT,-0.757575758,MCCEF,-0.630699914
Time Period Benchmark Comparison,Data,08/17/23,VT,-0.658789083,MCCEF,-0.13443538
Time Period Benchmark Comparison,Data,08/18/23,VT,-0.063157895,MCCEF,-0.000568482
Time Period Benchmark Comparison,Data,08/21/23,VT,0.495049505,MCCEF,0.134709837
Time Period Benchmark Comparison,Data,08/22/23,VT,-0.209621633,MCCEF,-0.432379982
Time Period Benchmark Comparison,Data,08/23/23,VT,1.144837727,MCCEF,0.275051894
Time Period Benchmark Comparison,Data,08/24/23,VT,-1.246105919,MCCEF,-0.433655828
Time Period Benchmark Comparison,Data,08/25/23,VT,0.578338591,MCCEF,0.370359048
Time Period Benchmark Comparison,Data,08/28/23,VT,0.825927862,MCCEF,0.409524343
Time Period Benchmark Comparison,Data,08/29/23,VT,1.347988387,MCCEF,0.665981669
Time Period Benchmark Comparison,Data,08/30/23,VT,0.245549417,MCCEF,-0.634997106
Time Period Benchmark Comparison,Data,08/31/23,VT,-0.255154113,MCCEF,-0.078046887
Time Period Benchmark Comparison,Data,09/01/23,VT,0.347897268,MCCEF,0.370651671
Time Period Benchmark Comparison,Data,09/04/23,VT,0,MCCEF,-0.014665361
Time Period Benchmark Comparison,Data,09/05/23,VT,-0.632201489,MCCEF,-0.388700039
Time Period Benchmark Comparison,Data,09/06/23,VT,-0.574653669,MCCEF,-0.535593277
Time Period Benchmark Comparison,Data,09/07/23,VT,-0.412839302,MCCEF,-0.591045824
Time Period Benchmark Comparison,Data,09/08/23,VT,0.041455073,MCCEF,0.142040263
Time Period Benchmark Comparison,Data,09/11/23,VT,0.808038952,MCCEF,0.464881515
Time Period Benchmark Comparison,Data,09/12/23,VT,-0.421333881,MCCEF,0.18859695
Time Period Benchmark Comparison,Data,09/13/23,VT,-0.113519092,MCCEF,-0.048449021
Time Period Benchmark Comparison,Data,09/14/23,VT,1.012501291,MCCEF,0.552873155
Time Period Benchmark Comparison,Data,09/15/23,VT,-0.828474992,MCCEF,-0.582716093
Time Period Benchmark Comparison,Data,09/18/23,VT,-0.118089934,MCCEF,-0.216144993
Time Period Benchmark Comparison,Data,09/19/23,VT,-0.186644546,MCCEF,0.075035678
Time Period Benchmark Comparison,Data,09/20/23,VT,-0.68564305,MCCEF,-0.505037071
Time Period Benchmark Comparison,Data,09/21/23,VT,-1.642259414,MCCEF,-0.926914384
Time Period Benchmark Comparison,Data,09/22/23,VT,-0.021269808,MCCEF,-0.548621521
Time Period Benchmark Comparison,Data,09/25/23,VT,0.106371663,MCCEF,-0.137948839
Time Period Benchmark Comparison,Data,09/26/23,VT,-1.402613962,MCCEF,-0.875421377
Time Period Benchmark Comparison,Data,09/27/23,VT,0.010777023,MCCEF,-0.029490029
Time Period Benchmark Comparison,Data,09/28/23,VT,0.689655172,MCCEF,0.496560025
Time Period Benchmark Comparison,Data,09/29/23,VT,-0.278253425,MCCEF,0.062068556
Time Period Benchmark Comparison,Data,10/02/23,VT,-0.536595836,MCCEF,-0.667077761
Time Period Benchmark Comparison,Data,10/03/23,VT,-1.359516616,MCCEF,-0.600487638
Time Period Benchmark Comparison,Data,10/04/23,VT,0.415663968,MCCEF,0.016447167
Time Period Benchmark Comparison,Data,10/05/23,VT,0.239651416,MCCEF,0.193283469
Time Period Benchmark Comparison,Data,10/06/23,VT,1.108454684,MCCEF,0.196729854
Time Period Benchmark Comparison,Data,10/09/23,VT,0.30094583,MCCEF,0.438571462
Time Period Benchmark Comparison,Data,10/10/23,VT,0.889412773,MCCEF,0.782831353
Time Period Benchmark Comparison,Data,10/11/23,VT,0.456718003,MCCEF,0.061454944
Time Period Benchmark Comparison,Data,10/12/23,VT,-0.888137027,MCCEF,-0.305459735
Time Period Benchmark Comparison,Data,10/13/23,VT,-0.661403883,MCCEF,-0.348842841
Time Period Benchmark Comparison,Data,10/16/23,VT,1.020189003,MCCEF,0.703989835
Time Period Benchmark Comparison,Data,10/17/23,VT,0,MCCEF,0.393843738
Time Period Benchmark Comparison,Data,10/18/23,VT,-1.520144573,MCCEF,-0.986694703
Time Period Benchmark Comparison,Data,10/19/23,VT,-0.863557858,MCCEF,-0.82258574
Time Period Benchmark Comparison,Data,10/20/23,VT,-1.143292683,MCCEF,-0.823591748
Time Period Benchmark Comparison,Data,10/23/23,VT,-0.187245291,MCCEF,-0.790057361
Time Period Benchmark Comparison,Data,10/24/23,VT,0.76142132,MCCEF,0.353174089
Time Period Benchmark Comparison,Data,10/25/23,VT,-1.303252656,MCCEF,-0.399276002
Time Period Benchmark Comparison,Data,10/26/23,VT,-0.843320018,MCCEF,-0.084629627
Time Period Benchmark Comparison,Data,10/27/23,VT,-0.436436885,MCCEF,-0.948169125
Time Period Benchmark Comparison,Data,10/30/23,VT,1.180173092,MCCEF,0.71820382
Time Period Benchmark Comparison,Data,10/31/23,VT,0.488780271,MCCEF,0.321581334
Time Period Benchmark Comparison,Data,11/01/23,VT,0.98386027,MCCEF,0.426008228
Time Period Benchmark Comparison,Data,11/02/23,VT,2.036124795,MCCEF,1.738948093
Time Period Benchmark Comparison,Data,11/03/23,VT,1.223044738,MCCEF,1.00176543
Time Period Benchmark Comparison,Data,11/06/23,VT,-0.010598834,MCCEF,-0.278075188
Time Period Benchmark Comparison,Data,11/07/23,VT,-0.063599746,MCCEF,-0.131241204
Time Period Benchmark Comparison,Data,11/08/23,VT,-0.063640221,MCCEF,-0.107679447
Time Period Benchmark Comparison,Data,11/09/23,VT,-0.636807472,MCCEF,-0.623312539
Time Period Benchmark Comparison,Data,11/10/23,VT,1.174962615,MCCEF,0.720559066
Time Period Benchmark Comparison,Data,11/13/23,VT,-0.010557432,MCCEF,0.346264175
Time Period Benchmark Comparison,Data,11/14/23,VT,2.312321825,MCCEF,1.530040742
Time Period Benchmark Comparison,Data,11/15/23,VT,0.196078431,MCCEF,0.508614523
Time Period Benchmark Comparison,Data,11/16/23,VT,-0.185394994,MCCEF,-0.583095392
Time Period Benchmark Comparison,Data,11/17/23,VT,0.557218037,MCCEF,0.575709763
Time Period Benchmark Comparison,Data,11/20/23,VT,0.65674705,MCCEF,0.016938959
Time Period Benchmark Comparison,Data,11/21/23,VT,-0.265062698,MCCEF,-0.138627536
Time Period Benchmark Comparison,Data,11/22/23,VT,0.24532352,MCCEF,0.30242186
Time Period Benchmark Comparison,Data,11/23/23,VT,0,MCCEF,0.015288311
Time Period Benchmark Comparison,Data,11/24/23,VT,0.265116753,MCCEF,0.424983475
Time Period Benchmark Comparison,Data,11/27/23,VT,-0.193226889,MCCEF,-0.293048327
Time Period Benchmark Comparison,Data,11/28/23,VT,0.163032403,MCCEF,0.009439189
Time Period Benchmark Comparison,Data,11/29/23,VT,0.02034588,MCCEF,0.514316915
Time Period Benchmark Comparison,Data,11/30/23,VT,0.294955248,MCCEF,0.372232553
Time Period Benchmark Comparison,Data,12/01/23,VT,0.861981543,MCCEF,0.721334896
Time Period Benchmark Comparison,Data,12/04/23,VT,-0.613311884,MCCEF,-0.272732959
Time Period Benchmark Comparison,Data,12/05/23,VT,-0.222559433,MCCEF,-0.267819321
Time Period Benchmark Comparison,Data,12/06/23,VT,-0.182500253,MCCEF,0.007886467
Time Period Benchmark Comparison,Data,12/07/23,VT,0.670391061,MCCEF,0.599899361
Time Period Benchmark Comparison,Data,12/08/23,VT,0.282514378,MCCEF,0.275654544
Time Period Benchmark Comparison,Data,12/11/23,VT,0.372270852,MCCEF,0.375725352
Time Period Benchmark Comparison,Data,12/12/23,VT,0.250601443,MCCEF,-0.144093199
Time Period Benchmark Comparison,Data,12/13/23,VT,1.479852015,MCCEF,0.456501321
Time Period Benchmark Comparison,Data,12/14/23,VT,0.778401813,MCCEF,0.928789558
Time Period Benchmark Comparison,Data,12/15/23,VT,-0.459522878,MCCEF,-0.261100418
Time Period Benchmark Comparison,Data,12/18/23,VT,0.393674492,MCCEF,0.13281635
Time Period Benchmark Comparison,Data,12/19/23,VT,0.749432995,MCCEF,0.6195702
Time Period Benchmark Comparison,Data,12/20/23,VT,-1.370265244,MCCEF,-0.805175061
Time Period Benchmark Comparison,Data,12/21/23,VT,1.290066488,MCCEF,0.600494105
Time Period Benchmark Comparison,Data,12/22/23,VT,0.14695797,MCCEF,0.050419378
Time Period Benchmark Comparison,Data,12/25/23,VT,0,MCCEF,-0.000517845
Time Period Benchmark Comparison,Data,12/26/23,VT,0.49892389,MCCEF,0.530780424
Time Period Benchmark Comparison,Data,12/27/23,VT,0.292027645,MCCEF,0.046061218
Time Period Benchmark Comparison,Data,12/28/23,VT,0.067941376,MCCEF,-0.057462982
Time Period Benchmark Comparison,Data,12/29/23,VT,-0.213385063,MCCEF,-0.149760341
Time Period Benchmark Comparison,Data,01/01/24,VT,0,MCCEF,0.00179383
Time Period Benchmark Comparison,Data,01/02/24,VT,-0.845645412,MCCEF,0.225310668
Time Period Benchmark Comparison,Data,01/03/24,VT,-0.862660523,MCCEF,-0.141367144
Time Period Benchmark Comparison,Data,01/04/24,VT,-0.118659152,MCCEF,-0.066544692
Time Period Benchmark Comparison,Data,01/05/24,VT,0.118800119,MCCEF,0.310941124
Time Period Benchmark Comparison,Data,01/08/24,VT,1.206368041,MCCEF,0.44465567
Time Period Benchmark Comparison,Data,01/09/24,VT,-0.488519785,MCCEF,-0.453239979
Time Period Benchmark Comparison,Data,01/10/24,VT,0.490918017,MCCEF,0.114398043
Time Period Benchmark Comparison,Data,01/11/24,VT,-0.039081583,MCCEF,-0.328084785
Time Period Benchmark Comparison,Data,01/12/24,VT,0.15638745,MCCEF,-0.067243053
Time Period Benchmark Comparison,Data,01/15/24,VT,0,MCCEF,-0.013565805
Time Period Benchmark Comparison,Data,01/16/24,VT,-0.96613643,MCCEF,-0.525705617
Time Period Benchmark Comparison,Data,01/17/24,VT,-0.788332676,MCCEF,-0.299382841
Time Period Benchmark Comparison,Data,01/18/24,VT,0.854191498,MCCEF,0.329632037
Time Period Benchmark Comparison,Data,01/19/24,VT,0.906046878,MCCEF,0.413635517
Time Period Benchmark Comparison,Data,01/22/24,VT,0.234237751,MCCEF,0.375117562
Time Period Benchmark Comparison,Data,01/23/24,VT,0.155793574,MCCEF,0.152716948
Time Period Benchmark Comparison,Data,01/24/24,VT,0.262492709,MCCEF,-0.025139866
Time Period Benchmark Comparison,Data,01/25/24,VT,0.43634248,MCCEF,-0.140732379
Time Period Benchmark Comparison,Data,01/26/24,VT,0.067580614,MCCEF,0.126840006
Time Period Benchmark Comparison,Data,01/29/24,VT,0.713941148,MCCEF,0.145458137
Time Period Benchmark Comparison,Data,01/30/24,VT,-0.229907079,MCCEF,0.058068909
Time Period Benchmark Comparison,Data,01/31/24,VT,-1.219395103,MCCEF,-0.61564987
Time Period Benchmark Comparison,Data,02/01/24,VT,1.166407465,MCCEF,0.374539541
Time Period Benchmark Comparison,Data,02/02/24,VT,0.37471176,MCCEF,0.155220709
Time Period Benchmark Comparison,Data,02/05/24,VT,-0.478606298,MCCEF,-0.600969643
Time Period Benchmark Comparison,Data,02/06/24,VT,0.557853227,MCCEF,0.466908683
Time Period Benchmark Comparison,Data,02/07/24,VT,0.506934481,MCCEF,-0.0538894
Time Period Benchmark Comparison,Data,02/08/24,VT,0.038066235,MCCEF,-0.083494558
Time Period Benchmark Comparison,Data,02/09/24,VT,0.551750381,MCCEF,0.181312445
Time Period Benchmark Comparison,Data,02/12/24,VT,0.132450331,MCCEF,0.44750103
Time Period Benchmark Comparison,Data,02/13/24,VT,-1.577853364,MCCEF,-0.756621879
Time Period Benchmark Comparison,Data,02/14/24,VT,1.113564366,MCCEF,0.488467403
Time Period Benchmark Comparison,Data,02/15/24,VT,0.85445742,MCCEF,0.932423605
Time Period Benchmark Comparison,Data,02/16/24,VT,-0.235338417,MCCEF,-0.267351846
Time Period Benchmark Comparison,Data,02/19/24,VT,0,MCCEF,0.032264847
Time Period Benchmark Comparison,Data,02/20/24,VT,-0.273636535,MCCEF,-0.299919637
Time Period Benchmark Comparison,Data,02/21/24,VT,0.028384899,MCCEF,0.055417817
Time Period Benchmark Comparison,Data,02/22/24,VT,1.626939084,MCCEF,0.630232023
Time Period Benchmark Comparison,Data,02/23/24,VT,0.074460164,MCCEF,0.227977843
Time Period Benchmark Comparison,Data,02/26/24,VT,-0.260416667,MCCEF,-0.074304326
Time Period Benchmark Comparison,Data,02/27/24,VT,0.214472212,MCCEF,0.23554086
Time Period Benchmark Comparison,Data,02/28/24,VT,-0.381501814,MCCEF,-0.244982783
Time Period Benchmark Comparison,Data,02/29/24,VT,0.410984495,MCCEF,0.146148181
Time Period Benchmark Comparison,Data,03/01/24,VT,0.893023256,MCCEF,0.34876055
Time Period Benchmark Comparison,Data,03/04/24,VT,-0.156739812,MCCEF,-0.159991491
Time Period Benchmark Comparison,Data,03/05/24,VT,-0.76646043,MCCEF,-0.050691334
Time Period Benchmark Comparison,Data,03/06/24,VT,0.800297785,MCCEF,0.278319458
Time Period Benchmark Comparison,Data,03/07/24,VT,1.024741507,MCCEF,0.230404458
Time Period Benchmark Comparison,Data,03/08/24,VT,-0.475189619,MCCEF,0.066849576
Time Period Benchmark Comparison,Data,03/11/24,VT,-0.229547333,MCCEF,0.36553464
Time Period Benchmark Comparison,Data,03/12/24,VT,0.966316952,MCCEF,0.245690008
Time Period Benchmark Comparison,Data,03/13/24,VT,-0.164068909,MCCEF,-0.299258889
Time Period Benchmark Comparison,Data,03/14/24,VT,-0.447366018,MCCEF,-0.497381981
Time Period Benchmark Comparison,Data,03/15/24,VT,-0.439104916,MCCEF,-0.064004536
Time Period Benchmark Comparison,Data,03/18/24,VT,0.369890882,MCCEF,0.234820496
Time Period Benchmark Comparison,Data,03/19/24,VT,0.350101345,MCCEF,0.12116356
Time Period Benchmark Comparison,Data,03/20/24,VT,0.991553434,MCCEF,0.425241159
Time Period Benchmark Comparison,Data,03/21/24,VT,0.3,MCCEF,0.26684693
Time Period Benchmark Comparison,Data,03/22/24,VT,-0.30816641,MCCEF,-0.326200803
Time Period Benchmark Comparison,Data,03/25/24,VT,-0.200018183,MCCEF,0.098021356
Time Period Benchmark Comparison,Data,03/26/24,VT,-0.118429443,MCCEF,0.13049274
Time Period Benchmark Comparison,Data,03/27/24,VT,0.747902225,MCCEF,0.573838715
Time Period Benchmark Comparison,Data,03/28/24,VT,0.036212204,MCCEF,0.037942986
Time Period Benchmark Comparison,Data,03/29/24,VT,0,MCCEF,0.001399759
Time Period Benchmark Comparison,Data,04/01/24,VT,-0.262443439,MCCEF,-0.141637005
Time Period Benchmark Comparison,Data,04/02/24,VT,-0.580709554,MCCEF,-0.387587861
Time Period Benchmark Comparison,Data,04/03/24,VT,0.255544401,MCCEF,0.155732059
Time Period Benchmark Comparison,Data,04/04/24,VT,-1.028675467,MCCEF,-0.247491792
Time Period Benchmark Comparison,Data,04/05/24,VT,0.81861663,MCCEF,-0.147407957
Time Period Benchmark Comparison,Data,04/08/24,VT,0.218958124,MCCEF,0.460938371
Time Period Benchmark Comparison,Data,04/09/24,VT,0.154756486,MCCEF,0.028117359
Time Period Benchmark Comparison,Data,04/10/24,VT,-1.145246319,MCCEF,-0.64727092
Time Period Benchmark Comparison,Data,04/11/24,VT,0.570062523,MCCEF,0.077554235
Time Period Benchmark Comparison,Data,04/12/24,VT,-1.618211739,MCCEF,-0.460474198
Time Period Benchmark Comparison,Data,04/15/24,VT,-0.938574482,MCCEF,-0.728825697
Time Period Benchmark Comparison,Data,04/16/24,VT,-0.572232645,MCCEF,-0.914391246
Time Period Benchmark Comparison,Data,04/17/24,VT,-0.377394094,MCCEF,-0.119449635
Time Period Benchmark Comparison,Data,04/18/24,VT,-0.151529501,MCCEF,-0.09874896
Time Period Benchmark Comparison,Data,04/19/24,VT,-0.46476335,MCCEF,0.30061274
Time Period Benchmark Comparison,Data,04/22/24,VT,0.933866972,MCCEF,0.354379713
Time Period Benchmark Comparison,Data,04/23/24,VT,1.142371601,MCCEF,0.781501998
Time Period Benchmark Comparison,Data,04/24/24,VT,-0.02800336,MCCEF,0.246877222
Time Period Benchmark Comparison,Data,04/25/24,VT,-0.317460317,MCCEF,-0.297603325
Time Period Benchmark Comparison,Data,04/26/24,VT,0.899213188,MCCEF,0.210106952
Time Period Benchmark Comparison,Data,04/29/24,VT,0.436316376,MCCEF,0.636298644
Time Period Benchmark Comparison,Data,04/30/24,VT,-1.525094741,MCCEF,-1.075106907
Time Period Benchmark Comparison,Data,05/01/24,VT,-0.187722921,MCCEF,0.070910496
Time Period Benchmark Comparison,Data,05/02/24,VT,1.222493888,MCCEF,0.090863562
Time Period Benchmark Comparison,Data,05/03/24,VT,1.068376068,MCCEF,0.771337805
Time Period Benchmark Comparison,Data,05/06/24,VT,0.891626069,MCCEF,0.499347738
Time Period Benchmark Comparison,Data,05/07/24,VT,0.027332362,MCCEF,0.151108867
Time Period Benchmark Comparison,Data,05/08/24,VT,-0.063758084,MCCEF,-0.269000087
Time Period Benchmark Comparison,Data,05/09/24,VT,0.619759388,MCCEF,0.478310326
Time Period Benchmark Comparison,Data,05/10/24,VT,0.163043478,MCCEF,-0.335396528
Time Period Benchmark Comparison,Data,05/13/24,VT,-0.018086453,MCCEF,0.185140615
Time Period Benchmark Comparison,Data,05/14/24,VT,0.615050651,MCCEF,0.412260385
Time Period Benchmark Comparison,Data,05/15/24,VT,1.1596548,MCCEF,0.078011596
Time Period Benchmark Comparison,Data,05/16/24,VT,-0.319914689,MCCEF,-0.190328736
Time Period Benchmark Comparison,Data,05/17/24,VT,0.27636623,MCCEF,0.19160493
Time Period Benchmark Comparison,Data,05/20/24,VT,0.062233286,MCCEF,-0.174347285
Time Period Benchmark Comparison,Data,05/21/24,VT,-0.00888494,MCCEF,0.186928902
Time Period Benchmark Comparison,Data,05/22/24,VT,-0.506486583,MCCEF,0.016401858
Time Period Benchmark Comparison,Data,05/23/24,VT,-0.714477092,MCCEF,-0.610031004
Time Period Benchmark Comparison,Data,05/24/24,VT,0.737609067,MCCEF,0.324191925
Time Period Benchmark Comparison,Data,05/27/24,VT,0,MCCEF,0.300571284
Time Period Benchmark Comparison,Data,05/28/24,VT,-0.080364318,MCCEF,-0.207705268
Time Period Benchmark Comparison,Data,05/29/24,VT,-1.09025916,MCCEF,-0.684706223
Time Period Benchmark Comparison,Data,05/30/24,VT,-0.063245392,MCCEF,0.711188559
Time Period Benchmark Comparison,Data,05/31/24,VT,0.750384233,MCCEF,0.461824547
Time Period Benchmark Comparison,Data,06/03/24,VT,0.098707825,MCCEF,-0.177316001
Time Period Benchmark Comparison,Data,06/04/24,VT,-0.197220977,MCCEF,-0.470212308
Time Period Benchmark Comparison,Data,06/05/24,VT,1.032965059,MCCEF,0.348318866
Time Period Benchmark Comparison,Data,06/06/24,VT,0.071123755,MCCEF,0.080142081
Time Period Benchmark Comparison,Data,06/07/24,VT,-0.488628287,MCCEF,-0.366390229
Time Period Benchmark Comparison,Data,06/10/24,VT,0.232122132,MCCEF,0.03273894
Time Period Benchmark Comparison,Data,06/11/24,VT,-0.16923488,MCCEF,-0.745853532
Time Period Benchmark Comparison,Data,06/12/24,VT,0.972519629,MCCEF,0.337150661
Time Period Benchmark Comparison,Data,06/13/24,VT,-0.353450561,MCCEF,-0.753351505
Time Period Benchmark Comparison,Data,06/14/24,VT,-0.319233839,MCCEF,-0.755205329
Time Period Benchmark Comparison,Data,06/17/24,VT,0.649408416,MCCEF,0.637858931
Time Period Benchmark Comparison,Data,06/18/24,VT,0.32702846,MCCEF,0.445990231
Time Period Benchmark Comparison,Data,06/19/24,VT,0,MCCEF,0.058110886
Time Period Benchmark Comparison,Data,06/20/24,VT,-0.17619593,MCCEF,0.472718685
Time Period Benchmark Comparison,Data,06/21/24,VT,-0.266613715,MCCEF,-0.101954263
Time Period Benchmark Comparison,Data,06/24/24,VT,0.106733078,MCCEF,0.483002916
Time Period Benchmark Comparison,Data,06/25/24,VT,0.195468681,MCCEF,-0.121843413
Time Period Benchmark Comparison,Data,06/26/24,VT,-0.150749313,MCCEF,-0.357177497
Time Period Benchmark Comparison,Data,06/27/24,VT,0.186500888,MCCEF,-0.141503889
Time Period Benchmark Comparison,Data,06/28/24,VT,-0.159560323,MCCEF,0.341946385
Time Period Benchmark Comparison,Data,07/01/24,VT,0.133179437,MCCEF,0.493841906
Time Period Benchmark Comparison,Data,07/02/24,VT,0.469941479,MCCEF,0.230213981
Time Period Benchmark Comparison,Data,07/03/24,VT,0.767805136,MCCEF,0.255722305
Time Period Benchmark Comparison,Data,07/04/24,VT,0,MCCEF,0.167170333
Time Period Benchmark Comparison,Data,07/05/24,VT,0.464179366,MCCEF,-0.274252605
Time Period Benchmark Comparison,Data,07/08/24,VT,-0.026152907,MCCEF,0.196416513
Time Period Benchmark Comparison,Data,07/09/24,VT,-0.017439833,MCCEF,-0.233578566
Time Period Benchmark Comparison,Data,07/10/24,VT,1.055293912,MCCEF,0.442196364
Time Period Benchmark Comparison,Data,07/11/24,VT,-0.198498317,MCCEF,0.264128192
Time Period Benchmark Comparison,Data,07/12/24,VT,0.674507091,MCCEF,0.3180201
Time Period Benchmark Comparison,Data,07/15/24,VT,-0.025768768,MCCEF,0.597364936
Time Period Benchmark Comparison,Data,07/16/24,VT,0.738895094,MCCEF,0.551593051
Time Period Benchmark Comparison,Data,07/17/24,VT,-1.236673774,MCCEF,-0.435665062
Time Period Benchmark Comparison,Data,07/18/24,VT,-0.846286701,MCCEF,-0.688609444
Time Period Benchmark Comparison,Data,07/19/24,VT,-0.661905591,MCCEF,-0.563899927
Time Period Benchmark Comparison,Data,07/22/24,VT,0.999473961,MCCEF,0.538725896
Time Period Benchmark Comparison,Data,07/23/24,VT,-0.3125,MCCEF,-0.171340588
Time Period Benchmark Comparison,Data,07/24/24,VT,-1.92441658,MCCEF,-1.023013587
Time Period Benchmark Comparison,Data,07/25/24,VT,-0.337387907,MCCEF,-0.625946266
Time Period Benchmark Comparison,Data,07/26/24,VT,1.14922049,MCCEF,0.793749173
Time Period Benchmark Comparison,Data,07/29/24,VT,-0.132112031,MCCEF,0.005457074
Time Period Benchmark Comparison,Data,07/30/24,VT,-0.255754476,MCCEF,0.21119925
Time Period Benchmark Comparison,Data,07/31/24,VT,1.556145004,MCCEF,0.436611169
Time Period Benchmark Comparison,Data,08/01/24,VT,-1.810900226,MCCEF,-2.037615204
Time Period Benchmark Comparison,Data,08/02/24,VT,-1.835431814,MCCEF,-2.24033811
Time Period Benchmark Comparison,Data,08/05/24,VT,-2.700749706,MCCEF,-2.166220708
Time Period Benchmark Comparison,Data,08/06/24,VT,0.751949499,MCCEF,0.625561712
Time Period Benchmark Comparison,Data,08/07/24,VT,-0.257993182,MCCEF,0.13353474
Time Period Benchmark Comparison,Data,08/08/24,VT,2.133949192,MCCEF,1.497816305
Time Period Benchmark Comparison,Data,08/09/24,VT,0.416063676,MCCEF,0.570556158
Time Period Benchmark Comparison,Data,08/12/24,VT,0.018014772,MCCEF,0.094408655
Time Period Benchmark Comparison,Data,08/13/24,VT,1.557997118,MCCEF,0.553959936
Time Period Benchmark Comparison,Data,08/14/24,VT,0.248292986,MCCEF,0.218607088
Time Period Benchmark Comparison,Data,08/15/24,VT,1.477222468,MCCEF,1.404915352
Time Period Benchmark Comparison,Data,08/16/24,VT,0.392259414,MCCEF,0.535062936
Time Period Benchmark Comparison,Data,08/19/24,VT,1.024572371,MCCEF,0.385021658
Time Period Benchmark Comparison,Data,08/20/24,VT,-0.27503223,MCCEF,-0.610859961
Time Period Benchmark Comparison,Data,08/21/24,VT,0.57743687,MCCEF,0.711208822
Time Period Benchmark Comparison,Data,08/22/24,VT,-0.839760069,MCCEF,-0.204587255
Time Period Benchmark Comparison,Data,08/23/24,VT,1.451780159,MCCEF,0.869234128
Time Period Benchmark Comparison,Data,08/26/24,VT,-0.459965928,MCCEF,0.005054569
Time Period Benchmark Comparison,Data,08/27/24,VT,0.290946432,MCCEF,0.244583496
Time Period Benchmark Comparison,Data,08/28/24,VT,-0.580204778,MCCEF,0.025069248
Time Period Benchmark Comparison,Data,08/29/24,VT,0.1458977,MCCEF,0.277791401
Time Period Benchmark Comparison,Data,08/30/24,VT,0.728425743,MCCEF,0.372699639
Time Period Benchmark Comparison,Data,09/02/24,VT,0,MCCEF,-0.093097176
Time Period Benchmark Comparison,Data,09/03/24,VT,-1.965288412,MCCEF,-1.151402582
Time Period Benchmark Comparison,Data,09/04/24,VT,-0.21695739,MCCEF,-0.169670075
Time Period Benchmark Comparison,Data,09/05/24,VT,-0.173943294,MCCEF,-0.15277656
Time Period Benchmark Comparison,Data,09/06/24,VT,-1.698902248,MCCEF,-1.456570719
Time Period Benchmark Comparison,Data,09/09/24,VT,1.028095365,MCCEF,0.464925958
Time Period Benchmark Comparison,Data,09/10/24,VT,0.105272392,MCCEF,-0.806310418
Time Period Benchmark Comparison,Data,09/11/24,VT,0.815003067,MCCEF,-0.095650255
Time Period Benchmark Comparison,Data,09/12/24,VT,0.860570236,MCCEF,0.744786506
Time Period Benchmark Comparison,Data,09/13/24,VT,0.525726105,MCCEF,0.808125227
Time Period Benchmark Comparison,Data,09/16/24,VT,0.385802469,MCCEF,0.355285771
Time Period Benchmark Comparison,Data,09/17/24,VT,-0.059783073,MCCEF,0.063162238
Time Period Benchmark Comparison,Data,09/18/24,VT,-0.282003076,MCCEF,0.106110391
Time Period Benchmark Comparison,Data,09/19/24,VT,1.773930928,MCCEF,1.113446289
Time Period Benchmark Comparison,Data,09/20/24,VT,-0.372684406,MCCEF,-0.335074328
Time Period Benchmark Comparison,Data,09/23/24,VT,0.32230704,MCCEF,-0.164644376
Time Period Benchmark Comparison,Data,09/24/24,VT,0.676361177,MCCEF,0.047934979
Time Period Benchmark Comparison,Data,09/25/24,VT,-0.495465233,MCCEF,-0.393213505
Time Period Benchmark Comparison,Data,09/26/24,VT,1.240611022,MCCEF,0.827360358
Time Period Benchmark Comparison,Data,09/27/24,VT,-0.291763921,MCCEF,0.324217333
Time Period Benchmark Comparison,Data,09/30/24,VT,0.075244545,MCCEF,-0.190085143
Time Period Benchmark Comparison,Data,10/01/24,VT,-0.634920635,MCCEF,-0.195899693
Time Period Benchmark Comparison,Data,10/02/24,VT,0.151336808,MCCEF,-0.371615802
Time Period Benchmark Comparison,Data,10/03/24,VT,-0.55406313,MCCEF,-0.283998344
Time Period Benchmark Comparison,Data,10/04/24,VT,0.886375148,MCCEF,0.81530833
Time Period Benchmark Comparison,Data,10/07/24,VT,-0.602460045,MCCEF,-0.476638655
Time Period Benchmark Comparison,Data,10/08/24,VT,0.16836434,MCCEF,-0.242644639
Time Period Benchmark Comparison,Data,10/09/24,VT,0.394991176,MCCEF,0.086350211
Time Period Benchmark Comparison,Data,10/10/24,VT,-0.159049054,MCCEF,-0.585782796
Time Period Benchmark Comparison,Data,10/11/24,VT,0.687515721,MCCEF,0.340580106
Time Period Benchmark Comparison,Data,10/14/24,VT,0.499625281,MCCEF,0.314217239
Time Period Benchmark Comparison,Data,10/15/24,VT,-1.027425636,MCCEF,-0.271895127
Time Period Benchmark Comparison,Data,10/16/24,VT,0.493930515,MCCEF,0.203116135
Time Period Benchmark Comparison,Data,10/17/24,VT,-0.049983339,MCCEF,0.089159999
Time Period Benchmark Comparison,Data,10/18/24,VT,0.491748625,MCCEF,0.452713893
Time Period Benchmark Comparison,Data,10/21/24,VT,-0.514224102,MCCEF,-0.256532538
Time Period Benchmark Comparison,Data,10/22/24,VT,-0.241767403,MCCEF,0.236404833
Time Period Benchmark Comparison,Data,10/23/24,VT,-0.869129199,MCCEF,-0.191840667
Time Period Benchmark Comparison,Data,10/24/24,VT,0.261338729,MCCEF,0.210305088
Time Period Benchmark Comparison,Data,10/25/24,VT,-0.168166148,MCCEF,0.12441277
Time Period Benchmark Comparison,Data,10/28/24,VT,0.522193211,MCCEF,0.59910017
Time Period Benchmark Comparison,Data,10/29/24,VT,-0.083787181,MCCEF,-0.259952557
Time Period Benchmark Comparison,Data,10/30/24,VT,-0.368972746,MCCEF,-0.09985442
Time Period Benchmark Comparison,Data,10/31/24,VT,-1.447689588,MCCEF,-0.729841991
Time Period Benchmark Comparison,Data,11/01/24,VT,0.401400632,MCCEF,0.186919501
Time Period Benchmark Comparison,Data,11/04/24,VT,-0.051037768,MCCEF,-0.44277858
Time Period Benchmark Comparison,Data,11/05/24,VT,1.208510638,MCCEF,0.817339624
Time Period Benchmark Comparison,Data,11/06/24,VT,1.311806256,MCCEF,1.500157768
Time Period Benchmark Comparison,Data,11/07/24,VT,1.054116866,MCCEF,0.920628988
Time Period Benchmark Comparison,Data,11/08/24,VT,-0.27926078,MCCEF,-0.244500357
Time Period Benchmark Comparison,Data,11/11/24,VT,0.115311754,MCCEF,0.848790559
Time Period Benchmark Comparison,Data,11/12/24,VT,-0.798025504,MCCEF,-0.492474837
Time Period Benchmark Comparison,Data,11/13/24,VT,-0.207331232,MCCEF,-0.175127477
Time Period Benchmark Comparison,Data,11/14/24,VT,-0.51524973,MCCEF,-0.473279527
Time Period Benchmark Comparison,Data,11/15/24,VT,-0.994069,MCCEF,-0.00008615
Time Period Benchmark Comparison,Data,11/18/24,VT,0.590617617,MCCEF,0.596479638
Time Period Benchmark Comparison,Data,11/19/24,VT,0.260023486,MCCEF,0.160380409
Time Period Benchmark Comparison,Data,11/20/24,VT,-0.025098302,MCCEF,-0.345903044
Time Period Benchmark Comparison,Data,11/21/24,VT,0.476987448,MCCEF,0.301247217
Time Period Benchmark Comparison,Data,11/22/24,VT,0.433080703,MCCEF,0.201326914
Time Period Benchmark Comparison,Data,11/25/24,VT,0.42292064,MCCEF,0.421113369
Time Period Benchmark Comparison,Data,11/26/24,VT,0.066061107,MCCEF,-0.028609338
Time Period Benchmark Comparison,Data,11/27/24,VT,-0.123782802,MCCEF,-0.24290651
Time Period Benchmark Comparison,Data,11/28/24,VT,0,MCCEF,0.117856086
Time Period Benchmark Comparison,Data,11/29/24,VT,0.751879699,MCCEF,0.407007376
Time Period Benchmark Comparison,Data,12/02/24,VT,0.213219616,MCCEF,0.336963782
Time Period Benchmark Comparison,Data,12/03/24,VT,0.163666121,MCCEF,-0.015689755
Time Period Benchmark Comparison,Data,12/04/24,VT,0.408496732,MCCEF,0.225199302
Time Period Benchmark Comparison,Data,12/05/24,VT,0.016273393,MCCEF,0.160505295
Time Period Benchmark Comparison,Data,12/06/24,VT,0.122030589,MCCEF,0.131164219
Time Period Benchmark Comparison,Data,12/09/24,VT,-0.203136426,MCCEF,-0.252561896
Time Period Benchmark Comparison,Data,12/10/24,VT,-0.635075721,MCCEF,-0.114869866
Time Period Benchmark Comparison,Data,12/11/24,VT,0.762045231,MCCEF,0.664549373
Time Period Benchmark Comparison,Data,12/12/24,VT,-0.674961373,MCCEF,0.120563051
Time Period Benchmark Comparison,Data,12/13/24,VT,-0.114622564,MCCEF,-0.252561024
Time Period Benchmark Comparison,Data,12/16/24,VT,0.131147541,MCCEF,-0.231286953
Time Period Benchmark Comparison,Data,12/17/24,VT,-0.417485265,MCCEF,-0.197884614
Time Period Benchmark Comparison,Data,12/18/24,VT,-2.95108919,MCCEF,-1.340357097
Time Period Benchmark Comparison,Data,12/19/24,VT,-0.016940539,MCCEF,-0.303793108
Time Period Benchmark Comparison,Data,12/20/24,VT,0.802609285,MCCEF,0.331717044
Time Period Benchmark Comparison,Data,12/23/24,VT,0.550334434,MCCEF,0.242962849
Time Period Benchmark Comparison,Data,12/24/24,VT,0.791512294,MCCEF,0.691161591
Time Period Benchmark Comparison,Data,12/25/24,VT,0,MCCEF,0.001417328
Time Period Benchmark Comparison,Data,12/26/24,VT,0.116959064,MCCEF,0.131192428
Time Period Benchmark Comparison,Data,12/27/24,VT,-0.784379172,MCCEF,-0.337970936
Time Period Benchmark Comparison,Data,12/30/24,VT,-0.967199327,MCCEF,-0.569381402
Time Period Benchmark Comparison,Data,12/31/24,VT,-0.229299363,MCCEF,-0.18461891
Time Period Benchmark Comparison,Data,01/01/25,VT,0,MCCEF,0.002341533
Time Period Benchmark Comparison,Data,01/02/25,VT,-0.204290092,MCCEF,-0.4281535
Time Period Benchmark Comparison,Data,01/03/25,VT,1.032070966,MCCEF,1.146652136
Time Period Benchmark Comparison,Data,01/06/25,VT,0.616293795,MCCEF,0.632672627
Time Period Benchmark Comparison,Data,01/07/25,VT,-0.98170834,MCCEF,-0.049412386
Time Period Benchmark Comparison,Data,01/08/25,VT,0.033895433,MCCEF,0.261797285
Time Period Benchmark Comparison,Data,01/09/25,VT,0,MCCEF,0.13295288
Time Period Benchmark Comparison,Data,01/10/25,VT,-1.601016518,MCCEF,-0.845774479
Time Period Benchmark Comparison,Data,01/13/25,VT,0.034435262,MCCEF,0.106762833
Time Period Benchmark Comparison,Data,01/14/25,VT,0.344234079,MCCEF,0.702024544
Time Period Benchmark Comparison,Data,01/15/25,VT,1.526586621,MCCEF,1.501058157
Time Period Benchmark Comparison,Data,01/16/25,VT,0.092921102,MCCEF,0.093422082
Time Period Benchmark Comparison,Data,01/17/25,VT,0.835513545,MCCEF,0.638526642
Time Period Benchmark Comparison,Data,01/20/25,VT,0,MCCEF,0.228741067
Time Period Benchmark Comparison,Data,01/21/25,VT,1.213592233,MCCEF,0.556591614
Time Period Benchmark Comparison,Data,01/22/25,VT,0.256346647,MCCEF,0.084434859
Time Period Benchmark Comparison,Data,01/23/25,VT,0.536126691,MCCEF,0.659827891
Time Period Benchmark Comparison,Data,01/24/25,VT,0.008204118,MCCEF,0.093318455
Time Period Benchmark Comparison,Data,01/27/25,VT,-1.140278917,MCCEF,-0.211119967
Time Period Benchmark Comparison,Data,01/28/25,VT,0.647249191,MCCEF,0.160687485
Time Period Benchmark Comparison,Data,01/29/25,VT,-0.305054003,MCCEF,-0.060344474
Time Period Benchmark Comparison,Data,01/30/25,VT,0.843532914,MCCEF,0.389691857
Time Period Benchmark Comparison,Data,01/31/25,VT,-0.713465639,MCCEF,-0.143052456
Time Period Benchmark Comparison,Data,02/03/25,VT,-0.784670026,MCCEF,-0.508549988
Time Period Benchmark Comparison,Data,02/04/25,VT,0.932400932,MCCEF,0.543011939
Time Period Benchmark Comparison,Data,02/05/25,VT,0.527878588,MCCEF,0.120818358
Time Period Benchmark Comparison,Data,02/06/25,VT,0.328191664,MCCEF,-0.194202021
Time Period Benchmark Comparison,Data,02/07/25,VT,-0.809617272,MCCEF,-0.586379717
Time Period Benchmark Comparison,Data,02/10/25,VT,0.659576222,MCCEF,0.325294583
Time Period Benchmark Comparison,Data,02/11/25,VT,0.057334753,MCCEF,0.346571253
Time Period Benchmark Comparison,Data,02/12/25,VT,-0.098231827,MCCEF,-0.173405106
Time Period Benchmark Comparison,Data,02/13/25,VT,1.081612586,MCCEF,1.150684829
Time Period Benchmark Comparison,Data,02/14/25,VT,0.10538262,MCCEF,0.769145825
Time Period Benchmark Comparison,Data,02/17/25,VT,0,MCCEF,1.202815089
Time Period Benchmark Comparison,Data,02/18/25,VT,0.388695441,MCCEF,0.362228554
Time Period Benchmark Comparison,Data,02/19/25,VT,-0.120997015,MCCEF,-0.009341777
Time Period Benchmark Comparison,Data,02/20/25,VT,-0.137296075,MCCEF,-1.213009833
Time Period Benchmark Comparison,Data,02/21/25,VT,-1.407197736,MCCEF,-1.440631513
Time Period Benchmark Comparison,Data,02/24/25,VT,-0.492166352,MCCEF,0.156162737
Time Period Benchmark Comparison,Data,02/25/25,VT,-0.115406809,MCCEF,-0.091915773
Time Period Benchmark Comparison,Data,02/26/25,VT,0.148551622,MCCEF,0.226872189
Time Period Benchmark Comparison,Data,02/27/25,VT,-1.508034611,MCCEF,-0.791646293
Time Period Benchmark Comparison,Data,02/28/25,VT,0.878514056,MCCEF,0.764233454
Time Period Benchmark Comparison,Data,03/03/25,VT,-1.061623953,MCCEF,0.229179906
Time Period Benchmark Comparison,Data,03/04/25,VT,-0.729315114,MCCEF,-2.033241549
Time Period Benchmark Comparison,Data,03/05/25,VT,1.655125823,MCCEF,2.022743958
Time Period Benchmark Comparison,Data,03/06/25,VT,-1.486957966,MCCEF,-0.81958
Time Period Benchmark Comparison,Data,03/07/25,VT,0.632431065,MCCEF,-0.24321452
Time Period Benchmark Comparison,Data,03/10/25,VT,-2.547343724,MCCEF,-2.969643607
Time Period Benchmark Comparison,Data,03/11/25,VT,-0.404127257,MCCEF,-0.699132411
Time Period Benchmark Comparison,Data,03/12/25,VT,0.543900544,MCCEF,0.816254694
Time Period Benchmark Comparison,Data,03/13/25,VT,-1.184956208,MCCEF,-1.370242855
Time Period Benchmark Comparison,Data,03/14/25,VT,2.076816128,MCCEF,2.539861598
Time Period Benchmark Comparison,Data,03/17/25,VT,0.995998978,MCCEF,1.294972743
Time Period Benchmark Comparison,Data,03/18/25,VT,-0.716453136,MCCEF,0.299219593
Time Period Benchmark Comparison,Data,03/19/25,VT,0.823499448,MCCEF,-0.438994494
Time Period Benchmark Comparison,Data,03/20/25,VT,-0.429437521,MCCEF,-1.238208455
Time Period Benchmark Comparison,Data,03/21/25,VT,-0.223932347,MCCEF,-0.403442144
Time Period Benchmark Comparison,Data,03/24/25,VT,1.267006803,MCCEF,1.319966349
Time Period Benchmark Comparison,Data,03/25/25,VT,0.193131245,MCCEF,0.13967339
Time Period Benchmark Comparison,Data,03/26/25,VT,-1.089507208,MCCEF,0.553728305
Time Period Benchmark Comparison,Data,03/27/25,VT,-0.110150822,MCCEF,-1.029547812
Time Period Benchmark Comparison,Data,03/28/25,VT,-1.75587412,MCCEF,-2.568058752
Time Period Benchmark Comparison,Data,03/31/25,VT,0.112243136,MCCEF,-0.099415275
Time Period Benchmark Comparison,Data,04/01/25,VT,0.327727469,MCCEF,0.360666741
Time Period Benchmark Comparison,Data,04/02/25,VT,0.593140205,MCCEF,0.144011347
Time Period Benchmark Comparison,Data,04/03/25,VT,-3.94804307,MCCEF,-3.055197741
Time Period Benchmark Comparison,Data,04/04/25,VT,-5.960854093,MCCEF,-4.756792878
Time Period Benchmark Comparison,Data,04/07/25,VT,-1.201513718,MCCEF,-0.553841731
Time Period Benchmark Comparison,Data,04/08/25,VT,-1.216125634,MCCEF,0.53796285
Time Period Benchmark Comparison,Data,04/09/25,VT,8.549825514,MCCEF,3.310347347
Time Period Benchmark Comparison,Data,04/10/25,VT,-2.786211824,MCCEF,0.725792486
Time Period Benchmark Comparison,Data,04/11/25,VT,2.066874885,MCCEF,1.261716563
Time Period Benchmark Comparison,Data,04/14/25,VT,0.94500945,MCCEF,1.647075587
Time Period Benchmark Comparison,Data,04/15/25,VT,0.09807418,MCCEF,0.951990592
Time Period Benchmark Comparison,Data,04/16/25,VT,-1.487485526,MCCEF,-0.041057348
Time Period Benchmark Comparison,Data,04/17/25,VT,0.524412297,MCCEF,-0.467017641
Time Period Benchmark Comparison,Data,04/18/25,VT,0,MCCEF,0.224535294
Time Period Benchmark Comparison,Data,04/21/25,VT,-1.547040835,MCCEF,0.572838338
Time Period Benchmark Comparison,Data,04/22/25,VT,2.183446008,MCCEF,-0.38490098
Time Period Benchmark Comparison,Data,04/23/25,VT,1.278497988,MCCEF,-0.226556463
Time Period Benchmark Comparison,Data,04/24/25,VT,1.739053672,MCCEF,1.484875103
Time Period Benchmark Comparison,Data,04/25/25,VT,0.477223427,MCCEF,0.200531468
Time Period Benchmark Comparison,Data,04/28/25,VT,0.284974093,MCCEF,0.715254477
Time Period Benchmark Comparison,Data,04/29/25,VT,0.456385086,MCCEF,0.410427647
Time Period Benchmark Comparison,Data,04/30/25,VT,-0.05143151,MCCEF,-0.112710717
Time Period Benchmark Comparison,Data,05/01/25,VT,0.360205832,MCCEF,-0.232812375
Time Period Benchmark Comparison,Data,05/02/25,VT,1.743291745,MCCEF,1.633819108
Time Period Benchmark Comparison,Data,05/05/25,VT,-0.218377289,MCCEF,0.744653824
Time Period Benchmark Comparison,Data,05/06/25,VT,-0.563973064,MCCEF,-0.067002251
Time Period Benchmark Comparison,Data,05/07/25,VT,0.067722001,MCCEF,-0.990206616
Time Period Benchmark Comparison,Data,05/08/25,VT,0.346840369,MCCEF,0.778680515
Time Period Benchmark Comparison,Data,05/09/25,VT,0.143314787,MCCEF,0.233092213
Time Period Benchmark Comparison,Data,05/12/25,VT,2.474955804,MCCEF,-1.06154713
Time Period Benchmark Comparison,Data,05/13/25,VT,0.49289411,MCCEF,1.284810081
Time Period Benchmark Comparison,Data,05/14/25,VT,0,MCCEF,-0.455527202
Time Period Benchmark Comparison,Data,05/15/25,VT,0.564048067,MCCEF,0.974023943
Time Period Benchmark Comparison,Data,05/16/25,VT,0.487725573,MCCEF,0.152222871
Time Period Benchmark Comparison,Data,05/19/25,VT,0.275036402,MCCEF,0.864259595
Time Period Benchmark Comparison,Data,05/20/25,VT,-0.10487254,MCCEF,0.766839021
Time Period Benchmark Comparison,Data,05/21/25,VT,-1.251716062,MCCEF,0.367512623
Time Period Benchmark Comparison,Data,05/22/25,VT,-0.07360157,MCCEF,-0.665823757
Time Period Benchmark Comparison,Data,05/23/25,VT,-0.229151322,MCCEF,0.442193916
Time Period Benchmark Comparison,Data,05/26/25,VT,0,MCCEF,0.834900967
Time Period Benchmark Comparison,Data,05/27/25,VT,1.624148962,MCCEF,0.142229429
Time Period Benchmark Comparison,Data,05/28/25,VT,-0.686092501,MCCEF,0.022418801
Time Period Benchmark Comparison,Data,05/29/25,VT,0.406371912,MCCEF,0.671396124
Time Period Benchmark Comparison,Data,05/30/25,VT,-0.137607253,MCCEF,-0.209464625
Time Period Benchmark Comparison,Data,06/02/25,VT,0.664667261,MCCEF,1.118162914
Time Period Benchmark Comparison,Data,06/03/25,VT,0.2576697,MCCEF,-0.141004961
Time Period Benchmark Comparison,Data,06/04/25,VT,0.232913019,MCCEF,0.2448348
Time Period Benchmark Comparison,Data,06/05/25,VT,-0.272435897,MCCEF,-0.116453526
Time Period Benchmark Comparison,Data,06/06/25,VT,0.779366865,MCCEF,-0.819317342
Time Period Benchmark Comparison,Data,06/09/25,VT,0.167424061,MCCEF,0.22856479
Time Period Benchmark Comparison,Data,06/10/25,VT,0.477554919,MCCEF,-0.690425348
Time Period Benchmark Comparison,Data,06/11/25,VT,-0.190114068,MCCEF,0.522304658
Time Period Benchmark Comparison,Data,06/12/25,VT,0.428571429,MCCEF,0.63037224
Time Period Benchmark Comparison,Data,06/13/25,VT,-1.256519678,MCCEF,-0.841106868
Time Period Benchmark Comparison,Data,06/16/25,VT,0.87234894,MCCEF,0.454382075
Time Period Benchmark Comparison,Data,06/17/25,VT,-0.975880673,MCCEF,-0.864514407
Time Period Benchmark Comparison,Data,06/18/25,VT,0.05608525,MCCEF,0.034117286
Time Period Benchmark Comparison,Data,06/19/25,VT,0,MCCEF,-0.001001517
Time Period Benchmark Comparison,Data,06/20/25,VT,-0.436659193,MCCEF,1.429093296
Time Period Benchmark Comparison,Data,06/23/25,VT,0.953612413,MCCEF,0.325549603
Time Period Benchmark Comparison,Data,06/24/25,VT,1.256804355,MCCEF,0.639277411
Time Period Benchmark Comparison,Data,06/25/25,VT,-0.173926793,MCCEF,0.592448477
Time Period Benchmark Comparison,Data,06/26/25,VT,0.934505425,MCCEF,0.754924136
Time Period Benchmark Comparison,Data,06/27/25,VT,0.431541781,MCCEF,0.335987934
Time Period Benchmark Comparison,Data,06/30/25,VT,0.40625,MCCEF,0.875222389
Time Period Benchmark Comparison,Data,07/01/25,VT,0.00778089,MCCEF,-0.9040067
Time Period Benchmark Comparison,Data,07/02/25,VT,0.451256516,MCCEF,0.498377786
Time Period Benchmark Comparison,Data,07/03/25,VT,0.526682674,MCCEF,-0.161308396
Time Period Benchmark Comparison,Data,07/04/25,VT,0,MCCEF,0.406154623
Time Period Benchmark Comparison,Data,07/07/25,VT,-0.909160952,MCCEF,-0.059113817
Time Period Benchmark Comparison,Data,07/08/25,VT,0.209937019,MCCEF,0.806818244
Time Period Benchmark Comparison,Data,07/09/25,VT,0.597454997,MCCEF,0.716745287
Time Period Benchmark Comparison,Data,07/10/25,VT,0.185113768,MCCEF,-0.013033436
Time Period Benchmark Comparison,Data,07/11/25,VT,-0.500423435,MCCEF,-0.510236341
Time Period Benchmark Comparison,Data,07/14/25,VT,0.177963479,MCCEF,-0.081340219
Time Period Benchmark Comparison,Data,07/15/25,VT,-0.509770603,MCCEF,-0.774187551
Time Period Benchmark Comparison,Data,07/16/25,VT,0.395931993,MCCEF,-0.01815592
Time Period Benchmark Comparison,Data,07/17/25,VT,0.510361893,MCCEF,0.128705724
Time Period Benchmark Comparison,Data,07/18/25,VT,-0.084628404,MCCEF,0.292399346
Time Period Benchmark Comparison,Data,07/21/25,VT,0.246400246,MCCEF,0.590930394
Time Period Benchmark Comparison,Data,07/22/25,VT,0.276518934,MCCEF,0.26717107
Time Period Benchmark Comparison,Data,07/23/25,VT,1.148985063,MCCEF,1.106994506
Time Period Benchmark Comparison,Data,07/24/25,VT,-0.265051117,MCCEF,-0.307054702
Time Period Benchmark Comparison,Data,07/25/25,VT,0.212604404,MCCEF,-0.209924463
Time Period Benchmark Comparison,Data,07/28/25,VT,-0.500075769,MCCEF,-2.033796002
Time Period Benchmark Comparison,Data,07/29/25,VT,-0.182759671,MCCEF,0.098831218
Time Period Benchmark Comparison,Data,07/30/25,VT,-0.350930729,MCCEF,-1.388038454
Time Period Benchmark Comparison,Data,07/31/25,VT,-0.528249885,MCCEF,-0.016733551
Time Period Benchmark Comparison,Data,08/01/25,VT,-1.169860694,MCCEF,0.262495528
Time Period Benchmark Comparison,Data,08/04/25,VT,1.401759988,MCCEF,0.454961394
Time Period Benchmark Comparison,Data,08/05/25,VT,-0.199677444,MCCEF,0.364613296
Time Period Benchmark Comparison,Data,08/06/25,VT,0.65409773,MCCEF,1.042634499
Time Period Benchmark Comparison,Data,08/07/25,VT,0.183486239,MCCEF,-0.212944122
Time Period Benchmark Comparison,Data,08/08/25,VT,0.587606838,MCCEF,0.090805113
Time Period Benchmark Comparison,Data,08/11/25,VT,-0.265533723,MCCEF,-0.597914262
Time Period Benchmark Comparison,Data,08/12/25,VT,1.194279629,MCCEF,1.025075485
Time Period Benchmark Comparison,Data,08/13/25,VT,0.503645794,MCCEF,0.65605648
Time Period Benchmark Comparison,Data,08/14/25,VT,-0.23934181,MCCEF,-0.28935794
Time Period Benchmark Comparison,Data,08/15/25,VT,0,MCCEF,0.237732498
Time Period Benchmark Comparison,Data,08/18/25,VT,0.052481631,MCCEF,-0.137729883
Time Period Benchmark Comparison,Data,08/19/25,VT,-0.457100037,MCCEF,-0.65760173
Time Period Benchmark Comparison,Data,08/20/25,VT,-0.127973502,MCCEF,-0.232203303
Time Period Benchmark Comparison,Data,08/21/25,VT,-0.361799955,MCCEF,-0.046275223
Time Period Benchmark Comparison,Data,08/22/25,VT,1.709660337,MCCEF,1.785786635
Time Period Benchmark Comparison,Data,08/25/25,VT,-0.654518408,MCCEF,-0.805738783
Time Period Benchmark Comparison,Data,08/26/25,VT,0.262034888,MCCEF,0.047750925
Time Period Benchmark Comparison,Data,08/27/25,VT,0.044802867,MCCEF,-0.327348661
Time Period Benchmark Comparison,Data,08/28/25,VT,0.39558143,MCCEF,0.487110476
Time Period Benchmark Comparison,Data,08/29/25,VT,-0.550144971,MCCEF,0.202484116
Time Period Benchmark Comparison,Data,09/01/25,VT,0,MCCEF,0.934051502
Time Period Benchmark Comparison,Data,09/02/25,VT,-0.717649697,MCCEF,-1.199242944
Time Period Benchmark Comparison,Data,09/03/25,VT,0.368948121,MCCEF,0.077972038
Time Period Benchmark Comparison,Data,09/04/25,VT,0.71267817,MCCEF,-0.277111088
Time Period Benchmark Comparison,Data,09/05/25,VT,0.096834264,MCCEF,0.259972437
Time Period Benchmark Comparison,Data,09/08/25,VT,0.543235601,MCCEF,1.184775649
Time Period Benchmark Comparison,Data,09/09/25,VT,0.096217897,MCCEF,-0.472350649
Time Period Benchmark Comparison,Data,09/10/25,VT,0.2144336,MCCEF,0.0817542
Time Period Benchmark Comparison,Data,09/11/25,VT,0.988710986,MCCEF,0.970228807
Time Period Benchmark Comparison,Data,09/12/25,VT,-0.19726748,MCCEF,-0.071855643
Time Period Benchmark Comparison,Data,09/15/25,VT,0.563689605,MCCEF,0.792407
Time Period Benchmark Comparison,Data,09/16/25,VT,-0.036398049,MCCEF,0.211688583
Time Period Benchmark Comparison,Data,09/17/25,VT,-0.145645208,MCCEF,-0.362518271
Time Period Benchmark Comparison,Data,09/18/25,VT,0.466744457,MCCEF,0.34749605
Time Period Benchmark Comparison,Data,09/19/25,VT,0.136541812,MCCEF,-0.370195339
Time Period Benchmark Comparison,Data,09/22/25,VT,0.407361606,MCCEF,0.434209984
Time Period Benchmark Comparison,Data,09/23/25,VT,-0.376729696,MCCEF,0.304091387
Time Period Benchmark Comparison,Data,09/24/25,VT,-0.4508763,MCCEF,-0.145936467
Time Period Benchmark Comparison,Data,09/25/25,VT,-0.562495434,MCCEF,-0.841199532
Time Period Benchmark Comparison,Data,09/26/25,VT,0.543637967,MCCEF,0.497149196
Time Period Benchmark Comparison,Data,09/29/25,VT,0.379950314,MCCEF,0.702368866
Time Period Benchmark Comparison,Data,09/30/25,VT,0.305721357,MCCEF,0.387888326
Time Period Benchmark Comparison,Data,10/01/25,VT,0.515239478,MCCEF,-0.306130712
Time Period Benchmark Comparison,Data,10/02/25,VT,0.144393907,MCCEF,0.459122147
Time Period Benchmark Comparison,Data,10/03/25,VT,0.266743566,MCCEF,0.520683241
Time Period Benchmark Comparison,Data,10/06/25,VT,0.359505321,MCCEF,-0.482057781
Time Period Benchmark Comparison,Data,10/07/25,VT,-0.616134117,MCCEF,-0.759823763
Time Period Benchmark Comparison,Data,10/08/25,VT,0.540657439,MCCEF,-0.004575789
Time Period Benchmark Comparison,Data,10/09/25,VT,-0.523410052,MCCEF,-0.707039381
Time Period Benchmark Comparison,Data,10/10/25,VT,-2.580366153,MCCEF,-0.888366016
Time Period Benchmark Comparison,Data,10/13/25,VT,1.598105949,MCCEF,0.011373034
Time Period Benchmark Comparison,Data,10/14/25,VT,-0.050975823,MCCEF,-0.121831234
Time Period Benchmark Comparison,Data,10/15/25,VT,0.561020036,MCCEF,-0.422811364
Time Period Benchmark Comparison,Data,10/16/25,VT,-0.26807709,MCCEF,0.546249504
Time Period Benchmark Comparison,Data,10/17/25,VT,0.312386487,MCCEF,-1.760552392
Time Period Benchmark Comparison,Data,10/20/25,VT,0.992178447,MCCEF,1.308876345
Time Period Benchmark Comparison,Data,10/21/25,VT,-0.258157046,MCCEF,-0.009954359
Time Period Benchmark Comparison,Data,10/22/25,VT,-0.431375368,MCCEF,-0.434461099
Time Period Benchmark Comparison,Data,10/23/25,VT,0.657087154,MCCEF,0.325967476
Time Period Benchmark Comparison,Data,10/24/25,VT,0.631276901,MCCEF,0.061189714
Time Period Benchmark Comparison,Data,10/27/25,VT,0.998003992,MCCEF,0.009903734
Time Period Benchmark Comparison,Data,10/28/25,VT,0.070581592,MCCEF,0.252500611
Time Period Benchmark Comparison,Data,10/29/25,VT,-0.134010439,MCCEF,-0.503159851
Time Period Benchmark Comparison,Data,10/30/25,VT,-0.882830708,MCCEF,-0.574075075
Time Period Benchmark Comparison,Data,10/31/25,VT,0.178138806,MCCEF,-0.230486288
Time Period Benchmark Comparison,Data,11/03/25,VT,0.120918984,MCCEF,0.506192866
Time Period Benchmark Comparison,Data,11/04/25,VT,-1.257459506,MCCEF,-1.108025223
Time Period Benchmark Comparison,Data,11/05/25,VT,0.546801928,MCCEF,-0.040199618
Time Period Benchmark Comparison,Data,11/06/25,VT,-0.894454383,MCCEF,-0.268101466
Time Period Benchmark Comparison,Data,11/07/25,VT,0.238267148,MCCEF,0.301593859
Time Period Benchmark Comparison,Data,11/10/25,VT,1.397392494,MCCEF,0.970091328
Time Period Benchmark Comparison,Data,11/11/25,VT,0.26994388,MCCEF,-0.337468872
Time Period Benchmark Comparison,Data,11/12/25,VT,0.240878498,MCCEF,0.331413599
Time Period Benchmark Comparison,Data,11/13/25,VT,-1.554880204,MCCEF,0.63649891
Time Period Benchmark Comparison,Data,11/14/25,VT,-0.035896331,MCCEF,-0.965948219
Time Period Benchmark Comparison,Data,11/17/25,VT,-1.098822178,MCCEF,-1.161798819
Time Period Benchmark Comparison,Data,11/18/25,VT,-0.747948588,MCCEF,-0.962768835
Time Period Benchmark Comparison,Data,11/19/25,VT,0.102429031,MCCEF,-1.354898454
Time Period Benchmark Comparison,Data,11/20/25,VT,-1.527554451,MCCEF,-0.438078682
Time Period Benchmark Comparison,Data,11/21/25,VT,1.053959771,MCCEF,-1.648672427
Time Period Benchmark Comparison,Data,11/24/25,VT,1.211898641,MCCEF,-0.157738366
Time Period Benchmark Comparison,Data,11/25/25,VT,0.928882438,MCCEF,0.744603377
Time Period Benchmark Comparison,Data,11/26/25,VT,0.819672131,MCCEF,0.899135928
Time Period Benchmark Comparison,Data,11/27/25,VT,0,MCCEF,0.356837678
Time Period Benchmark Comparison,Data,11/28/25,VT,0.477820568,MCCEF,0.06514231
Time Period Benchmark Comparison,Data,12/01/25,VT,-0.4755483,MCCEF,-0.959231046
Time Period Benchmark Comparison,Data,12/02/25,VT,0.185422907,MCCEF,0.755351788
Time Period Benchmark Comparison,Data,12/03/25,VT,0.412870159,MCCEF,0.455375818
Time Period Benchmark Comparison,Data,12/04/25,VT,0.155962002,MCCEF,0.509308129
Time Period Benchmark Comparison,Data,12/05/25,VT,0.198187995,MCCEF,0.653050755
Time Period Benchmark Comparison,Data,12/08/25,VT,-0.303758124,MCCEF,0.5520319
Time Period Benchmark Comparison,Data,12/09/25,VT,-0.113370651,MCCEF,0.741163421
Time Period Benchmark Comparison,Data,12/10/25,VT,0.851244946,MCCEF,0.215130668
Time Period Benchmark Comparison,Data,12/11/25,VT,0.274319477,MCCEF,0.455164567
Time Period Benchmark Comparison,Data,12/12/25,VT,-0.939955107,MCCEF,-0.358978978
Time Period Benchmark Comparison,Data,12/15/25,VT,0,MCCEF,-0.27720963
Time Period Benchmark Comparison,Data,12/16/25,VT,-0.382382099,MCCEF,-1.133714526
Time Period Benchmark Comparison,Data,12/17/25,VT,-0.916974694,MCCEF,-0.67035314
Time Period Benchmark Comparison,Data,12/18/25,VT,0.753282158,MCCEF,0.640826226
Time Period Benchmark Comparison,Data,12/19/25,VT,0.836798633,MCCEF,0.29219824
Time Period Benchmark Comparison,Data,12/22/25,VT,0.597864769,MCCEF,0.481655396
Time Period Benchmark Comparison,Data,12/23/25,VT,0.474034244,MCCEF,0.163626869
Time Period Benchmark Comparison,Data,12/24/25,VT,0.246461517,MCCEF,0.019665552
Time Period Benchmark Comparison,Data,12/25/25,VT,0,MCCEF,0.00422464
Time Period Benchmark Comparison,Data,12/26/25,VT,0.098342231,MCCEF,-0.013779893
Time Period Benchmark Comparison,Data,12/29/25,VT,-0.343859649,MCCEF,-0.307798673
Time Period Benchmark Comparison,Data,12/30/25,VT,-0.021125273,MCCEF,0.408683919
Time Period Benchmark Comparison,Data,12/31/25,VT,-0.647978589,MCCEF,-0.195494051
Time Period Benchmark Comparison,Data,01/01/26,VT,0,MCCEF,-0.000055111
Time Period Benchmark Comparison,Data,01/02/26,VT,0.737274918,MCCEF,1.000219999
Time Period Benchmark Comparison,Data,01/05/26,VT,0.844475721,MCCEF,1.810994385
Time Period Benchmark Comparison,Data,01/06/26,VT,0.586182833,MCCEF,-0.042557789
Time Period Benchmark Comparison,Data,01/07/26,VT,-0.416261968,MCCEF,0.935092167
Time Period Benchmark Comparison,Data,01/08/26,VT,0.069666992,MCCEF,-0.16708893
Time Period Benchmark Comparison,Data,01/09/26,VT,0.661375661,MCCEF,0.408465044
Time Period Benchmark Comparison,Data,01/12/26,VT,0.449546995,MCCEF,0.591497611
Time Period Benchmark Comparison,Data,01/13/26,VT,-0.371798403,MCCEF,-0.045136971
Time Period Benchmark Comparison,Data,01/14/26,VT,-0.0691085,MCCEF,-0.81929445
Time Period Benchmark Comparison,Data,01/15/26,VT,0.228215768,MCCEF,-0.235051078
Time Period Benchmark Comparison,Data,01/16/26,VT,0,MCCEF,-0.143960874
Time Period Benchmark Comparison,Data,01/19/26,VT,0,MCCEF,0.075935082
Time Period Benchmark Comparison,Data,01/20/26,VT,-1.71117091,MCCEF,-0.448219425
Time Period Benchmark Comparison,Data,01/21/26,VT,1.172341172,MCCEF,-0.671008137
Time Period Benchmark Comparison,Data,01/22/26,VT,0.555092978,MCCEF,0.330712186
Time Period Benchmark Comparison,Data,01/23/26,VT,0.193210047,MCCEF,1.230839071
Time Period Benchmark Comparison,Data,01/26/26,VT,0.44077135,MCCEF,0.050209909
Time Period Benchmark Comparison,Data,01/27/26,VT,0.829676358,MCCEF,1.396402853
Time Period Benchmark Comparison,Data,01/28/26,VT,-0.170010201,MCCEF,-0.807208469
Time Period Benchmark Comparison,Data,01/29/26,VT,-0.054495913,MCCEF,-1.712191506
Time Period Benchmark Comparison,Data,01/30/26,VT,-0.865594329,MCCEF,-0.669873182
Time Period Benchmark Comparison,Data,02/02/26,VT,0.48126504,MCCEF,-0.519096082
Time Period Benchmark Comparison,Data,02/03/26,VT,-0.369483407,MCCEF,-0.219981997
Time Period Benchmark Comparison,Data,02/04/26,VT,-0.329647689,MCCEF,-0.86227625
Time Period Benchmark Comparison,Data,02/05/26,VT,-1.21270585,MCCEF,-1.365038866
Time Period Benchmark Comparison,Data,02/06/26,VT,2.155262607,MCCEF,1.91952583
Time Period Benchmark Comparison,Data,02/09/26,VT,0.82616414,MCCEF,2.219888453
Time Period Benchmark Comparison,Data,02/10/26,VT,-0.060946705,MCCEF,0.103013156
Time Period Benchmark Comparison,Data,02/11/26,VT,0.271039436,MCCEF,-0.876953801
Time Period Benchmark Comparison,Data,02/12/26,VT,-1.365049331,MCCEF,-0.914355776
Time Period Benchmark Comparison,Data,02/13/26,VT,0.2603453,MCCEF,1.084507206
Time Period Benchmark Comparison,Data,02/16/26,VT,0,MCCEF,-0.099683028
Time Period Benchmark Comparison,Data,02/17/26,VT,-0.034167008,MCCEF,-0.099141447
Time Period Benchmark Comparison,Data,02/18/26,VT,0.492173081,MCCEF,0.774126281
Time Period Benchmark Comparison,Data,02/19/26,VT,-0.224474526,MCCEF,-0.468845008
Time Period Benchmark Comparison,Data,02/20/26,VT,0.865830379,MCCEF,0.281587257
Time Period Benchmark Comparison,Data,02/23/26,VT,-0.878675228,MCCEF,-1.088308147
Time Period Benchmark Comparison,Data,02/24/26,VT,0.715990453,MCCEF,-0.057655889
Time Period Benchmark Comparison,Data,02/25/26,VT,0.819228165,MCCEF,0.619724325
Time Period Benchmark Comparison,Data,02/26/26,VT,-0.342488752,MCCEF,-0.136208556
Time Period Benchmark Comparison,Data,02/27/26,VT,-0.377358491,MCCEF,-0.558786468
Time Period Benchmark Comparison,Data,03/02/26,VT,-0.602002165,MCCEF,-1.525021207
Time Period Benchmark Comparison,Data,03/03/26,VT,-1.980265396,MCCEF,-2.290024134
Time Period Benchmark Comparison,Data,03/04/26,VT,0.846986948,MCCEF,1.61705264
Time Period Benchmark Comparison,Data,03/05/26,VT,-1.163431089,MCCEF,-2.326908394
Time Period Benchmark Comparison,Data,03/06/26,VT,-1.142299923,MCCEF,-0.286506442
Time Period Benchmark Comparison,Data,03/09/26,VT,0.922990206,MCCEF,0.008187265
Time Period Benchmark Comparison,Data,03/10/26,VT,-0.01396258,MCCEF,1.33504691
Time Period Benchmark Comparison,Data,03/11/26,VT,-0.125680771,MCCEF,-1.154584641
Time Period Benchmark Comparison,Data,03/12/26,VT,-1.740771812,MCCEF,-0.979379182
Time Period Benchmark Comparison,Data,03/13/26,VT,-0.73283529,MCCEF,-1.464697482
Time Period Benchmark Comparison,Data,03/16/26,VT,1.411983945,MCCEF,1.464861936
Time Period Benchmark Comparison,Data,03/17/26,VT,0.374584776,MCCEF,0.676473259
Time Period Benchmark Comparison,Data,03/18/26,VT,-1.549077595,MCCEF,-1.143973787
Time Period Benchmark Comparison,Data,03/19/26,VT,-0.193105421,MCCEF,-1.124300672
Time Period Benchmark Comparison,Data,03/20/26,VT,-2.080114654,MCCEF,-2.242123367
Time Period Benchmark Comparison,Data,03/23/26,VT,1.672535211,MCCEF,1.653202943
Time Period Benchmark Comparison,Data,03/24/26,VT,-0.505050505,MCCEF,0.428256808
Time Period Benchmark Comparison,Data,03/25/26,VT,0.920957215,MCCEF,1.888829448
Time Period Benchmark Comparison,Data,03/26/26,VT,-1.961629662,MCCEF,-3.069834673
Time Period Benchmark Comparison,Data,03/27/26,VT,-1.333919672,MCCEF,-1.738954695
Time Period Benchmark Comparison,Data,03/30/26,VT,-0.31941762,MCCEF,0.155214086
Time Period Benchmark Comparison,Data,03/31/26,VT,3.077725613,MCCEF,2.64092798
Time Period Benchmark Comparison,Data,04/01/26,VT,0.990456912,MCCEF,4.087149721
Time Period Benchmark Comparison,Data,04/02/26,VT,-0.229078674,MCCEF,-1.015238058
Time Period Benchmark Comparison,Data,04/03/26,VT,0,MCCEF,-0.16394096
Time Period Benchmark Comparison,Data,04/06/26,VT,0.502260171,MCCEF,0.145990579
Time Period Benchmark Comparison,Data,04/07/26,VT,0.042835725,MCCEF,-0.351930861
Time Period Benchmark Comparison,Data,04/08/26,VT,3.175622636,MCCEF,4.945196636
Time Period Benchmark Comparison,Data,04/09/26,VT,0.255913681,MCCEF,-0.900268863
Time Period Benchmark Comparison,Data,04/10/26,VT,0.020696792,MCCEF,-0.395623877
Time Period Benchmark Comparison,Data,04/13/26,VT,0.979445441,MCCEF,0.967778791
Time Period Benchmark Comparison,Data,04/14/26,VT,1.154371585,MCCEF,0.734597323
Time Period Benchmark Comparison,Data,04/15/26,VT,0.357890472,MCCEF,0.485592671
Time Period Benchmark Comparison,Data,04/16/26,VT,0.114385682,MCCEF,0.210344739
Time Period Benchmark Comparison,Data,04/17/26,VT,1.377780765,MCCEF,0.872579811
Time Period Benchmark Comparison,Data,04/20/26,VT,-0.238663484,MCCEF,-0.473502927
Time Period Benchmark Comparison,Data,04/21/26,VT,-1.143009038,MCCEF,-0.536466468
Time Period Benchmark Comparison,Data,04/22/26,VT,0.90077978,MCCEF,-0.215056915
Time Period Benchmark Comparison,Data,04/23/26,VT,-0.632911392,MCCEF,-0.223056807
Time Period Benchmark Comparison,Data,04/24/26,VT,0.797854509,MCCEF,-0.489086561
Time Period Benchmark Comparison,Data,04/27/26,VT,-0.013303179,MCCEF,0.102840046
Time Period Benchmark Comparison,Data,04/28/26,VT,-0.572112826,MCCEF,-0.314076121
Time Period Benchmark Comparison,Data,04/29/26,VT,-0.347919176,MCCEF,0.042436357
Time Period Benchmark Comparison,Data,04/30/26,VT,1.517389553,MCCEF,0.93863998
Time Period Benchmark Comparison,Data,05/01/26,VT,0.158730159,MCCEF,-0.030634151
Time Period Benchmark Comparison,Data,05/04/26,VT,-0.58108822,MCCEF,-0.180508176
Time Period Benchmark Comparison,Data,05/05/26,VT,1.036131775,MCCEF,0.828143536
Time Period Benchmark Comparison,Data,05/06/26,VT,1.932684723,MCCEF,1.313559753
Time Period Benchmark Comparison,Data,05/07/26,VT,-0.864181607,MCCEF,-0.959130477
Time Period Benchmark Comparison,Data,05/08/26,VT,0.949778819,MCCEF,-0.370939494
Time Period Benchmark Comparison,Data,05/11/26,VT,0.090217812,MCCEF,-0.442576347
Time Period Benchmark Comparison,Data,05/12/26,VT,-0.624517126,MCCEF,-0.84364668
Time Period Benchmark Comparison,Data,05/13/26,VT,0.680272109,MCCEF,0.317466413
Time Period Benchmark Comparison,Data,05/14/26,VT,0.398970399,MCCEF,0.453896216
Time Period Benchmark Comparison,Data,05/15/26,VT,-1.602358672,MCCEF,-1.135415283
Time Period Benchmark Comparison,Data,05/18/26,VT,0.123762376,MCCEF,0.558767494
Time Period Benchmark Comparison,Data,05/19/26,VT,-0.70262182,MCCEF,0.279371388
Time Period Benchmark Comparison,Data,05/20/26,VT,1.310358383,MCCEF,1.258526997
Time Period Benchmark Comparison,Data,05/21/26,VT,0.375088922,MCCEF,0.220310867
Time Period Benchmark Comparison,Data,05/22/26,VT,0.231943818,MCCEF,1.103189667
Time Period Benchmark Comparison,Data,05/25/26,VT,0,MCCEF,1.0642749
Time Period Benchmark Comparison,Data,05/26/26,VT,1.163463393,MCCEF,-0.25520372
Time Period Benchmark Comparison,Data,05/27/26,VT,-0.139789046,MCCEF,0.253462241
Time Period Benchmark Comparison,Data,05/28/26,VT,0.451768898,MCCEF,0.75278878
Time Period Benchmark Comparison,Data,05/29/26,VT,0.158358143,MCCEF,0.376289285
Time Period Benchmark Comparison,Data,06/01/26,VT,0.303566911,MCCEF,-0.418519581
Time Period Benchmark Comparison,Data,06/02/26,VT,0.472887768,MCCEF,-0.346639535
Time Period Benchmark Comparison,Data,06/03/26,VT,-0.878569187,MCCEF,-0.698877849
Time Period Benchmark Comparison,Data,06/04/26,VT,0.373535929,MCCEF,0.455455051
Time Period Benchmark Comparison,Data,06/05/26,VT,-3.065472436,MCCEF,-1.096791244
Time Period Benchmark Comparison,Data,06/08/26,VT,0.520562207,MCCEF,-0.161662716
Time Period Benchmark Comparison,Data,06/09/26,VT,-0.116519938,MCCEF,-0.192673899
Time Period Benchmark Comparison,Data,06/10/26,VT,-1.542449773,MCCEF,-0.718785704
Time Period Benchmark Comparison,Data,06/11/26,VT,2.428909953,MCCEF,0.504956635
Time Period Benchmark Comparison,Data,06/12/26,VT,0.436989911,MCCEF,0.556159111
Time Period Benchmark Comparison,Data,06/15/26,VT,1.554801971,MCCEF,0.044215151
Time Period Benchmark Comparison,Data,06/16/26,VT,-0.459929435,MCCEF,-0.126819664
Time Period Benchmark Comparison,Data,06/17/26,VT,-1.000063295,MCCEF,-0.655083614
Time Period Benchmark Comparison,Data,06/18/26,VT,1.158941244,MCCEF,-0.393070621
Time Period Benchmark Comparison,Data,06/19/26,VT,0,MCCEF,0.100769358
Time Period Benchmark Comparison,Data,06/22/26,VT,-0.063427629,MCCEF,-0.447252262
Time Period Benchmark Comparison,Data,06/23/26,VT,-2.050012694,MCCEF,-0.586172656
Time Period Benchmark Comparison,Data,06/24/26,VT,-0.045357351,MCCEF,-1.402065986
Time Period Benchmark Comparison,Data,06/25/26,VT,0.382471153,MCCEF,-0.023926996
Time Period Benchmark Comparison,Data,06/26/26,VT,-0.58120762,MCCEF,0.123726356
Time Period Benchmark Comparison,Data,06/29/26,VT,1.221175706,MCCEF,0.525724099
Time Period Benchmark Comparison,Data,06/30/26,VT,0.718731951,MCCEF,0.09579847
Time Period Benchmark Comparison,Data,07/01/26,VT,-0.528830838,MCCEF,0.545159789
Time Period Benchmark Comparison,Data,07/02/26,VT,0.032026646,MCCEF,1.43844815
Time Period Benchmark Comparison,Data,07/03/26,VT,0,MCCEF,0.096526916
Time Period Benchmark Comparison,Data,07/06/26,VT,1.05013767,MCCEF,0.721628209
Time Period Benchmark Comparison,Data,07/07/26,VT,-0.931499905,MCCEF,-0.532973168
Time Period Benchmark Comparison,Data,07/08/26,VT,-0.339004733,MCCEF,-0.883909632
Time Period Benchmark Comparison,Data,07/09/26,VT,0.763750722,MCCEF,0.091867558
Time Period Benchmark Comparison,Data,07/10/26,VT,0.401273885,MCCEF,-0.172333424
Time Period Benchmark Comparison,Data,07/13/26,VT,-1.15460255,MCCEF,-0.356120762
Time Period Benchmark Comparison,Data,07/14/26,VT,0.62255311,MCCEF,0.398828307
Time Period Benchmark Comparison,Data,07/15/26,VT,0.325296594,MCCEF,0.245762041
Time Period Benchmark Comparison,Data,07/16/26,VT,-0.737491258,MCCEF,-0.667529321
Time Period Benchmark Comparison,Data,07/17/26,VT,-0.864664062,MCCEF,-0.017625055
Time Period Benchmark Comparison,Data,07/20/26,VT,-0.316578369,MCCEF,-0.436328532
Time Period Benchmark Comparison,Data,07/21/26,VT,1.199040767,MCCEF,0.383791526
Time Period Benchmark Comparison,Data,07/22/26,VT,-0.076854105,MCCEF,0.528454731
Time Period Benchmark Comparison,Data,07/23/26,VT,-1.096013332,MCCEF,-1.285355515
Time Period Benchmark Comparison,Data,07/24/26,VT,-0.071285075,MCCEF,0.422833558
Time Period Benchmark Comparison,Data,07/27/26,VT,0.162127108,MCCEF,0.78299854
Time Period Benchmark Comparison,Data,07/28/26,VT,-0.064745872,MCCEF,0.553785593
Time Period Benchmark Comparison,Data,07/29/26,VT,-1.379980564,MCCEF,0.347888292
Time Period Benchmark Comparison,Data,07/30/26,VT,2.121928787,MCCEF,0.862151903
Time Period Benchmark Comparison,Data,07/31/26,VT,0.263750402,MCCEF,0.179743369
Time Period Benchmark Comparison,Data,08/03/26,VT,1.122802515,MCCEF,0.818076375
Time Period Benchmark Comparison,Data,08/04/26,VT,1.801916122,MCCEF,1.318291764
Time Period Benchmark Comparison,Data,08/05/26,VT,-0.174509193,MCCEF,-0.034846564
Time Period Benchmark Comparison,Data,08/06/26,VT,-0.156084161,MCCEF,-0.079896265
Time Period Benchmark Comparison,Data,08/07/26,VT,0.862931466,MCCEF,0.657505541
Time Period Benchmark Comparison,Data,08/10/26,VT,-0.204587725,MCCEF,0.041701716
Time Period Benchmark Comparison,Data,08/11/26,VT,-0.093185066,MCCEF,0.020398454
Time Period Benchmark Comparison,Data,08/12/26,VT,0.441487377,MCCEF,0.169067908
Time Period Benchmark Comparison,Data,08/13/26,VT,0.53240884,MCCEF,0.221592203
Time Period Benchmark Comparison,Data,08/14/26,VT,-0.086212205,MCCEF,0.462301881
Time Period Benchmark Comparison,Data,08/17/26,VT,-0.258859784,MCCEF,-0.054457109
Time Period Benchmark Comparison,Data,08/18/26,VT,-1.093740345,MCCEF,-0.738749469
Time Period Benchmark Comparison,Data,08/19/26,VT,0.399850056,MCCEF,0.42833724
Time Period Benchmark Comparison,Data,08/20/26,VT,-0.479153703,MCCEF,-0.335792672
Time Period Benchmark Comparison,Data,08/21/26,VT,0.525229788,MCCEF,0.337732807
Time Period Benchmark Comparison,Data,08/24/26,VT,-0.416744417,MCCEF,-0.635743116
Time Period Benchmark Comparison,Data,08/25/26,VT,0.555902561,MCCEF,0.403409284
Time Period Benchmark Comparison,Data,08/26/26,VT,-0.074538791,MCCEF,0.157220244
Time Period Benchmark Comparison,Data,08/27/26,VT,0.435133959,MCCEF,0.447489368
Time Period Benchmark Comparison,Data,08/28/26,VT,-0.346598997,MCCEF,-0.410620312
Time Period Benchmark Comparison,Data,08/31/26,VT,-0.285696541,MCCEF,-0.069605825
Time Period Benchmark Comparison,Data,09/01/26,VT,-0.772345064,MCCEF,-1.071941996
Time Period Benchmark Comparison,Data,09/02/26,VT,0.502165589,MCCEF,0.25357924
Time Period Benchmark Comparison,Data,09/03/26,VT,1.030541503,MCCEF,0.656384267
Time Period Benchmark Comparison,Data,09/04/26,VT,-0.018545994,MCCEF,0.111009899
Time Period Benchmark Comparison,Data,09/07/26,VT,0,MCCEF,0.334572875
Time Period Benchmark Comparison,Data,09/08/26,VT,-0.500834725,MCCEF,0.414219314
Time Period Benchmark Comparison,Data,09/09/26,VT,-0.6400696,MCCEF,-0.757292917
Time Period Benchmark Comparison,Data,09/10/26,VT,-0.850584777,MCCEF,-0.724627419
Time Period Benchmark Comparison,Data,09/11/26,VT,0.889421561,MCCEF,0.455675616
Time Period Benchmark Comparison,Data,09/14/26,VT,-0.7565337,MCCEF,-1.331596699
