Symbol,TradeDate,Buy/Sell,TradePrice,QuantityVisual
8TRA.DE,6/6/24,BUY,33.95,5.94530321
8TRA.DE,6/6/24,BUY,35.05,13.37693222
8TRA.DE,6/7/24,BUY,32.9,16.34958383
8TRA.DE,7/25/24,BUY,28.35,22.29488704
8TRA.DE,8/13/24,BUY,26.8,34.18549346
8TRA.DE,11/7/24,SELL,31.75,25.26753864
8TRA.DE,2/13/25,SELL,32.55,19.05469679
8TRA.DE,2/18/25,SELL,36,17.7764566
8TRA.DE,2/19/25,BUY,34.65,18.60879905
8TRA.DE,2/19/25,BUY,34.65,19.4411415
8TRA.DE,2/19/25,BUY,34.65,20.50386445
8TRA.DE,2/21/25,BUY,34.25,21.69292509
8TRA.DE,2/24/25,SELL,35,20.50386445
8TRA.DE,2/25/25,SELL,35.6,19.3148038
8TRA.DE,2/25/25,SELL,36,18.48246136
8TRA.DE,2/25/25,SELL,36.3,17.65011891
8TRA.DE,2/26/25,SELL,36.55,16.81777646
8TRA.DE,2/26/25,SELL,36.95,15.98543401
8TRA.DE,2/27/25,BUY,35.9,17.70957194
8TRA.DE,2/27/25,BUY,35.9,19.43370987
8TRA.DE,2/27/25,BUY,35.9,21.1578478
8TRA.DE,2/28/25,BUY,35.6,22.88198573
8TRA.DE,3/4/25,BUY,35,24.60612366
8TRA.DE,3/6/25,SELL,37.5,23.42449465
8TRA.DE,3/10/25,BUY,36.25,26.75386445
8TRA.DE,3/10/25,BUY,36.6,28.41854935
8TRA.DE,3/11/25,BUY,34.25,30.17241379
8TRA.DE,3/13/25,BUY,33.4,31.45065398
8TRA.DE,3/13/25,BUY,33.25,32.63971463
8TRA.DE,3/13/25,BUY,32.85,33.73959572
8TRA.DE,3/13/25,BUY,33.25,35.58263971
8TRA.DE,3/19/25,BUY,33.1,37.45541023
8TRA.DE,3/20/25,BUY,32.85,39.29845422
8TRA.DE,3/20/25,BUY,32.35,41.14149822
8TRA.DE,3/20/25,BUY,32.35,45.0059453
8TRA.DE,3/27/25,BUY,32.35,46.93816885
8TRA.DE,3/28/25,BUY,32.3,48.87039239
8TRA.DE,3/31/25,BUY,31.5,50.80261593
8TRA.DE,4/3/25,BUY,30.55,52.73483948
8TRA.DE,4/4/25,BUY,28.65,61.65279429
8TRA.DE,5/13/25,SELL,32.14,58.68014269
8TRA.DE,5/29/25,SELL,31.5,56.42092747
8TRA.DE,6/6/25,BUY,29.3,57.75862069
8TRA.DE,6/12/25,BUY,28.7,58.6117717
8TRA.DE,6/12/25,BUY,28.82,63.07966706
8TRA.DE,6/25/25,BUY,27.64,66.34958383
8TRA.DE,7/9/25,SELL,29.8,63.97146254
8TRA.DE,7/10/25,SELL,30.8,61.59334126
8TRA.DE,7/23/25,SELL,32.34,57.72889417
8TRA.DE,7/23/25,SELL,32.86,55.46967895
8TRA.DE,7/25/25,BUY,31.58,58.44233056
8TRA.DE,8/4/25,BUY,29.32,67.36028537
8TRA.DE,8/6/25,BUY,29.8,69.29250892
8TRA.DE,9/2/25,BUY,30.82,71.37336504
8TRA.DE,9/22/25,BUY,29.06,73.48394768
8TRA.DE,9/25/25,BUY,28.36,75.26753864
8TRA.DE,9/26/25,BUY,27.44,78.83472057
8TRA.DE,10/7/25,BUY,27.16,82.72889417
8TRA.DE,10/7/25,BUY,26.82,87.18787158
8TRA.DE,10/7/25,BUY,27.08,96.1058264
8TRA.DE,10/17/25,BUY,26,100
8TRA.DE,10/23/25,SELL,26.18,82.16409037
8TRA.DE,10/23/25,SELL,26.16,58.38287753
8TRA.DE,10/23/25,SELL,26.12,37.57431629
8TRA.DE,10/23/25,SELL,26.1,22.71105826
8TRA.DE,11/3/25,SELL,28.34,20.24375743
8TRA.DE,12/11/25,SELL,29.8,17.7764566
8TRA.DE,12/15/25,SELL,30.98,15.30915577
8TRA.DE,1/2/26,SELL,30.86,12.7824019
8TRA.DE,1/6/26,SELL,32.14,10.99881094
8TRA.DE,1/20/26,BUY,29.8,13.07966706
8TRA.DE,1/20/26,BUY,29.06,14.86325803
8TRA.DE,1/28/26,SELL,32.14,12.69322235
8TRA.DE,2/2/26,SELL,33.04,10.52318668
8TRA.DE,2/3/26,SELL,33.58,8.353151011
8TRA.DE,2/3/26,SELL,34.04,6.004756243
8TRA.DE,2/4/26,SELL,35.94,3.804994055
8TRA.DE,2/11/26,SELL,36.66,1.605231867
8TRA.DE,2/12/26,SELL,37.1,-0.594530321
8TRA.DE,2/20/26,BUY,36.46,5.350772889
8TRA.DE,3/9/26,BUY,30.52,7.550535077
8TRA.DE,3/19/26,BUY,29.72,10.87990488
8TRA.DE,3/19/26,BUY,29.06,14.20927467
8TRA.DE,4/8/26,SELL,32.14,10.93935791
8TRA.DE,4/8/26,SELL,33.04,8.442330559
8TRA.DE,4/8/26,SELL,33.58,6.92627824
8TRA.DE,4/28/26,BUY,30.82,9.898929845
8TRA.DE,5/7/26,SELL,34.04,7.401902497
AAPL,1/15/21,BUY,127.14,60.22727273
AAPL,1/22/21,SELL,139.35,55.25568182
AAPL,2/3/21,SELL,137.21,42.47159091
AAPL,2/18/21,BUY,127.67,59.51704545
AAPL,2/23/21,BUY,118.45,77.27272727
AAPL,2/23/21,BUY,122.17,100
AAPL,3/2/21,SELL,128.21,77.27272727
AAPL,3/4/21,BUY,118.75,85.79545455
AAPL,3/25/21,BUY,119.41,97.86931818
AAPL,4/9/21,SELL,131.81,80.82386364
AAPL,4/28/21,SELL,136.45,70.88068182
AAPL,5/11/21,BUY,123.37,85.08522727
AAPL,6/17/21,SELL,131.82,74.43181818
AAPL,6/22/21,SELL,133.13,60.9375
AAPL,7/6/21,SELL,142.86,52.41477273
AAPL,8/13/21,SELL,149.29,46.02272727
AAPL,9/20/21,BUY,142.04,54.82954545
AAPL,10/18/21,SELL,146.54,47.72727273
AAPL,10/26/21,SELL,150.64,38.06818182
AAPL,11/18/21,SELL,157.66,28.125
AAPL,11/22/21,SELL,164.11,20.45454545
AAPL,12/7/21,SELL,172.04,14.63068182
AAPL,1/10/22,BUY,168.85,28.83522727
AAPL,1/20/22,BUY,165.25,38.77840909
AAPL,1/31/22,SELL,171.89,29.40340909
AAPL,3/24/22,SELL,172.72,20.45454545
AAPL,3/29/22,SELL,178.85,11.07954545
AAPL,4/1/22,BUY,172.07,19.17613636
AAPL,4/11/22,BUY,168.36,29.54545455
AAPL,4/22/22,BUY,162.65,39.48863636
AAPL,4/25/22,BUY,158.88,45.88068182
AAPL,4/28/22,SELL,168.46,36.64772727
AAPL,4/28/22,SELL,161.95,31.96022727
AAPL,4/29/22,BUY,159.285,40.48295455
AAPL,5/4/22,SELL,162.86,27.41477273
AAPL,5/11/22,BUY,151.07,38.21022727
AAPL,5/17/22,SELL,147.225,26.84659091
AAPL,5/23/22,SELL,141.72,15.48295455
AAPL,5/31/22,SELL,150.09,5.539772727
AAPL,7/14/22,SELL,149.26,0
AAPL,12/27/22,BUY,129.99,22.72727273
AAPL,1/3/23,BUY,125.68,31.25
AAPL,1/17/23,SELL,136.16,22.86931818
AAPL,1/23/23,SELL,143.24,14.77272727
AAPL,1/23/23,SELL,141.46,8.096590909
AAPL,3/16/23,SELL,153.82,0.284090909
AAPL,3/16/23,SELL,155.69,0
AAPL,8/2/23,BUY,192.5,5.965909091
AAPL,8/4/23,BUY,182.83,12.07386364
AAPL,8/15/23,BUY,178.37,19.17613636
AAPL,9/7/23,BUY,175.1,25.56818182
AAPL,9/27/23,BUY,170.75,32.24431818
AAPL,10/12/23,SELL,181.38,26.5625
AAPL,11/2/23,SELL,178.44,19.46022727
AAPL,11/7/23,SELL,181.32,12.35795455
AAPL,12/6/23,SELL,194.45,5.255681818
AAPL,1/2/24,BUY,187.03,12.21590909
AAPL,3/1/24,BUY,177.39,21.44886364
AAPL,4/15/24,BUY,174.68,25.14204545
AAPL,4/16/24,BUY,170.349,37.92613636
AAPL,4/23/24,BUY,165.26,44.31818182
AAPL,5/2/24,SELL,179.63,34.375
AAPL,5/2/24,SELL,172.73,27.27272727
AAPL,5/2/24,SELL,186.6,23.29545455
AAPL,5/15/24,SELL,189.61,15.625
AAPL,6/5/24,SELL,196.45,10.22727273
AAPL,6/10/24,BUY,193.51,16.90340909
AAPL,6/11/24,SELL,201.24,11.22159091
AAPL,6/12/24,SELL,216.38,6.960227273
AAPL,7/23/24,BUY,222.88,19.03409091
AAPL,7/25/24,BUY,217.26,31.81818182
AAPL,8/23/24,SELL,226.985,17.61363636
AAPL,8/27/24,SELL,228.17,9.090909091
AAPL,8/28/24,SELL,228.86,4.829545455
AAPL,9/16/24,BUY,214.29,11.93181818
AAPL,9/16/24,BUY,214.36,25.14204545
AAPL,9/19/24,SELL,225.03,19.46022727
AAPL,9/20/24,SELL,229.54,12.35795455
AAPL,10/7/24,BUY,221.39,23.15340909
AAPL,10/15/24,SELL,235,18.75
AAPL,10/15/24,SELL,236.43,18.60795455
AAPL,10/24/24,BUY,231.34,29.97159091
AAPL,10/31/24,BUY,226.55,52.69886364
AAPL,11/5/24,SELL,223.18,44.17613636
AAPL,11/12/24,SELL,225.18,34.23295455
AAPL,11/22/24,SELL,230.27,29.6875
AAPL,12/2/24,SELL,240.35,26.42045455
AAPL,12/9/24,SELL,246.63,19.31818182
AAPL,12/17/24,SELL,252.97,15.05681818
AAPL,12/18/24,BUY,250.42,16.33522727
AAPL,1/10/25,BUY,238.01,17.75568182
AAPL,1/13/25,BUY,231.52,19.74431818
AAPL,1/17/25,BUY,229.699,28.26704545
AAPL,1/21/25,BUY,221.39,30.82386364
AAPL,1/27/25,SELL,230.15,26.84659091
AAPL,1/28/25,SELL,236.08,25.42613636
AAPL,1/30/25,SELL,241.05,24.00568182
AAPL,1/30/25,SELL,244.59,22.58522727
AAPL,2/11/25,SELL,235.22,21.875
AAPL,2/12/25,SELL,235.21,21.30681818
AAPL,2/14/25,SELL,243.19,20.3125
AAPL,2/14/25,SELL,243.635,19.60227273
AAPL,2/18/25,BUY,243.19,20.59659091
AAPL,2/19/25,SELL,244.78,7.8125
AAPL,2/19/25,SELL,244.591,-2.130681818
AAPL,2/19/25,BUY,243.19,-1.136363636
AAPL,2/19/25,BUY,244.47,33.58948864
AAPL,2/20/25,SELL,246.4,32.59517045
AAPL,2/21/25,SELL,248.44,28.33380682
AAPL,2/21/25,SELL,246.4,27.33948864
AAPL,2/24/25,SELL,247.86,26.34517045
AAPL,2/26/25,BUY,243.19,27.33948864
AAPL,2/27/25,BUY,238,28.47585227
AAPL,3/5/25,BUY,233.03,29.328125
AAPL,3/5/25,BUY,229.97,30.46448864
AAPL,3/10/25,BUY,231.5,31.45880682
AAPL,3/10/25,BUY,229.97,32.59517045
AAPL,3/10/25,BUY,228.07,33.73153409
AAPL,3/10/25,BUY,225,35.00994318
AAPL,3/13/25,BUY,213.92,36.43039773
AAPL,3/13/25,BUY,210.5,37.85085227
AAPL,3/24/25,SELL,220.73,30.74857955
AAPL,3/26/25,SELL,221.54,27.84090909
AAPL,3/31/25,SELL,218.07,16.47727273
AAPL,3/31/25,SELL,221.17,12.21590909
AAPL,4/2/25,SELL,224.3,10.9375
AAPL,4/7/25,BUY,176.96,18.03977273
AAPL,4/8/25,SELL,187.58,12.35795455
AAPL,4/9/25,SELL,193.04,9.517045455
AAPL,4/9/25,SELL,198.3,8.096590909
AAPL,4/14/25,SELL,209.1,6.392045455
AAPL,4/16/25,SELL,197.475,4.04E-15
AAPL,4/16/25,BUY,197.71,5.681818182
AAPL,4/17/25,BUY,194.92,14.20454545
AAPL,4/22/25,SELL,199.72,13.06818182
AAPL,5/2/25,BUY,203.12,21.59090909
AAPL,5/12/25,SELL,203.15,19.88636364
AAPL,5/12/25,SELL,207.08,18.18181818
AAPL,5/12/25,SELL,210.5,16.33522727
AAPL,5/27/25,SELL,198.2,2.130681818
AAPL,5/28/25,SELL,200.43,0.284090909
AAPL,5/28/25,SELL,202.84,-1.278409091
AAPL,5/28/25,SELL,207.08,-2.840909091
AAPL,5/29/25,BUY,202.06,2.840909091
AAPL,5/29/25,BUY,200.67,5.681818182
AAPL,6/30/25,SELL,203.94,4.119318182
AAPL,7/1/25,BUY,206.8,6.960227273
AAPL,7/1/25,SELL,209.63,5.397727273
AAPL,7/1/25,BUY,209.44,8.948863636
AAPL,7/2/25,SELL,213.14,7.386363636
AAPL,7/7/25,SELL,215.99,5.823863636
AAPL,7/21/25,BUY,213.87,10.08522727
AAPL,7/31/25,BUY,208.93,15.76704545
AAPL,8/1/25,BUY,206.78,18.60795455
AAPL,8/6/25,SELL,217.68,15.76704545
AAPL,8/6/25,SELL,218.79,13.92045455
AAPL,8/8/25,SELL,222.87,12.35795455
AAPL,8/8/25,SELL,222.87,10.79545455
AAPL,8/13/25,SELL,233.03,9.659090909
AAPL,8/19/25,SELL,231.481,1.136363636
AAPL,8/19/25,SELL,230.795,0.426136364
AAPL,8/20/25,BUY,226.219,6.107954545
AAPL,8/29/25,SELL,232.66,4.6875
AAPL,9/2/25,SELL,235.22,3.551136364
AAPL,9/2/25,SELL,238,2.414772727
AAPL,9/19/25,SELL,238.25,1.136363636
AAPL,9/19/25,SELL,243.33,-0.284090909
AAPL,9/22/25,SELL,252.09,-1.704545455
AAPL,9/22/25,SELL,255.29,-2.698863636
AAPL,9/23/25,BUY,256.21,4.04E-15
AAPL,10/7/25,BUY,256.885,4.261363636
AAPL,10/13/25,SELL,248.531,2.840909091
AAPL,10/13/25,SELL,248.66,1.420454545
AAPL,10/15/25,SELL,248.95,0.710227273
AAPL,11/10/25,BUY,268.83,6.392045455
AAPL,11/17/25,BUY,266.97,6.960227273
AAPL,11/24/25,SELL,276.512,1.278409091
AAPL,11/25/25,BUY,274.28,5.539772727
AAPL,11/25/25,SELL,277.941,2.698863636
AAPL,12/1/25,SELL,281.85,1.5625
AAPL,12/4/25,BUY,280.06,7.244318182
AAPL,1/6/26,BUY,262.8,8.096590909
AAPL,1/8/26,BUY,257.02,9.232954545
AAPL,1/21/26,SELL,245.96,0.710227273
AAPL,1/23/26,BUY,246.89,2.698863636
AAPL,2/11/26,SELL,273.4,0.710227273
AAPL,2/13/26,BUY,257.24,2.414772727
AAPL,2/27/26,BUY,266.97,3.693181818
AAPL,3/2/26,BUY,262.33,5.113636364
AAPL,3/6/26,BUY,254.94,6.960227273
AAPL,3/9/26,SELL,259.53,4.829545455
AAPL,3/17/26,SELL,254.94,3.125
AAPL,4/15/26,SELL,262.8,-0.426136364
AAPL,4/21/26,BUY,266.97,0.710227273
ABNB,5/12/22,SELL,114.1857,-16.04938272
ABNB,5/19/22,SELL,113.7,-32.09876543
ABNB,5/20/22,BUY,108.91,-16.04938272
ABNB,5/23/22,SELL,114.24,-32.09876543
ABNB,5/24/22,BUY,106.06,-16.04938272
ABNB,6/13/22,BUY,106.54,0
ABNB,6/15/22,SELL,100.38,-16.04938272
ABNB,6/16/22,BUY,97.86,0
ABNB,6/17/22,SELL,99.18,-19.25925926
ABNB,6/30/22,BUY,89.99,0
ABNB,7/7/22,SELL,95.44,-19.75308642
ABNB,7/13/22,BUY,92.29,0
ABNB,7/13/22,SELL,95.96,-16.04938272
ABNB,7/18/22,SELL,97.72,-33.33333333
ABNB,7/20/22,SELL,103.41,-50.12345679
ABNB,7/27/22,SELL,107.83,-62.4691358
ABNB,7/28/22,SELL,109.12,-77.28395062
ABNB,8/2/22,SELL,115.02,-93.33333333
ABNB,8/2/22,BUY,109.55,-74.81481481
ABNB,8/2/22,BUY,105.35,-52.59259259
ABNB,8/4/22,SELL,116.94,-67.40740741
ABNB,8/11/22,SELL,120.64,-83.45679012
ABNB,8/19/22,BUY,114.34,-66.17283951
ABNB,8/22/22,BUY,111.5,-51.35802469
ABNB,8/31/22,BUY,111.39,-41.48148148
ABNB,9/8/22,SELL,117.41,-52.59259259
ABNB,9/12/22,SELL,124.69,-67.40740741
ABNB,9/19/22,BUY,116.78,-50.12345679
ABNB,9/22/22,BUY,111.44,-35.30864198
ABNB,9/23/22,BUY,101.83,-19.25925926
ABNB,9/28/22,SELL,108.46,-34.07407407
ABNB,10/5/22,SELL,110.75,-52.59259259
ABNB,10/7/22,BUY,107.22,-37.77777778
ABNB,10/7/22,SELL,108.07,-60
ABNB,10/13/22,SELL,108.502,-82.22222222
ABNB,10/17/22,SELL,117.19,-97.03703704
ABNB,10/24/22,BUY,113.89,-82.22222222
ABNB,10/31/22,BUY,107.2,-62.4691358
ABNB,11/1/22,BUY,104.56,-45.18518519
ABNB,11/1/22,BUY,101.02,-34.07407407
ABNB,11/1/22,SELL,104.72,-48.88888889
ABNB,11/2/22,BUY,97.57,-37.03703704
ABNB,11/3/22,BUY,94.09,-25.92592593
ABNB,11/4/22,SELL,95.44,-44.44444444
ABNB,11/8/22,SELL,100.94,-60.49382716
ABNB,11/9/22,BUY,96.86,-45.67901235
ABNB,11/10/22,SELL,99.81,-65.43209877
ABNB,11/11/22,SELL,103.19,-82.71604938
ABNB,11/11/22,SELL,108.32,-100
ABNB,11/14/22,BUY,106.07,-82.71604938
ABNB,11/15/22,SELL,109.07,-100
ABNB,11/16/22,BUY,105.77,-80.24691358
ABNB,11/17/22,BUY,100.33,-62.96296296
ABNB,11/21/22,BUY,95.86,-43.20987654
ABNB,11/30/22,SELL,100.82,-60.49382716
ABNB,12/6/22,BUY,96.34,-40.74074074
ABNB,12/6/22,BUY,92.38,-23.45679012
ABNB,12/7/22,BUY,89.18,-12.34567901
ABNB,12/8/22,SELL,92.55,-29.62962963
ABNB,12/9/22,SELL,96.22,-48.14814815
ABNB,12/13/22,SELL,100.66,-67.90123457
ABNB,12/14/22,BUY,92.66,-49.38271605
ABNB,12/19/22,BUY,88.08,-32.09876543
ABNB,12/21/22,BUY,88.5178,-12.34567901
ABNB,1/5/23,BUY,88.85,0
ABNB,1/13/23,SELL,99.42,-18.51851852
ABNB,1/23/23,SELL,104.82,-35.80246914
ABNB,2/2/23,SELL,117.38,-60.49382716
ABNB,3/2/23,BUY,119.19,-45.67901235
ABNB,3/3/23,SELL,125.47,-64.19753086
ABNB,3/9/23,BUY,120.16,-45.67901235
ABNB,3/24/23,BUY,116.62,-29.62962963
ABNB,3/31/23,SELL,125.75,-46.91358025
ABNB,4/4/23,BUY,118.58,-22.22222222
ABNB,4/6/23,BUY,111.39,0
ABNB,6/21/24,SELL,147.61,-12.34567901
ABNB,7/26/24,BUY,140.6,0
ADBE,1/15/21,BUY,458.08,32.98969072
ADBE,2/2/21,SELL,474.27,27.83505155
ADBE,2/10/21,SELL,499.55,17.5257732
ADBE,2/18/21,BUY,482.18,38.1443299
ADBE,2/23/21,BUY,461.02,63.91752577
ADBE,3/3/21,BUY,449.39,84.53608247
ADBE,3/8/21,BUY,435.19,100
ADBE,3/23/21,SELL,470.19,92.26804124
ADBE,4/1/21,SELL,483.72,74.22680412
ADBE,4/8/21,SELL,500.23,63.91752577
ADBE,4/15/21,SELL,524.57,59.79381443
ADBE,5/7/21,SELL,497.84,49.48453608
ADBE,6/10/21,SELL,528.84,43.29896907
ADBE,6/11/21,SELL,537.42,30.41237113
ADBE,8/9/21,SELL,634.37,24.22680412
ADBE,8/30/21,SELL,665.45,15.97938144
ADBE,9/22/21,BUY,622.16,27.31958763
ADBE,9/28/21,BUY,582.79,39.69072165
ADBE,9/28/21,BUY,594.85,53.60824742
ADBE,10/4/21,BUY,558.78,70.6185567
ADBE,10/14/21,SELL,605.75,57.73195876
ADBE,10/18/21,SELL,623.21,49.48453608
ADBE,10/25/21,SELL,646.08,41.75257732
ADBE,11/4/21,SELL,664.74,30.41237113
ADBE,11/19/21,SELL,698.56,22.16494845
ADBE,11/23/21,BUY,658.42,35.05154639
ADBE,11/26/21,SELL,670.29,28.86597938
ADBE,11/29/21,SELL,689.35,22.68041237
ADBE,12/14/21,BUY,622.42,35.56701031
ADBE,12/28/21,SELL,571.5,30.41237113
ADBE,1/5/22,BUY,519.77,46.39175258
ADBE,1/6/22,SELL,520.24,30.41237113
ADBE,1/31/22,SELL,532.32,14.43298969
ADBE,8/4/22,SELL,430.96,7.216494845
ADBE,5/4/23,BUY,343.18,19.58762887
ADBE,5/19/23,SELL,368.91,9.793814433
ADBE,5/26/23,SELL,402.69,0
ADBE,6/20/25,BUY,378.88,12.88659794
ADBE,6/20/25,BUY,376.99,18.04123711
ADBE,7/24/25,SELL,375.83,15.46391753
ADBE,7/31/25,BUY,359.28,30.92783505
ADBE,8/19/25,SELL,360.67,27.31958763
ADBE,8/19/25,SELL,363.43,1.546391753
ADBE,8/20/25,BUY,355.34,11.8556701
ADBE,9/4/25,BUY,336.16,16.49484536
ADBE,9/11/25,SELL,375.83,12.88659794
ADBE,9/12/25,BUY,360.67,14.43298969
ADBE,9/22/25,BUY,360.67,15.97938144
ADBE,9/25/25,SELL,353.72,5.670103093
ADBE,9/29/25,SELL,362.66,0.515463918
ADBE,9/30/25,BUY,351.915,21.13402062
ADBE,10/1/25,BUY,346.09,36.59793814
ADBE,10/2/25,BUY,344.6,52.06185567
ADBE,10/6/25,SELL,348.36,41.75257732
ADBE,10/6/25,SELL,348.56,15.97938144
ADBE,10/6/25,SELL,352.47,0.515463918
ADBE,10/7/25,BUY,348.75,15.97938144
ADBE,10/13/25,BUY,336.16,21.64948454
ADBE,10/13/25,SELL,339.23,11.34020619
ADBE,10/14/25,BUY,337.38,26.80412371
ADBE,10/15/25,SELL,336.48,1.030927835
ADBE,10/29/25,BUY,342.673,21.64948454
ADBE,12/10/25,SELL,360.67,18.04123711
ADBE,12/11/25,BUY,336.16,21.64948454
ADBE,12/12/25,SELL,360.67,17.5257732
ADBE,1/2/26,BUY,336.16,21.13402062
ADBE,1/13/26,BUY,322.26,25.77319588
ADBE,1/13/26,BUY,311.62,31.44329897
ADBE,1/14/26,BUY,304.04,37.11340206
ADBE,1/16/26,BUY,296.46,43.29896907
ADBE,1/21/26,SELL,290.03,27.83505155
ADBE,1/29/26,BUY,287.08,34.02061856
ADBE,2/11/26,SELL,264.05,17.01030928
ADBE,2/11/26,BUY,264.8,37.62886598
ADBE,2/13/26,BUY,260.81,44.32989691
ADBE,3/3/26,SELL,271.92,31.44329897
ADBE,3/13/26,BUY,248.81,38.65979381
ADBE,3/13/26,BUY,248.81,44.32989691
ADBE,3/16/26,SELL,252.09,35.05154639
ADBE,3/17/26,SELL,254.9,25.77319588
ADBE,4/8/26,SELL,239.22,15.46391753
ADBE,4/9/26,BUY,232.25,22.68041237
AIY.DE,6/18/21,BUY,92.42,7.062146893
AIY.DE,7/15/21,BUY,91.34,15.53672316
AIY.DE,7/27/21,BUY,88.26,29.66101695
AIY.DE,7/27/21,BUY,84.26,48.49340866
AIY.DE,9/20/21,BUY,76.35,61.86440678
AIY.DE,9/21/21,BUY,74.46,77.21280603
AIY.DE,10/26/21,SELL,82.03,63.37099812
AIY.DE,11/3/21,BUY,65.88,81.45009416
AIY.DE,11/3/21,BUY,65.88,100
AIY.DE,12/21/21,SELL,62.32,80.2259887
AIY.DE,12/28/21,SELL,66.62,61.39359699
AIY.DE,12/30/21,SELL,67.61,49.62335217
AIY.DE,1/18/22,SELL,66.87,32.67419962
AIY.DE,1/18/22,SELL,70.47,20.9039548
AIY.DE,1/18/22,SELL,69.61,3.672316384
AIY.DE,6/24/22,SELL,76.91,0
ALV,3/13/23,BUY,89.29,100
ALV,3/14/23,SELL,92.765,0
ALV.DE,7/7/22,SELL,178.28,-17.74193548
ALV.DE,7/29/22,SELL,176.5,-33.87096774
ALV.DE,8/3/22,SELL,180.4,-52.41935484
ALV.DE,8/5/22,BUY,176.4,-38.70967742
ALV.DE,8/22/22,BUY,173.28,-22.58064516
ALV.DE,8/29/22,BUY,167.84,-4.838709677
ALV.DE,9/12/22,SELL,174.02,-16.93548387
ALV.DE,9/23/22,BUY,168.38,0
ALV.DE,10/5/22,SELL,167.36,-24.19354839
ALV.DE,10/13/22,SELL,166.22,-36.29032258
ALV.DE,10/17/22,SELL,170.48,-48.38709677
ALV.DE,10/21/22,SELL,173.12,-64.51612903
ALV.DE,10/27/22,SELL,179.12,-84.67741935
ALV.DE,10/31/22,SELL,183.8,-100
ALV.DE,12/15/22,BUY,199.86,-87.90322581
ALV.DE,12/22/22,SELL,204.85,-97.98387097
ALV.DE,2/22/23,BUY,214.35,-82.66129032
ALV.DE,3/13/23,BUY,211.15,-66.53225806
ALV.DE,3/15/23,BUY,206,-50.40322581
ALV.DE,3/20/23,BUY,196.88,-32.25806452
ALV.DE,5/24/23,BUY,205.45,-16.12903226
ALV.DE,7/11/23,BUY,207.4,0
AMD,4/1/25,BUY,103.2,15.68627451
AMD,4/4/25,BUY,86.85,31.37254902
AMD,4/7/25,BUY,80.9,47.05882353
AMD,4/10/25,BUY,87.48,66.66666667
AMD,4/14/25,SELL,96.18,60.78431373
AMD,4/16/25,BUY,87.39,80.39215686
AMD,4/22/25,BUY,86.159,100
AMD,4/24/25,SELL,93.261,80.39215686
AMD,4/28/25,SELL,97.38,68.62745098
AMD,5/6/25,SELL,104.46,52.94117647
AMD,5/12/25,SELL,108.38,47.64705882
AMD,5/13/25,SELL,112.36,42.35294118
AMD,5/27/25,SELL,113.78,3.137254902
AMD,5/30/25,BUY,110.418,14.90196078
AMD,6/16/25,SELL,124.72,10.58823529
AMD,7/15/25,SELL,148.33,7.254901961
AMD,8/6/25,BUY,164.58,13.1372549
AMD,8/6/25,BUY,163.74,19.01960784
AMD,8/6/25,BUY,159.23,28.82352941
AMD,8/13/25,SELL,184.72,26.2745098
AMD,8/19/25,SELL,167.44,0.784313725
AMD,8/20/25,BUY,164.02,10.58823529
AMD,8/22/25,BUY,162.07,22.35294118
AMD,9/2/25,BUY,158.1,26.2745098
AMD,9/4/25,BUY,160,30.19607843
AMD,9/5/25,BUY,157,34.11764706
AMD,9/5/25,BUY,153.46,38.43137255
AMD,9/22/25,SELL,157.8,24.70588235
AMD,9/23/25,BUY,160,28.62745098
AMD,9/24/25,SELL,164.14,26.07843137
AMD,9/25/25,SELL,161.27,2.549019608
AMD,9/29/25,SELL,160.43,0.588235294
AMD,10/2/25,SELL,165.52,-5.294117647
AMD,10/2/25,BUY,167.8,6.470588235
AMD,10/6/25,SELL,207.02,0.588235294
AMD,11/20/25,BUY,216.65,3.529411765
AMD,11/25/25,BUY,204.21,15.29411765
AMD,11/25/25,BUY,200.42,25.09803922
AMD,11/25/25,SELL,206.06,15.29411765
AMD,12/4/25,BUY,216.92,25.09803922
AMD,12/8/25,SELL,224.72,22.74509804
AMD,12/9/25,SELL,223.38,18.82352941
AMD,12/9/25,SELL,224.72,12.94117647
AMD,12/17/25,BUY,198.86,16.07843137
AMD,12/19/25,SELL,209.44,14.11764706
AMD,12/22/25,SELL,216.65,11.17647059
AMD,12/26/25,SELL,216.65,7.843137255
AMD,1/2/26,SELL,222.15,5.294117647
AMD,1/2/26,SELL,221.78,2.941176471
AMD,1/21/26,SELL,234.85,0.980392157
AMD,1/21/26,SELL,240,-1.37254902
AMD,1/26/26,BUY,255.21,0.392156863
AMD,2/4/26,BUY,215,2.745098039
AMD,2/5/26,BUY,198.86,5.098039216
AMD,2/27/26,BUY,198.86,8.431372549
AMD,3/2/26,BUY,190.55,11.37254902
AMD,3/9/26,SELL,198.86,7.450980392
AMD,3/25/26,SELL,209.44,4.509803922
AMD,3/25/26,SELL,216.65,1.960784314
AMD,4/6/26,SELL,224.72,-0.588235294
AMD,4/8/26,BUY,231.79,3.333333333
AMZN,3/4/21,BUY,150.4085,38.46153846
AMZN,3/5/21,BUY,144.9595,84.61538462
AMZN,3/16/21,SELL,155.9145,61.53846154
AMZN,4/7/21,SELL,164.208,30.76923077
AMZN,4/27/21,SELL,172.922,23.07692308
AMZN,5/7/21,SELL,165.914,15.38461538
AMZN,6/17/21,SELL,172.8525,0
AMZN,8/16/21,BUY,161.644,15.38461538
AMZN,9/20/21,BUY,165.4705,38.46153846
AMZN,10/4/21,BUY,159.559,61.53846154
AMZN,10/25/21,BUY,165.95,100
AMZN,10/27/21,SELL,170.05,76.92307692
AMZN,10/28/21,SELL,173.55,61.53846154
AMZN,11/18/21,SELL,184.2,38.46153846
AMZN,11/23/21,BUY,176.6,61.53846154
AMZN,1/5/22,BUY,166.883,92.30769231
AMZN,2/3/22,SELL,164.8,61.53846154
AMZN,3/10/22,SELL,146,30.76923077
AMZN,3/16/22,SELL,149.4,7.692307692
AMZN,7/21/22,SELL,124.68,0
ASML.AS,10/28/25,BUY,1054.13,27.77777778
ASML.AS,11/4/25,BUY,1034,33.33333333
ASML.AS,11/19/25,SELL,1034,29.62962963
ASML.AS,11/20/25,BUY,981.78,33.33333333
ASML.AS,12/2/25,SELL,1091.59,29.62962963
ASML.AS,12/3/25,SELL,1127.22,25.92592593
ASML.AS,12/12/25,BUY,1091.59,33.33333333
ASML.AS,12/17/25,BUY,1034,37.03703704
ASML.AS,1/2/26,SELL,1091.59,31.48148148
ASML.AS,1/2/26,SELL,1127.22,25.92592593
ASML.AS,1/2/26,SELL,1156.01,22.22222222
ASML.AS,1/5/26,SELL,1184.81,18.51851852
ASML.AS,1/5/26,SELL,1225.8,14.81481481
ASML.AS,1/9/26,SELL,1278.02,11.11111111
ASML.AS,1/15/26,SELL,1315.05,7.407407407
ASML.AS,1/15/26,SELL,1335.69,3.703703704
ASML.AS,1/23/26,BUY,1166.4,7.407407407
ASML.AS,1/27/26,SELL,1418.92,3.703703704
ASML.AS,1/27/26,BUY,1185.2,9.259259259
ASML.AS,1/28/26,BUY,1276.6,16.66666667
ASML.AS,1/28/26,BUY,1225.8,29.62962963
ASML.AS,1/28/26,BUY,1203.4,44.44444444
ASML.AS,2/3/26,BUY,1185,50
ASML.AS,2/4/26,BUY,1156.4,59.25925926
ASML.AS,2/5/26,BUY,1127.4,64.81481481
ASML.AS,2/11/26,BUY,1184.8,70.37037037
ASML.AS,2/18/26,SELL,1225.8,62.96296296
ASML.AS,2/24/26,SELL,1277.8,57.40740741
ASML.AS,3/5/26,BUY,1184.8,62.96296296
ASML.AS,3/6/26,BUY,1156.2,68.51851852
ASML.AS,3/6/26,BUY,1127.4,72.22222222
ASML.AS,3/9/26,SELL,1127.4,59.25925926
ASML.AS,3/9/26,SELL,1155.8,48.14814815
ASML.AS,3/10/26,SELL,1188.4,38.88888889
ASML.AS,3/12/26,BUY,1165.2,57.40740741
ASML.AS,3/17/26,BUY,1184.8,64.81481481
ASML.AS,3/18/26,SELL,1225.8,61.11111111
ASML.AS,3/18/26,BUY,1184.8,66.66666667
ASML.AS,3/19/26,BUY,1156,75.92592593
ASML.AS,3/23/26,BUY,1108.2,87.03703704
ASML.AS,3/31/26,BUY,1091.8,100
ASML.AS,4/1/26,SELL,1184.8,94.44444444
ASML.AS,4/2/26,SELL,1156,88.88888889
ASML.AS,4/8/26,SELL,1186,79.62962963
ASML.AS,4/8/26,SELL,1204.6,75.92592593
ASML.AS,4/8/26,SELL,1212.4,61.11111111
ASML.AS,4/9/26,SELL,1225.8,53.7037037
ASML.AS,4/10/26,SELL,1277.8,48.14814815
ASML.AS,4/14/26,SELL,1295.8,42.59259259
ASML.AS,4/15/26,BUY,1225.8,48.14814815
ASML.AS,4/28/26,BUY,1184.8,53.7037037
ASML.AS,5/6/26,SELL,1278,48.14814815
ASML.AS,5/6/26,SELL,1313.4,44.44444444
ASML.AS,5/8/26,SELL,1336.2,38.88888889
ASML.AS,5/11/26,SELL,1354.4,33.33333333
AVST,1/15/21,BUY,5.335,54.34782609
AVST,2/1/21,BUY,4.724,73.91304348
AVST,2/23/21,BUY,4.56,89.13043478
AVST,4/20/21,SELL,4.96,50
AVST,5/6/21,BUY,4.535,65.2173913
AVST,5/11/21,BUY,4.46,100
AVST,6/24/21,SELL,4.965,60.86956522
AVST,7/15/21,SELL,5.9,29.34782609
AVST,7/15/21,SELL,5.9,14.13043478
AVST,10/14/21,BUY,5.546,88.04347826
AVST,11/15/21,SELL,5.92,51.08695652
AVST,11/15/21,SELL,5.99,0
BAC,1/15/21,BUY,33.01,24.46452137
BAC,1/21/21,BUY,32.382,29.13409806
BAC,1/21/21,BUY,32.09,35.22485027
BAC,1/25/21,BUY,30.985,41.77240889
BAC,1/25/21,BUY,31.24,50.9085372
BAC,1/27/21,BUY,30.46,53.6493757
BAC,2/4/21,SELL,31.94,48.16769871
BAC,2/5/21,SELL,32.62,43.59963455
BAC,2/8/21,SELL,33.24,40.04669577
BAC,2/16/21,SELL,34.49,34.15896863
BAC,2/22/21,SELL,35.11,28.06821642
BAC,3/5/21,SELL,37.32,21.97746422
BAC,3/10/21,BUY,36.314,24.21074003
BAC,3/11/21,SELL,37.62,20.15023855
BAC,3/15/21,BUY,37.24,23.70317734
BAC,3/17/21,BUY,37.375,26.24099076
BAC,3/18/21,SELL,38.17,24.4137651
BAC,3/23/21,BUY,37.52,28.98182926
BAC,3/23/21,BUY,37.26,34.0574561
BAC,3/24/21,SELL,37.67,30.50451731
BAC,3/24/21,BUY,36.78,35.07258146
BAC,3/26/21,SELL,38.48,31.01207999
BAC,4/1/21,SELL,39.49,26.95157852
BAC,4/5/21,SELL,40.022,19.33813826
BAC,4/8/21,BUY,39.32,23.19561466
BAC,4/15/21,BUY,38.91,26.44401584
BAC,4/15/21,BUY,38.24,29.69241701
BAC,4/20/21,BUY,37.95,32.43325551
BAC,4/21/21,BUY,37.56,35.98619429
BAC,4/23/21,SELL,39.27,31.72266775
BAC,4/28/21,SELL,39.94,25.12435286
BAC,5/6/21,SELL,41.69,22.58653944
BAC,6/8/21,BUY,42.88,27.4591412
BAC,6/10/21,BUY,42.085,31.51964268
BAC,6/10/21,BUY,41.82,36.39224444
BAC,6/15/21,BUY,40.97,39.94518323
BAC,6/17/21,BUY,40.04,41.97543397
BAC,6/18/21,BUY,39.58,45.02081007
BAC,6/18/21,BUY,38.67,48.57374886
BAC,6/24/21,SELL,40.86,44.61475992
BAC,6/25/21,SELL,41.67,41.87392143
BAC,7/7/21,BUY,39.88,44.91929753
BAC,7/8/21,BUY,38.69,48.06618617
BAC,7/14/21,BUY,37.97,51.11156228
BAC,7/19/21,BUY,36.86,53.14181301
BAC,8/6/21,SELL,39.94,50.40097452
BAC,8/6/21,SELL,39.12,48.57374886
BAC,8/9/21,SELL,40.69,46.7465232
BAC,8/11/21,SELL,41.64,44.91929753
BAC,8/26/21,SELL,42.71,39.69140189
BAC,9/20/21,BUY,38.69,42.11755152
BAC,9/23/21,SELL,40.86,40.46289717
BAC,9/24/21,SELL,41.91,38.14841133
BAC,9/27/21,SELL,43.26,35.40757284
BAC,9/28/21,SELL,43.84,32.15917166
BAC,10/13/21,BUY,42.47,34.10821236
BAC,10/15/21,SELL,45.52,31.57039894
BAC,10/15/21,SELL,46.54,29.27621561
BAC,10/21/21,SELL,47.41,26.78915846
BAC,10/27/21,BUY,47.2,28.71789666
BAC,11/2/21,SELL,48.31,27.07339356
BAC,11/4/21,BUY,47.42,29.00213176
BAC,11/9/21,BUY,46.81,30.93086996
BAC,11/11/21,SELL,47.64,29.37772815
BAC,11/12/21,BUY,46.88,30.41315602
BAC,11/15/21,BUY,46.76,31.42828139
BAC,11/18/21,BUY,46.24,32.55507055
BAC,11/19/21,BUY,45.74,34.37214496
BAC,11/22/21,SELL,46.72,32.36219673
BAC,11/23/21,SELL,47.61,30.12892092
BAC,11/26/21,BUY,45.62,32.02720536
BAC,1/3/22,SELL,45.51,29.89544209
BAC,1/4/22,SELL,48.18,27.42868744
BAC,1/4/22,SELL,46.74,25.43904172
BAC,1/7/22,SELL,48.89,23.32758096
BAC,1/10/22,SELL,49.37,20.65780124
BAC,1/14/22,BUY,47.34,22.67790072
BAC,1/18/22,BUY,46.21,24.48482388
BAC,1/21/22,BUY,44.98,26.78915846
BAC,1/26/22,SELL,46.21,24.85026901
BAC,2/1/22,SELL,46.78,22.91137956
BAC,2/4/22,SELL,47.72,20.008121
BAC,2/8/22,SELL,49.05,18.0590803
BAC,2/14/22,BUY,47.64,19.58176835
BAC,2/17/22,BUY,46.48,21.51050655
BAC,2/24/22,BUY,42.441,23.74378236
BAC,2/24/22,BUY,43.208,26.27144452
BAC,2/25/22,SELL,43.72,24.03816871
BAC,2/25/22,SELL,44.5,22.769262
BAC,3/1/22,BUY,43.54,24.64724393
BAC,3/3/22,BUY,42.39,26.29174703
BAC,3/7/22,BUY,39.385,29.54014821
BAC,3/22/22,SELL,43.66,27.89564511
BAC,3/23/22,BUY,43.41,29.06303929
BAC,3/24/22,BUY,43.03,30.23043346
BAC,3/31/22,BUY,42.16,32.44340676
BAC,4/1/22,BUY,40.92,35.18424525
BAC,4/12/22,BUY,39.825,37.21449599
BAC,4/25/22,BUY,36.695,40.01624201
BAC,5/3/22,SELL,37.501,35.95574053
BAC,5/10/22,SELL,36.94,31.83433154
BAC,5/20/22,BUY,33.22,35.60044666
BAC,5/23/22,SELL,36.08,31.74297026
BAC,5/26/22,SELL,36.65,29.57060197
BAC,6/10/22,BUY,34.44,32.06781037
BAC,7/14/22,BUY,29.87,34.60562379
BAC,7/15/22,SELL,31.28,26.99218353
BAC,7/15/22,SELL,32.46,24.70815146
BAC,7/15/22,BUY,32.425,26.99218353
BAC,7/18/22,SELL,33.22,24.70815146
BAC,7/18/22,SELL,32.17,22.45457314
BAC,8/11/22,SELL,35.72,18.19104659
BAC,8/22/22,BUY,34.79,20.49538118
BAC,8/24/22,BUY,34.13,22.88092579
BAC,9/23/22,BUY,31.45,26.73840219
BAC,10/4/22,SELL,32.28,21.66277535
BAC,10/5/22,BUY,31.42,27.75352756
BAC,10/7/22,BUY,31.13,31.81402903
BAC,10/7/22,BUY,30.738,35.8745305
BAC,10/10/22,BUY,30.46,39.93503198
BAC,10/13/22,SELL,31.1,35.8745305
BAC,10/17/22,SELL,33.8,31.81402903
BAC,10/18/22,SELL,34.55,28.76865293
BAC,10/20/22,BUY,33.76,31.81402903
BAC,10/21/22,SELL,34.48,28.971678
BAC,10/25/22,SELL,35.275,23.89605116
BAC,11/1/22,SELL,36.58,21.86580043
BAC,11/3/22,BUY,35.42,24.40361385
BAC,11/4/22,SELL,36.91,20.34311237
BAC,11/10/22,SELL,38.085,18.31286164
BAC,11/11/22,SELL,38.54,15.97807329
BAC,11/14/22,BUY,38.08,19.32798701
BAC,11/16/22,BUY,37.25,22.37336311
BAC,11/17/22,BUY,36.84,25.41873921
BAC,11/25/22,SELL,37.82,22.67790072
BAC,11/28/22,BUY,37.05,25.72327682
BAC,11/30/22,SELL,37.7,22.88092579
BAC,12/1/22,BUY,36.54,25.9263019
BAC,12/2/22,BUY,35.82,29.98680337
BAC,12/5/22,BUY,34.6,36.07755558
BAC,12/6/22,BUY,33.72,39.93503198
BAC,12/6/22,BUY,33,45.01065882
BAC,12/15/22,BUY,31.599,57.19216323
BAC,1/3/23,SELL,33.57,53.13166176
BAC,1/4/23,SELL,34.52,49.68023551
BAC,1/12/23,SELL,34.675,42.57435793
BAC,1/13/23,SELL,35.36,36.88965587
BAC,1/13/23,BUY,33.38,42.98040808
BAC,1/20/23,BUY,33.245,48.05603492
BAC,1/23/23,SELL,34.22,41.5287788
BAC,2/1/23,SELL,36.18,35.94558928
BAC,2/7/23,SELL,36.84,32.90021318
BAC,2/9/23,BUY,35.76,36.14861435
BAC,2/10/23,BUY,35.18,39.80306568
BAC,2/21/23,BUY,34.46,44.21886103
BAC,3/2/23,BUY,33.08,48.83768145
BAC,3/6/23,SELL,34.52,45.79230535
BAC,3/8/23,BUY,32.718,55.94355903
BAC,3/9/23,BUY,31.96,59.90254796
BAC,3/9/23,BUY,31.91,64.9781748
BAC,3/9/23,BUY,30.56,70.05380164
BAC,3/15/23,BUY,27.81,78.17480459
BAC,3/16/23,SELL,28.83,73.09917775
BAC,3/17/23,BUY,27.9,81.22018069
BAC,3/21/23,SELL,28.83,77.15967922
BAC,3/23/23,BUY,27.82,86.29580753
BAC,3/24/23,BUY,26.53,89.34118364
BAC,3/27/23,SELL,28.34,83.25043143
BAC,3/27/23,SELL,28.08,78.17480459
BAC,4/4/23,BUY,27.92,83.25043143
BAC,4/5/23,BUY,27.53,88.32605827
BAC,4/11/23,SELL,28.71,79.18992996
BAC,4/13/23,BUY,28.27,87.3109329
BAC,4/14/23,SELL,29.29,72.08405238
BAC,4/14/23,SELL,28.88,61.9327987
BAC,4/14/23,SELL,29.64,55.84204649
BAC,4/17/23,SELL,29.922,44.67566744
BAC,4/18/23,SELL,31.34,36.04710182
BAC,4/18/23,BUY,30.14,41.12272866
BAC,4/18/23,BUY,30.46,51.27398234
BAC,4/21/23,BUY,29.66,57.36473454
BAC,4/25/23,BUY,29.24,67.51598822
BAC,4/26/23,BUY,28.64,76.65211654
BAC,5/2/23,BUY,27.92,84.77311948
BAC,5/4/23,BUY,27,93.90924779
BAC,5/23/23,SELL,28.85,88.83362095
BAC,6/6/23,SELL,29.29,73.60674043
BAC,6/7/23,BUY,29.05,82.74286874
BAC,6/12/23,BUY,29.07,91.87899706
BAC,6/13/23,SELL,29.68,80.71261801
BAC,6/15/23,BUY,28.816,85.78824485
BAC,6/22/23,BUY,27.92,93.90924779
BAC,7/3/23,SELL,29.29,83.75799411
BAC,7/5/23,BUY,28.98,93.90924779
BAC,7/6/23,BUY,28.216,100
BAC,7/12/23,SELL,29.29,89.84874632
BAC,7/13/23,SELL,29.651,78.68236727
BAC,7/14/23,SELL,30.15,70.05380164
BAC,7/14/23,BUY,29.51,80.20505532
BAC,7/14/23,BUY,29.1,90.356309
BAC,7/18/23,SELL,30.5,80.20505532
BAC,7/18/23,SELL,30.632,74.11430312
BAC,7/19/23,SELL,31.3,62.94792407
BAC,7/21/23,SELL,31.95,47.72104355
BAC,7/24/23,SELL,32.78,35.53953913
BAC,8/2/23,BUY,31.15,45.69079281
BAC,8/7/23,SELL,31.642,35.53953913
BAC,8/8/23,BUY,30.64,42.64541671
BAC,8/15/23,BUY,30.23,50.76641965
BAC,8/16/23,BUY,29.75,58.8874226
BAC,8/18/23,BUY,28.99,62.94792407
BAC,9/7/23,BUY,28.08,67.00842554
BAC,9/12/23,SELL,29.01,62.94792407
BAC,9/20/23,BUY,28.53,65.57709877
BAC,9/21/23,BUY,28.34,71.06892701
BAC,10/18/23,SELL,27.94,67.00842554
BAC,10/18/23,SELL,28.02,64.9781748
BAC,10/20/23,BUY,26.35,66.01360268
BAC,11/2/23,SELL,27.15,58.11592732
BAC,11/3/23,SELL,28.28,49.7918993
BAC,11/14/23,SELL,29.32,43.70114709
BAC,11/17/23,SELL,29.971,36.59526952
BAC,11/29/23,SELL,30.57,34.56501878
BAC,12/1/23,SELL,31.04,30.50451731
BAC,12/6/23,SELL,31.37,23.39863973
BAC,12/6/23,SELL,31.37,19.11481068
BAC,12/14/23,SELL,32.9,14.03918384
BAC,12/14/23,SELL,34.02,8.963556999
BAC,12/14/23,BUY,33.945,12.0089331
BAC,1/11/24,BUY,33.108,18.48543295
BAC,1/12/24,SELL,32.891,13.40980611
BAC,1/24/24,SELL,33.28,9.349304639
BAC,1/25/24,BUY,32.9,20.89128007
BAC,2/1/24,BUY,33.155,25.96690691
BAC,2/1/24,BUY,34.005,34.08790986
BAC,3/4/24,SELL,34.62,30.02740838
BAC,3/4/24,SELL,35.37,27.65201502
BAC,3/13/24,SELL,36.24,21.56126282
BAC,3/20/24,SELL,36.66,14.85128413
BAC,3/21/24,SELL,37.382,11.80590803
BAC,4/10/24,BUY,36.74,18.19104659
BAC,4/12/24,BUY,35.815,22.25154807
BAC,4/16/24,BUY,34.72,26.31204954
BAC,4/19/24,SELL,37.08,21.92670795
BAC,4/22/24,SELL,37.7,17.14546747
BAC,4/23/24,SELL,38.27,14.10009136
BAC,5/10/24,SELL,38.483,11.05471526
BAC,5/16/24,SELL,39.24,5.979088417
BAC,5/29/24,BUY,38.665,11.05471526
BAC,5/30/24,BUY,37.8,24.52542889
BAC,5/30/24,BUY,38.53,40.05684702
BAC,5/31/24,SELL,39.34,36.79829459
BAC,5/31/24,SELL,39.08,33.75291849
BAC,5/31/24,SELL,39.82,31.21510507
BAC,5/31/24,SELL,40.02,29.14424931
BAC,6/3/24,BUY,39.39,32.1287179
BAC,6/4/24,SELL,39.86,29.08334179
BAC,6/10/24,BUY,39.55,31.52979393
BAC,6/12/24,SELL,39.74,25.43904172
BAC,6/20/24,SELL,40.032,23.40879099
BAC,6/21/24,BUY,39.85,26.890671
BAC,6/26/24,BUY,38.92,28.37275404
BAC,6/28/24,SELL,40.02,26.3425033
BAC,7/2/24,SELL,40.595,20.25175109
BAC,7/9/24,SELL,41.4,18.20119785
BAC,7/11/24,SELL,42.2,16.19124962
BAC,7/12/24,SELL,41.715,14.16099888
BAC,7/12/24,BUY,41.14,15.17612425
BAC,7/12/24,BUY,41.445,17.20637499
BAC,7/15/24,SELL,42.22,14.16099888
BAC,7/16/24,SELL,43.04,11.11562278
BAC,7/16/24,SELL,42.86,10.10049741
BAC,7/16/24,SELL,43.645,9.085372043
BAC,7/16/24,SELL,44.375,8.374784286
BAC,7/22/24,BUY,42.2,10.2121612
BAC,7/26/24,BUY,41.58,13.25753731
BAC,7/29/24,BUY,41.78,18.85087808
BAC,7/31/24,BUY,40.31,21.31763273
BAC,8/2/24,BUY,38.32,25.3781342
BAC,8/2/24,BUY,37.33,40.18881332
BAC,8/6/24,BUY,36.745,45.26444016
BAC,8/7/24,SELL,38.55,42.21906405
BAC,8/14/24,SELL,38.661,39.17368795
BAC,8/15/24,SELL,39.44,36.12831185
BAC,8/23/24,SELL,39.77,33.78337225
BAC,8/28/24,SELL,40.015,30.73799614
BAC,8/28/24,SELL,39.42,28.44381281
BAC,8/28/24,SELL,39.43,26.67749467
BAC,8/29/24,SELL,40.2,23.63211857
BAC,8/29/24,SELL,40.31,21.69322911
BAC,9/13/24,BUY,38.89,25.75373059
BAC,9/17/24,SELL,39.495,22.70835448
BAC,9/24/24,BUY,39.76,24.73860522
BAC,10/11/24,SELL,41.924,21.69322911
BAC,10/14/24,SELL,42.2,20.20099482
BAC,10/15/24,SELL,42.72,16.14049335
BAC,10/15/24,SELL,42.55,14.11024261
BAC,10/15/24,SELL,43.28,12.48604203
BAC,10/15/24,SELL,42.2,12.09014313
BAC,10/23/24,SELL,42.3,10.0598924
BAC,10/30/24,SELL,42.61,8.029641661
BAC,10/30/24,BUY,41.78,12.18150442
BAC,11/4/24,BUY,41.12,12.59770582
BAC,11/5/24,SELL,41.651,9.552329713
BAC,11/6/24,SELL,43.898,7.714952797
BAC,11/6/24,SELL,45.1,6.699827429
BAC,11/11/24,SELL,45.78,4.669576693
BAC,11/12/24,SELL,46.185,3.654451325
BAC,11/25/24,SELL,47.318,2.172368287
BAC,11/25/24,SELL,47.67,0.781646533
BAC,12/2/24,BUY,47.02,6.831793727
BAC,12/11/24,BUY,45.605,13.33874734
BAC,12/17/24,BUY,44.735,16.38412344
BAC,12/17/24,BUY,45.05,22.54593442
BAC,12/18/24,BUY,43.85,27.24596488
BAC,12/18/24,BUY,44.34,32.36219673
BAC,12/20/24,SELL,44.235,30.331946
BAC,12/24/24,BUY,43.97,33.3773221
BAC,1/6/25,SELL,45.44,32.59567557
BAC,1/7/25,SELL,45.751,31.5805502
BAC,1/7/25,SELL,46.155,30.56542483
BAC,1/14/25,SELL,45.371,27.52004873
BAC,1/15/25,SELL,47.14,25.48979799
BAC,1/15/25,SELL,46.77,24.70815146
BAC,1/16/25,SELL,48.44,22.67790072
BAC,1/17/25,BUY,46.72,23.69302609
BAC,1/23/25,SELL,46.68,21.66277535
BAC,1/28/25,SELL,47.31,21.1044564
BAC,2/3/25,SELL,46.45,20.53598619
BAC,2/3/25,BUY,45.42,20.99279261
BAC,2/3/25,BUY,45.42,21.44959903
BAC,2/3/25,BUY,45.39,21.90640544
BAC,2/3/25,BUY,45.14,22.36321186
BAC,2/3/25,BUY,45.42,22.83016953
BAC,2/6/25,SELL,47.46,20.79991879
BAC,2/10/25,BUY,47.3,21.01309512
BAC,2/10/25,BUY,46.45,21.2364227
BAC,2/12/25,BUY,46.08,21.45975028
BAC,2/14/25,SELL,46.695,21.20596894
BAC,2/18/25,BUY,46.45,21.45975028
BAC,2/19/25,BUY,45.79,21.69322911
BAC,2/19/25,BUY,45.59,21.9368592
BAC,2/19/25,BUY,45.515,22.19064054
BAC,2/19/25,BUY,45.515,22.66297838
BAC,2/20/25,BUY,45.39,22.91675972
BAC,2/20/25,BUY,45.14,23.18069232
BAC,2/21/25,BUY,44.73,23.45477616
BAC,2/25/25,BUY,43.88,23.8405238
BAC,2/28/25,SELL,46.08,23.62734748
BAC,3/3/25,SELL,46.45,23.41417115
BAC,3/4/25,BUY,43.22,23.83037255
BAC,3/4/25,BUY,42.76,24.27702771
BAC,3/10/25,BUY,39.27,24.79474165
BAC,3/17/25,SELL,41.695,21.74936555
BAC,3/17/25,SELL,41.71,21.43467668
BAC,3/17/25,SELL,41.71,21.10983656
BAC,3/19/25,SELL,42.29,20.74439143
BAC,3/19/25,SELL,42.25,18.28240788
BAC,3/19/25,SELL,42.281,17.26728251
BAC,3/19/25,SELL,42.37,13.20678104
BAC,3/20/25,SELL,42.445,11.1765303
BAC,3/24/25,SELL,42.76,8.334179271
BAC,3/25/25,SELL,43.22,7.907826617
BAC,4/4/25,BUY,34.27,8.455994315
BAC,4/7/25,SELL,35.44,6.933306263
BAC,4/8/25,SELL,37.19,3.887930159
BAC,4/9/25,SELL,36.45,3.075829865
BAC,4/15/25,SELL,36.97,2.31E-15
BAC,4/15/25,SELL,37.76,-1.015125368
BAC,4/15/25,BUY,38.05,2.31E-15
BAC,5/23/25,BUY,42.339,1.725713126
BAC,5/23/25,BUY,43.48,1.015125368
BAC,5/27/25,SELL,43.815,0.710587758
BAC,5/28/25,SELL,44.68,0.101512537
BAC,5/29/25,BUY,44.255,1.116637905
BAC,7/14/25,BUY,46.655,2.131763273
BAC,7/16/25,BUY,45.955,3.146888641
BAC,8/1/25,BUY,45.83,5.177139377
BAC,8/14/25,SELL,47.41,2.131763273
BAC,8/19/25,SELL,47.865,0.101512537
BAC,8/22/25,BUY,48.775,1.624200589
BAC,9/17/25,SELL,51.555,1.319662978
BAC,9/25/25,SELL,51.81,1.015125368
BAC,9/30/25,BUY,51.405,2.53781342
BAC,10/6/25,SELL,50.305,0.101512537
BAC,10/7/25,BUY,50.659,2.131763273
BAC,10/14/25,SELL,50.425,1.116637905
BAC,10/15/25,SELL,52.45,0.101512537
BAC,11/12/25,SELL,54.09,2.31E-15
BAC,11/14/25,BUY,52.135,1.015125368
BAC,12/3/25,SELL,54.09,0.609075221
BAC,12/5/25,SELL,54.7,0.152268805
BAC,12/15/25,SELL,55.68,-0.30453761
BAC,12/18/25,BUY,54.62,0.203025074
BAC,12/18/25,BUY,54.09,0.609075221
BAC,12/24/25,SELL,56.38,0.152268805
BAC,1/14/26,BUY,52.21,0.629377728
BAC,1/23/26,BUY,51.5,1.309511725
BAC,2/11/26,SELL,55.56,0.49741143
BAC,2/24/26,BUY,49.91,1.177545427
BAC,3/2/26,BUY,48.78,1.867830677
BAC,3/10/26,SELL,48.92,1.46178053
BAC,3/19/26,BUY,46.365,3.492031266
BAC,3/25/26,SELL,48.92,2.882956045
BAC,4/1/26,SELL,49.91,2.375393361
BAC,4/7/26,SELL,50.52,1.837376916
BAC,4/7/26,SELL,51.01,1.299360471
BAC,4/8/26,SELL,51.5,0.761344026
BAC,4/8/26,SELL,52.21,0.213176327
BAC,4/13/26,SELL,53.1,-0.324840118
BAC,4/14/26,BUY,53.45,1.705410618
BAC,4/15/26,SELL,54.09,1.207999188
BAC,4/15/26,SELL,54.7,0.669982743
BAC,4/15/26,SELL,55.19,0.131966298
BAC,5/8/26,BUY,51.5,0.741041519
BAC,5/11/26,BUY,51.01,1.350116739
BAC,5/11/26,BUY,50.52,1.918586945
BARC.L,3/27/25,BUY,2.994,11.57772866
BARC.L,3/31/25,BUY,2.887,27.36554047
BARC.L,4/4/25,BUY,2.592,45.25839385
BARC.L,5/6/25,BUY,2.958,55.78360173
BARC.L,6/13/25,BUY,3.16,61.3619619
BARC.L,8/18/25,BUY,3.68,67.34027997
BARC.L,8/29/25,BUY,3.61,73.31859804
BARC.L,9/10/25,SELL,3.744,66.82454478
BARC.L,9/11/25,SELL,3.79,60.33049153
BARC.L,9/15/25,SELL,3.82,53.83643827
BARC.L,9/15/25,SELL,3.85,47.34238501
BARC.L,9/16/25,BUY,3.74,50.33154405
BARC.L,9/18/25,SELL,3.82,43.92169245
BARC.L,9/19/25,SELL,3.886,38.88011788
BARC.L,10/6/25,SELL,3.82,35.19629513
BARC.L,10/8/25,SELL,3.85,32.56499316
BARC.L,10/17/25,BUY,3.603,40.02736554
BARC.L,10/17/25,BUY,3.603,45.57415009
BARC.L,11/10/25,SELL,4.18,39.61688243
BARC.L,11/28/25,SELL,4.32,33.65961478
BARC.L,12/5/25,SELL,4.43,27.86022524
BARC.L,12/12/25,SELL,4.54,26.51299863
BARC.L,12/19/25,SELL,4.7,21.77665509
BARC.L,2/5/26,BUY,4.7,27.56551942
BARC.L,2/13/26,BUY,4.54,33.83854331
BARC.L,2/26/26,BUY,4.7,38.69066414
BARC.L,2/27/26,BUY,4.54,44.49005368
BARC.L,3/2/26,BUY,4.361,57.12030313
BARC.L,3/2/26,BUY,4.32,64.48794864
BARC.L,3/6/26,BUY,4.086,69.64530049
BARC.L,3/10/26,SELL,4.18,53.85748869
BARC.L,3/12/26,BUY,3.96,62.76181455
BARC.L,3/12/26,BUY,3.9,71.66614041
BARC.L,3/13/26,BUY,3.835,80.57046627
BARC.L,3/19/26,BUY,3.789,91.09567414
BARC.L,3/23/26,BUY,3.646,100
BARC.L,3/26/26,SELL,3.85,93.00073676
BARC.L,3/31/26,SELL,3.9,86.00147353
BARC.L,4/1/26,SELL,4.114,79.00221029
BARC.L,4/8/26,SELL,4.402,72.00294706
BARC.L,4/8/26,SELL,4.402,65.00368382
BARC.L,4/8/26,SELL,4.43,58.00442059
BARC.L,4/17/26,SELL,454,51.00515735
BARC.L,4/23/26,BUY,4.314,59.42532365
BARC.L,4/28/26,BUY,4.18,67.31922955
BARC.L,5/6/26,SELL,4.472,61.15145774
BARC.L,5/8/26,BUY,4.3,66.75086833
BARC.L,5/12/26,BUY,4.18,73.93958531
BAS,3/19/26,BUY,46.51,100
BAS,3/25/26,SELL,49.72,76
BAS,4/10/26,SELL,53.76,56.4
BAS,4/10/26,SELL,54.48,36.4
BAS,5/6/26,BUY,52.16,60.4
BAS.DE,5/12/22,SELL,48.35,-21.12676056
BAS.DE,6/9/22,SELL,52.7,-38.02816901
BAS.DE,6/13/22,BUY,49.1,-19.71830986
BAS.DE,6/15/22,SELL,49.56,-33.8028169
BAS.DE,6/16/22,BUY,47.5,-14.08450704
BAS.DE,6/20/22,BUY,44.98,0
BAS.DE,7/7/22,SELL,41.62,-21.12676056
BAS.DE,7/18/22,SELL,42.98,-42.95774648
BAS.DE,7/18/22,SELL,42.98,-59.85915493
BAS.DE,7/19/22,SELL,43.51,-76.05633803
BAS.DE,7/19/22,SELL,44.95,-100
BAS.DE,7/22/22,BUY,43.38,-67.6056338
BAS.DE,7/22/22,BUY,42.93,-32.3943662
BAS.DE,7/26/22,BUY,42.38,-15.49295775
BAS.DE,8/3/22,SELL,44.135,-34.50704225
BAS.DE,8/22/22,BUY,41.38,-19.01408451
BAS.DE,9/2/22,SELL,42.42,-33.09859155
BAS.DE,9/2/22,SELL,43.09,-54.22535211
BAS.DE,9/5/22,BUY,41.05,-33.09859155
BAS.DE,9/7/22,SELL,42.65,-50
BAS.DE,9/12/22,SELL,44.59,-78.16901408
BAS.DE,9/14/22,BUY,42.64,-52.81690141
BAS.DE,9/16/22,BUY,41.26,-38.73239437
BAS.DE,9/23/22,BUY,40,-19.71830986
BAS.DE,9/30/22,BUY,39.6254,0
BAS.DE,10/4/22,SELL,41.5,-23.94366197
BAS.DE,10/10/22,SELL,42.92,-38.02816901
BAS.DE,10/18/22,SELL,44.57,-59.15492958
BAS.DE,10/20/22,SELL,45.63,-76.05633803
BAS.DE,11/30/22,BUY,48.885,-59.15492958
BAS.DE,12/12/22,BUY,46.81,-40.84507042
BAS.DE,12/15/22,BUY,45.88,-18.30985915
BAS.DE,1/2/23,SELL,47.32,-43.66197183
BAS.DE,1/3/23,SELL,48.5,-64.78873239
BAS.DE,1/3/23,SELL,49.28,-82.3943662
BAS.DE,1/4/23,SELL,50.76,-99.29577465
BAS.DE,2/24/23,BUY,50.8,-77.46478873
BAS.DE,2/24/23,BUY,49.76,-54.22535211
BAS.DE,2/24/23,BUY,48.44,-26.05633803
BAS.DE,3/13/23,BUY,45.805,0
BAX,1/15/21,BUY,80.04,42.52873563
BAX,1/27/21,BUY,77.87,86.20689655
BAX,3/30/21,SELL,86.5971,70.11494253
BAX,7/28/21,SELL,84.03,52.87356322
BAX,9/22/21,BUY,81.09,94.71264368
BAX,10/28/21,SELL,84.29,57.47126437
BAX,10/28/21,BUY,78.99,100
BAX,12/13/21,SELL,82.88,58.62068966
BAX,12/29/21,SELL,87.22,0
BIDU,5/31/22,SELL,144.905,-29.41176471
BIDU,5/31/22,SELL,145.25,-58.82352941
BIDU,6/7/22,SELL,149.06,-100
BIDU,6/10/22,BUY,143.97,-50
BIDU,6/13/22,BUY,140.64,-29.41176471
BIDU,6/13/22,BUY,134.74,0
BIDU,6/14/22,SELL,137.59,-25.88235294
BIDU,6/14/22,SELL,140.67,-46.47058824
BIDU,6/17/22,SELL,144.18,-78.23529412
BIDU,6/30/22,BUY,148.15,-41.17647059
BIDU,7/15/22,BUY,137.76,0
BIDU,8/26/22,SELL,147.875,-37.05882353
BIDU,8/30/22,BUY,136.32,0
BIDU,9/1/22,SELL,145.94,-6.470588235
BIDU,9/13/22,BUY,134.72,0
BIDU,1/4/23,SELL,129.29,-35.29411765
BIDU,3/3/23,SELL,152.14,-67.64705882
BIDU,3/9/23,BUY,132.88,-32.35294118
BIDU,4/13/23,BUY,135.19,0
BKNG,1/15/21,SELL,2119.23,-100
BKNG,5/6/21,BUY,2295,0
BKNG,3/16/22,SELL,2166,-66.66666667
BKNG,5/3/22,BUY,2077,0
BKNG,5/5/22,SELL,2201.25,-83.33333333
BKNG,5/6/22,BUY,2170,0
BKNG,7/18/22,SELL,1787.81,-83.33333333
BKNG,7/27/22,SELL,1894.42,-133.3333333
BKNG,7/29/22,SELL,1932,-216.6666667
BKNG,8/2/22,BUY,1875,-150
BKNG,8/3/22,SELL,1995,-216.6666667
BKNG,8/3/22,SELL,2052,-333.3333333
BKNG,8/26/22,BUY,1930,-266.6666667
BKNG,8/26/22,BUY,1909.04,-216.6666667
BKNG,8/30/22,BUY,1899.85,-150
BKNG,9/1/22,BUY,1818.2,-100
BKNG,9/9/22,SELL,1952,-133.3333333
BKNG,9/12/22,SELL,2011,-183.3333333
BKNG,9/13/22,BUY,1947.42,33.33333333
BKNG,9/21/22,BUY,1822,66.66666667
BKNG,9/22/22,BUY,1737,100
BKNG,10/4/22,SELL,1740,0
BKNG,10/13/22,SELL,1707,-50
BKNG,10/17/22,SELL,1754,-100
BKNG,10/18/22,SELL,1808,-133.3333333
BKNG,10/18/22,BUY,1757,-100
BKNG,10/24/22,SELL,1831,-150
BKNG,10/26/22,SELL,1919,-183.3333333
BKNG,10/27/22,BUY,1846.91,-150
BKNG,11/1/22,SELL,1911.4,-183.3333333
BKNG,11/2/22,BUY,1838,-150
BKNG,11/2/22,BUY,1772,-100
BKNG,11/4/22,SELL,1908,-150
BKNG,11/7/22,BUY,1832,-100
BKNG,11/10/22,SELL,1904,-150
BKNG,11/11/22,SELL,1961,-183.3333333
BKNG,11/11/22,SELL,2001,-216.6666667
BKNG,11/14/22,BUY,1974,-183.3333333
BKNG,11/17/22,BUY,1917,-150
BKNG,11/23/22,SELL,1984,-200
BKNG,11/30/22,SELL,2052,-250
BKNG,12/7/22,BUY,2008,-200
BKNG,12/12/22,SELL,2043,-250
BKNG,12/13/22,SELL,2117,-300
BKNG,12/14/22,BUY,2016,-250
BKNG,12/15/22,BUY,1956,-200
BKNG,12/22/22,BUY,1928,-150
BKNG,12/22/22,BUY,1910,-100
BKNG,12/23/22,SELL,1952,-150
BKNG,12/27/22,SELL,1984,-200
BKNG,12/28/22,SELL,2018,-250
BKNG,1/5/23,SELL,2119,-300
BKNG,1/9/23,SELL,2198,-350
BKNG,3/15/23,BUY,2429,-300
BKNG,4/11/23,BUY,2563.25,-250
BKNG,5/30/23,BUY,2573.03,-166.6666667
BKNG,5/30/23,BUY,2530.545,-116.6666667
BKNG,10/3/23,BUY,3000,-83.33333333
BKNG,10/13/23,BUY,2949.4,-50
BKNG,11/2/23,BUY,2771.4,0
BRK-B,1/15/21,BUY,233.49,76.92307692
BRK-B,1/27/21,BUY,228.16,100
BRK-B,2/9/21,SELL,238.98,76.92307692
BRK-B,3/2/21,SELL,251.18,50
BRK-B,4/16/21,SELL,270.42,26.92307692
BRK-B,4/29/21,SELL,276.29,23.07692308
BRK-B,6/14/21,BUY,283.61,30
BRK-B,10/29/21,BUY,287.15,39.61538462
BRK-B,11/18/21,BUY,279.94,63.84615385
BRK-B,12/13/21,SELL,290.31,33.07692308
BRK-B,2/9/22,SELL,323.89,2.307692308
BRK-B,2/14/22,BUY,313.31,11.92307692
BRK-B,2/24/22,SELL,308.58,-13.46153846
BRK-B,2/24/22,BUY,299.59,11.92307692
BRK-B,7/29/22,SELL,300.89,0
BRK-B,1/19/23,BUY,306.01,11.92307692
BRK-B,2/21/23,BUY,300.99,29.23076923
BRK-B,3/24/23,BUY,296.36,48.46153846
BRK-B,4/3/23,SELL,310.7,38.84615385
BRK-B,4/6/23,SELL,312.87,29.23076923
BRK-B,4/14/23,SELL,321.24,17.69230769
BRK-B,7/31/23,SELL,352.14,0
BRK-B,4/1/25,BUY,532.99,11.53846154
BRK-B,4/3/25,BUY,529.75,15.38461538
BRK-B,4/4/25,BUY,494.14,23.07692308
BRK-B,5/5/25,BUY,508.648,34.61538462
BRK-B,5/13/25,SELL,515.28,31.15384615
BRK-B,5/27/25,SELL,508.5,4.230769231
BRK-B,5/29/25,BUY,506.44,11.92307692
BRK-B,6/3/25,BUY,495.08,15.76923077
BRK-B,8/19/25,SELL,483.8,2.307692308
BRK-B,8/22/25,BUY,490.25,10
BRK-B,9/12/25,BUY,494.4,12.69230769
BRK-B,9/24/25,SELL,494.71,6.923076923
BRK-B,9/29/25,SELL,500.4,1.153846154
BRK-B,10/6/25,SELL,502.5,0.384615385
BRK-B,10/7/25,BUY,499.405,8.076923077
BRK-B,10/13/25,SELL,491.615,4.230769231
BRK-B,10/15/25,SELL,496.36,0.384615385
BRK-B,10/28/25,BUY,483.62,11.92307692
BRK-B,12/8/25,BUY,494.4,14.23076923
BRK-B,1/21/26,SELL,484.21,6.538461538
BRK-B,1/28/26,BUY,473,9.230769231
BRK-B,2/3/26,SELL,494.4,6.923076923
BRK-B,2/11/26,SELL,500.17,1.153846154
BRK-B,2/20/26,BUY,494.4,3.076923077
BRK-B,3/27/26,BUY,474,6.153846154
BRK-B,4/15/26,BUY,474.2,8.846153846
BX,5/11/23,SELL,82.12,-66.66666667
BX,5/12/23,SELL,84,-100
BX,8/11/23,BUY,98.76,-60
BX,8/14/23,BUY,99.07,0
C,6/1/22,BUY,51.91,12.51117069
C,6/29/22,BUY,47.07,25.91599643
C,7/14/22,BUY,44.22,41.10813226
C,7/19/22,SELL,51.37,30.38427167
C,10/10/22,BUY,41.88,47.36371761
C,10/13/22,SELL,43.42,32.17158177
C,10/18/22,SELL,44.42,16.08579088
C,10/19/22,BUY,43.33,35.74620197
C,10/21/22,SELL,44.28,17.87310098
C,10/26/22,SELL,45.64,1.787310098
C,11/4/22,SELL,45.085,0
C,11/28/22,BUY,48.06,15.63896336
C,12/5/22,BUY,45.86,37.98033959
C,12/13/22,SELL,47.34,17.42627346
C,12/15/22,BUY,44.59,37.08668454
C,12/19/22,BUY,43.64,52.27882038
C,12/22/22,BUY,42.94,70.15192136
C,12/28/22,SELL,44.7,52.27882038
C,12/29/22,SELL,45.06,37.98033959
C,1/4/23,SELL,46.86,20.10723861
C,1/12/23,SELL,49.29,4.468275246
C,3/13/23,BUY,44.66,20.55406613
C,3/13/23,BUY,45.315,39.76764969
C,3/14/23,SELL,47.52,22.78820375
C,3/23/23,BUY,43.16,40.66130474
C,3/30/23,SELL,46.58,25.3798034
C,4/19/23,SELL,49.804,0
C,5/4/23,BUY,44.48,7.953529937
C,5/4/23,BUY,45.16,23.6818588
C,5/25/23,BUY,44.01,31.72475424
C,6/13/23,SELL,49.21,19.9285076
C,6/23/23,BUY,46.06,35.47810545
C,7/14/23,SELL,49.21,19.83914209
C,7/14/23,BUY,47.18,35.03127793
C,8/2/23,BUY,46.4,50.22341376
C,8/8/23,BUY,44.21,66.39857015
C,8/16/23,BUY,43,83.02055407
C,9/21/23,BUY,42.01,100
C,11/14/23,SELL,43.43,83.02055407
C,11/17/23,SELL,45.36,66.39857015
C,12/1/23,SELL,47,50.22341376
C,12/13/23,SELL,49.21,35.03127793
C,12/15/23,BUY,49.21,35.65683646
C,1/2/24,SELL,52.2,20.46470063
C,1/30/24,SELL,54.31,14.20911528
C,2/5/24,BUY,54.31,17.33690795
C,2/13/24,BUY,52.33,20.82216265
C,2/15/24,SELL,54.31,15.28150134
C,3/5/24,BUY,55.75,26.27345845
C,3/7/24,SELL,57.93,20.64343164
C,3/20/24,SELL,60,11.79624665
C,4/3/24,SELL,63.33,11.26005362
C,4/15/24,BUY,58.53,21.17962466
C,4/22/24,SELL,60.65,14.74530831
C,4/23/24,SELL,61.28,8.042895442
C,5/8/24,BUY,61.66,20.73279714
C,5/9/24,SELL,63.2,15.19213584
C,5/23/24,BUY,63.37,23.23503128
C,5/29/24,BUY,61.53,32.17158177
C,6/11/24,BUY,59.55,42.53798034
C,6/28/24,SELL,63.3,31.36729223
C,6/28/24,SELL,62.28,21.98391421
C,7/9/24,SELL,65.5,18.94548704
C,7/11/24,BUY,65.33,29.93744415
C,8/1/24,BUY,63.36,38.51653262
C,8/1/24,BUY,62.75,51.65326184
C,8/9/24,BUY,57.92,54.6023235
C,8/9/24,BUY,57.93,64.43252904
C,8/15/24,SELL,60.63,54.87042002
C,8/23/24,SELL,62.155,36.99731903
C,8/27/24,SELL,61.68,19.12421805
C,8/28/24,BUY,61.21,19.9285076
C,9/6/24,BUY,59.3,20.73279714
C,9/19/24,SELL,61.28,16.97944593
C,10/9/24,SELL,63.37,6.970509383
C,10/21/24,BUY,62.5,19.03485255
C,11/4/24,BUY,63.51,35.03127793
C,11/6/24,SELL,69.2,28.86505809
C,11/6/24,SELL,65.65,24.93297587
C,12/2/24,SELL,71.3,17.06881144
C,12/18/24,BUY,70.42,27.07774799
C,12/24/24,SELL,70.38,20.28596962
C,1/6/25,SELL,73,13.58355675
C,1/10/25,BUY,71.1,27.97140304
C,1/15/25,SELL,76.09,24.66487936
C,1/16/25,SELL,78.6,18.05183199
C,1/21/25,SELL,81.55,11.88561215
C,1/28/25,SELL,81.55,10.9919571
C,1/28/25,BUY,79.99,11.97497766
C,1/28/25,BUY,79.955,12.95799821
C,1/29/25,BUY,80.73,13.94101877
C,2/7/25,SELL,82.365,11.97497766
C,2/7/25,SELL,82.382,10.00893655
C,2/10/25,BUY,80.28,11.17068811
C,2/12/25,BUY,80.185,12.33243968
C,2/13/25,SELL,82,10.36639857
C,2/14/25,SELL,83.89,8.400357462
C,2/14/25,SELL,84.085,6.523681859
C,2/19/25,BUY,84.04,14.08668454
C,2/20/25,BUY,82,15.33780161
C,2/21/25,BUY,80.29,16.49955317
C,2/24/25,BUY,78.94,17.84003575
C,2/24/25,BUY,78,19.35924933
C,2/25/25,BUY,77.06,21.41465594
C,2/26/25,SELL,78.94,19.44861483
C,2/27/25,SELL,80.29,17.48257373
C,3/4/25,BUY,74.38,26.0616622
C,3/4/25,BUY,74.44,34.99821269
C,3/10/25,BUY,67.21,45.27524576
C,3/17/25,SELL,69.86,43.75603217
C,3/19/25,SELL,70.65,42.14745308
C,3/19/25,SELL,70.65,40.44950849
C,3/19/25,SELL,71.4,33.24396783
C,3/19/25,SELL,71.44,29.66934763
C,3/20/25,SELL,72.57,27.52457551
C,3/24/25,SELL,74,25.20107239
C,4/2/25,SELL,71.44,23.23503128
C,4/2/25,SELL,72.57,21.00089366
C,4/2/25,SELL,72.57,18.40929401
C,4/15/25,SELL,63.74,4.468275246
C,4/15/25,SELL,64.3,-1.340482574
C,4/15/25,BUY,64.725,0
C,10/10/25,BUY,93.98,1.340482574
C,12/3/25,SELL,105.07,0
CAT,6/9/21,BUY,234.55,10.33834586
CAT,6/10/21,BUY,226.36,19.73684211
CAT,6/14/21,BUY,219.13,25.37593985
CAT,6/17/21,BUY,213.41,32.89473684
CAT,9/20/21,BUY,192.75,39.47368421
CAT,11/8/21,SELL,212.54,31.20300752
CAT,12/30/21,SELL,208.86,19.92481203
CAT,1/4/22,SELL,218.43,10.71428571
CAT,2/24/22,BUY,182.68,23.87218045
CAT,2/28/22,SELL,188.16,10.71428571
CAT,3/8/22,SELL,203.89,0.939849624
CAT,4/12/22,BUY,215.94,12.21804511
CAT,4/18/22,SELL,229.07,1.691729323
CAT,4/28/22,BUY,212.82,8.834586466
CAT,4/28/22,BUY,216.2,16.72932331
CAT,4/28/22,BUY,207.12,28.7593985
CAT,4/29/22,SELL,215.84,21.2406015
CAT,4/29/22,BUY,210.61,28.7593985
CAT,5/12/22,BUY,200.72,38.15789474
CAT,5/16/22,SELL,208.56,30.26315789
CAT,5/20/22,BUY,196.72,40.60150376
CAT,5/27/22,SELL,215.65,29.88721805
CAT,6/7/22,SELL,227.16,21.9924812
CAT,7/6/22,BUY,170.08,31.39097744
CAT,7/7/22,SELL,180.02,21.9924812
CAT,7/7/22,SELL,180.31,18.23308271
CAT,7/11/22,BUY,176.34,27.63157895
CAT,7/12/22,BUY,172.82,37.03007519
CAT,7/18/22,SELL,176.72,28.57142857
CAT,7/19/22,SELL,180.01,20.11278195
CAT,7/28/22,SELL,188.32,10.71428571
CAT,7/29/22,SELL,195.65,3.195488722
CAT,9/23/22,BUY,162.18,17.29323308
CAT,11/4/22,SELL,227.18,9.398496241
CAT,11/9/22,SELL,226.9,3.759398496
CAT,12/15/22,BUY,228.775,9.398496241
CAT,12/22/22,SELL,237.08,4.69924812
CAT,1/20/23,BUY,247.62,10.71428571
CAT,2/2/23,BUY,243.72,25.7518797
CAT,2/8/23,SELL,249.18,18.23308271
CAT,2/21/23,BUY,239.89,24.81203008
CAT,3/2/23,SELL,251.36,17.29323308
CAT,3/9/23,BUY,242.68,23.87218045
CAT,3/10/23,BUY,232.25,29.5112782
CAT,3/10/23,BUY,227.78,37.03007519
CAT,3/16/23,BUY,217.67,44.54887218
CAT,3/16/23,BUY,218.84,59.58646617
CAT,3/24/23,BUY,213.62,68.23308271
CAT,3/29/23,BUY,222.495,71.80451128
CAT,3/29/23,BUY,222.585,75.56390977
CAT,3/30/23,SELL,225.16,68.79699248
CAT,3/30/23,SELL,226.01,65.03759398
CAT,4/4/23,BUY,217.96,93.23308271
CAT,4/20/23,BUY,222.1,100
CAT,6/7/23,SELL,236.33,96.42857143
CAT,6/8/23,SELL,234.74,83.27067669
CAT,6/13/23,SELL,245.18,68.23308271
CAT,6/13/23,SELL,239.32,55.07518797
CAT,6/16/23,SELL,249.88,45.67669173
CAT,6/22/23,BUY,237.91,52.06766917
CAT,7/3/23,SELL,247.4,46.42857143
CAT,7/12/23,SELL,255.06,35.15037594
CAT,7/18/23,SELL,260.41,28.57142857
CAT,7/26/23,BUY,257.3,34.39849624
CAT,8/1/23,SELL,266,25
CAT,8/1/23,SELL,279.12,17.48120301
CAT,8/2/23,SELL,286.841,9.962406015
CAT,8/11/23,SELL,284.57,6.203007519
CAT,8/15/23,BUY,281.66,11.84210526
CAT,8/21/23,BUY,270.6,17.48120301
CAT,10/6/23,BUY,260.41,23.30827068
CAT,10/9/23,SELL,271.28,21.42857143
CAT,10/20/23,BUY,251.11,27.44360902
CAT,10/25/23,BUY,244.51,36.46616541
CAT,11/2/23,BUY,235.85,51.5037594
CAT,11/15/23,SELL,250,43.60902256
CAT,11/22/23,BUY,242.05,48.68421053
CAT,12/6/23,SELL,260.19,42.48120301
CAT,12/6/23,SELL,260.41,37.40601504
CAT,12/14/23,SELL,278.27,33.27067669
CAT,12/14/23,SELL,278.38,29.13533835
CAT,12/14/23,SELL,278.27,28.57142857
CAT,12/20/23,SELL,293.23,21.9924812
CAT,1/23/24,SELL,291,17.85714286
CAT,2/29/24,SELL,333.72,12.21804511
CAT,3/12/24,SELL,337.34,7.894736842
CAT,4/25/24,BUY,337.3,19.17293233
CAT,5/7/24,SELL,348.32,13.53383459
CAT,5/9/24,SELL,350,7.518796992
CAT,5/16/24,BUY,354.21,14.28571429
CAT,5/22/24,BUY,357.01,19.92481203
CAT,5/23/24,BUY,350.55,28.19548872
CAT,5/28/24,BUY,345.4,33.27067669
CAT,6/4/24,BUY,325.1,34.96240602
CAT,7/10/24,BUY,324.28,42.48120301
CAT,7/11/24,SELL,332.26,33.08270677
CAT,7/11/24,SELL,329.16,27.44360902
CAT,7/12/24,SELL,338,23.30827068
CAT,7/16/24,SELL,355.3,14.47368421
CAT,7/16/24,SELL,361.02,11.65413534
CAT,7/24/24,BUY,340.2,16.91729323
CAT,7/26/24,SELL,351.565,13.15789474
CAT,8/1/24,BUY,338.65,17.10526316
CAT,8/6/24,SELL,333.28,9.586466165
CAT,8/6/24,BUY,317.34,18.98496241
CAT,8/8/24,SELL,334.24,15.22556391
CAT,8/12/24,SELL,339.4,11.46616541
CAT,8/15/24,SELL,343.12,7.894736842
CAT,8/29/24,SELL,355.8,4.135338346
CAT,9/4/24,BUY,335.38,10.71428571
CAT,9/6/24,BUY,329.91,17.85714286
CAT,9/13/24,SELL,345.95,15.78947368
CAT,9/19/24,SELL,372.2,11.09022556
CAT,9/23/24,SELL,372.445,7.894736842
CAT,9/24/24,SELL,380,3.947368421
CAT,10/24/24,BUY,386.188,17.10526316
CAT,10/30/24,BUY,373.35,21.80451128
CAT,11/5/24,SELL,383.19,16.16541353
CAT,11/6/24,SELL,410,12.40601504
CAT,11/6/24,SELL,400,12.03007519
CAT,11/8/24,BUY,396.56,13.90977444
CAT,11/8/24,BUY,393,28.94736842
CAT,11/26/24,SELL,408.2,26.12781955
CAT,12/17/24,BUY,373.91,35.52631579
CAT,12/18/24,BUY,364.7,41.16541353
CAT,12/18/24,BUY,363.5,46.80451128
CAT,12/20/24,SELL,370.67,43.04511278
CAT,1/15/25,SELL,376.33,39.47368421
CAT,1/21/25,SELL,400,35.90225564
CAT,1/27/25,SELL,402.14,28.38345865
CAT,1/30/25,BUY,373.5,28.7593985
CAT,1/31/25,BUY,373.06,29.13533835
CAT,2/7/25,SELL,366.757,28.57142857
CAT,2/7/25,SELL,366.775,28.0075188
CAT,2/18/25,BUY,353,29.13533835
CAT,2/19/25,SELL,353.16,2.819548872
CAT,2/19/25,BUY,351.315,3.947368421
CAT,2/19/25,BUY,351.256,70.4887218
CAT,2/20/25,BUY,348.165,89.28571429
CAT,2/21/25,BUY,346.58,90.41353383
CAT,2/21/25,BUY,341.54,91.54135338
CAT,3/3/25,BUY,338,92.66917293
CAT,3/3/25,BUY,334.46,93.79699248
CAT,3/3/25,BUY,330.08,94.92481203
CAT,3/4/25,BUY,323,96.05263158
CAT,3/11/25,BUY,338,97.18045113
CAT,3/13/25,BUY,334.46,98.30827068
CAT,3/14/25,SELL,339.35,88.90977444
CAT,3/19/25,SELL,338.08,79.5112782
CAT,3/20/25,BUY,334.46,80.63909774
CAT,3/21/25,BUY,330.08,81.76691729
CAT,3/24/25,SELL,341.43,74.2481203
CAT,3/26/25,SELL,346.58,72.36842105
CAT,3/26/25,SELL,346.13,59.21052632
CAT,3/28/25,BUY,330.08,60.33834586
CAT,3/31/25,BUY,323,61.46616541
CAT,3/31/25,SELL,324.52,53.94736842
CAT,3/31/25,SELL,328.35,48.30827068
CAT,3/31/25,SELL,330.445,42.66917293
CAT,3/31/25,SELL,330,23.87218045
CAT,4/4/25,BUY,285,33.27067669
CAT,4/7/25,BUY,268,34.58646617
CAT,4/7/25,SELL,279.36,31.76691729
CAT,4/8/25,SELL,290.48,22.36842105
CAT,4/9/25,SELL,293.03,18.60902256
CAT,4/9/25,SELL,301.02,16.72932331
CAT,4/15/25,SELL,299.3,11.09022556
CAT,4/15/25,SELL,298.54,2.819548872
CAT,5/13/25,SELL,346.58,2.067669173
CAT,5/13/25,SELL,353,1.315789474
CAT,5/27/25,SELL,349.33,0.37593985
CAT,5/30/25,BUY,351.56,2.255639098
CAT,6/24/25,SELL,372.4,1.127819549
CAT,7/18/25,BUY,413.84,2.067669173
CAT,8/19/25,SELL,421.62,0.37593985
CAT,8/26/25,BUY,428.4,4.135338346
CAT,8/29/25,BUY,425.41,4.69924812
CAT,8/29/25,BUY,419.83,5.45112782
CAT,9/2/25,BUY,412.9,6.390977444
CAT,9/16/25,SELL,439,5.45112782
CAT,9/17/25,SELL,449.15,4.511278195
CAT,9/18/25,SELL,458.2,3.571428571
CAT,9/18/25,SELL,463.8,2.631578947
CAT,9/19/25,SELL,468.33,1.691729323
CAT,9/23/25,SELL,479.29,1.127819549
CAT,9/23/25,SELL,478.72,0.37593985
CAT,10/6/25,SELL,496.36,0.187969925
CAT,10/7/25,BUY,494.78,3.947368421
CAT,10/7/25,BUY,494.05,7.706766917
CAT,10/13/25,SELL,501.1,5.827067669
CAT,10/13/25,SELL,502.52,3.947368421
CAT,10/13/25,SELL,504.94,2.067669173
CAT,10/14/25,SELL,530.24,1.127819549
CAT,10/15/25,SELL,533.02,0.187969925
CAT,10/28/25,BUY,523.95,3.947368421
CAT,11/24/25,SELL,563.399,1.127819549
CAT,12/17/25,BUY,587.59,2.255639098
CAT,12/17/25,BUY,573.28,3.007518797
CAT,1/2/26,SELL,587.26,2.067669173
CAT,1/12/26,SELL,615.17,0.563909774
CAT,1/15/26,SELL,650,-0.187969925
CAT,1/26/26,BUY,632.7,1.691729323
CAT,2/3/26,SELL,697.4,0.939849624
CAT,2/6/26,SELL,726.72,0.187969925
CAT,3/3/26,BUY,719.13,2.067669173
CAT,3/5/26,BUY,720,2.631578947
CAT,3/5/26,BUY,697.4,3.383458647
CAT,3/9/26,SELL,697.4,1.503759398
CAT,3/10/26,SELL,726.72,0
COST,1/15/21,SELL,362.16,-100
COST,3/4/21,BUY,322.88,0
CSCO,1/15/21,BUY,45.43,30.66298343
CSCO,1/27/21,SELL,46.04,16.85082873
CSCO,2/5/21,SELL,47.56,5.801104972
CSCO,3/4/21,BUY,44.46,30.66298343
CSCO,3/9/21,SELL,48.142,21.82320442
CSCO,3/26/21,SELL,51.76,15.19337017
CSCO,6/7/21,SELL,54.34,12.15469613
CSCO,8/3/21,SELL,56.19,5.524861878
CSCO,9/17/21,BUY,56.61,17.18232044
CSCO,9/30/21,BUY,55.04,31.21546961
CSCO,10/6/21,BUY,53.18,43.92265193
CSCO,10/20/21,SELL,56.27,26.85082873
CSCO,10/22/21,BUY,55.22,39.33701657
CSCO,10/27/21,SELL,56.51,26.35359116
CSCO,11/17/21,BUY,56.27,31.7679558
CSCO,11/18/21,BUY,52.6,36.02209945
CSCO,11/18/21,BUY,52.6,50.82872928
CSCO,11/18/21,BUY,52.6,65.74585635
CSCO,11/18/21,BUY,51.43,82.32044199
CSCO,11/18/21,BUY,52.6,100
CSCO,11/22/21,SELL,54.22,87.29281768
CSCO,11/22/21,SELL,53.45,81.21546961
CSCO,11/29/21,SELL,55.85,54.91712707
CSCO,12/7/21,SELL,57.24,43.86740331
CSCO,12/10/21,SELL,59.11,27.29281768
CSCO,12/23/21,SELL,62.78,14.47513812
CSCO,1/5/22,BUY,60.31,27.18232044
CSCO,1/18/22,BUY,59.54,40.99447514
CSCO,1/21/22,BUY,57.58,57.01657459
CSCO,3/3/22,SELL,56.81,43.14917127
CSCO,5/3/22,SELL,49.91,26.57458564
CSCO,7/28/22,SELL,45.49,16.90607735
CSCO,8/17/22,SELL,48.58,5.580110497
CSCO,10/7/22,BUY,40.21,19.39226519
CSCO,10/17/22,SELL,41.42,8.342541436
CSCO,12/20/22,BUY,47.04,17.18232044
CSCO,1/20/23,BUY,45.82,26.02209945
CSCO,2/15/23,SELL,49.82,18.28729282
CSCO,3/17/23,SELL,50.42,0
CSCO,4/20/23,BUY,47.22,14.08839779
CSCO,5/19/23,SELL,48.44,0
CSCO,6/9/23,BUY,49.53,8.950276243
CSCO,7/14/23,BUY,50.87,20
CSCO,7/27/23,SELL,53.82,8.950276243
CSCO,7/28/23,BUY,52.06,17.40331492
CSCO,8/15/23,BUY,53.34,25.69060773
CSCO,8/31/23,SELL,57.12,14.64088398
CSCO,9/21/23,BUY,53.45,22.6519337
CSCO,9/26/23,BUY,52.78,31.04972376
CSCO,11/16/23,BUY,47.31,33.31491713
CSCO,12/20/23,SELL,49.901,28.89502762
CSCO,1/10/24,BUY,49.985,49.55801105
CSCO,1/19/24,SELL,51.23,42.81767956
CSCO,1/31/24,BUY,50.8,58.45303867
CSCO,2/15/24,BUY,48.35,79.66850829
CSCO,3/11/24,SELL,50.03,63.31491713
CSCO,4/1/24,SELL,50.031,41.21546961
CSCO,5/7/24,SELL,47.141,37.3480663
CSCO,5/14/24,SELL,49.15,24.64088398
CSCO,5/15/24,SELL,52.58,16.79558011
CSCO,5/17/24,BUY,48.15,32.81767956
CSCO,8/2/24,BUY,46.79,51.93370166
CSCO,8/5/24,SELL,46.538,13.25966851
CSCO,8/14/24,SELL,48.4,6.187845304
CSCO,8/28/24,BUY,49.6,35.24861878
CSCO,9/16/24,SELL,50.77,28.39779006
CSCO,10/11/24,SELL,53.82,21.71270718
CSCO,11/6/24,SELL,57.12,15.74585635
CSCO,11/19/24,BUY,56.71,38.39779006
CSCO,12/5/24,SELL,60,32.09944751
CSCO,12/16/24,BUY,58.34,50.22099448
CSCO,12/20/24,SELL,58.34,43.92265193
CSCO,1/15/25,SELL,60.2,37.62430939
CSCO,1/27/25,BUY,59.23,55.35911602
CSCO,1/28/25,BUY,59.185,57.18232044
CSCO,1/29/25,BUY,59.885,58.95027624
CSCO,1/30/25,BUY,60.52,60.71823204
CSCO,2/3/25,SELL,61,58.72928177
CSCO,2/3/25,BUY,60.14,60.49723757
CSCO,2/7/25,SELL,63.035,58.89502762
CSCO,2/7/25,BUY,62.24,59.83425414
CSCO,2/12/25,SELL,67.1,56.51933702
CSCO,2/12/25,BUY,61.44,57.51381215
CSCO,2/13/25,SELL,66.1,55.96685083
CSCO,2/14/25,SELL,64.421,54.4198895
CSCO,2/14/25,SELL,64.421,52.87292818
CSCO,2/14/25,SELL,64.421,51.43646409
CSCO,2/18/25,SELL,65.5,49.88950276
CSCO,2/18/25,SELL,65.5,48.34254144
CSCO,2/18/25,SELL,65.5,46.85082873
CSCO,2/19/25,BUY,64.37,47.67955801
CSCO,2/19/25,BUY,64.335,51.2480663
CSCO,2/25/25,SELL,63.85,49.70110497
CSCO,2/25/25,SELL,64.37,48.15414365
CSCO,2/26/25,SELL,64.37,46.66243094
CSCO,2/27/25,SELL,64.73,45.3038674
CSCO,2/28/25,SELL,64.37,43.75690608
CSCO,2/28/25,BUY,62.87,44.64088398
CSCO,3/4/25,SELL,64.37,43.09392265
CSCO,3/7/25,SELL,63.49,41.54696133
CSCO,3/7/25,BUY,62.24,42.43093923
CSCO,3/11/25,BUY,61.47,43.64640884
CSCO,3/13/25,BUY,60.23,44.97237569
CSCO,3/21/25,BUY,60.17,46.51933702
CSCO,3/31/25,SELL,61.605,35.46961326
CSCO,4/2/25,SELL,62.24,33.92265193
CSCO,4/9/25,SELL,56.735,29.50276243
CSCO,4/15/25,SELL,57.26,5.524861878
CSCO,5/27/25,SELL,63.645,1.104972376
CSCO,5/29/25,BUY,62.965,6.629834254
CSCO,7/31/25,BUY,68.24,13.8121547
CSCO,8/8/25,SELL,70.53,11.98895028
CSCO,8/19/25,SELL,67.435,0.939226519
CSCO,9/2/25,BUY,67.49,1.712707182
CSCO,9/24/25,SELL,67.57,0.331491713
CSCO,10/7/25,BUY,68.855,9.171270718
CSCO,10/13/25,BUY,67.49,10.11049724
CSCO,10/13/25,SELL,67.601,1.82320442
CSCO,11/3/25,SELL,73.75,0.44198895
CSCO,12/3/25,BUY,76.98,1.878453039
CSCO,12/10/25,SELL,80.52,1.767955801
CSCO,12/11/25,BUY,79.44,3.867403315
CSCO,12/12/25,BUY,78.68,6.077348066
CSCO,12/12/25,BUY,77.92,7.458563536
CSCO,12/15/25,BUY,77.92,11.32596685
CSCO,12/16/25,BUY,77.92,14.64088398
CSCO,12/17/25,BUY,76.98,16.07734807
CSCO,1/5/26,BUY,75.46,17.51381215
CSCO,1/8/26,BUY,73.75,20.05524862
CSCO,1/8/26,BUY,73.75,22.59668508
CSCO,1/21/26,SELL,73.4,13.20441989
CSCO,1/23/26,BUY,73.75,15.41436464
CSCO,1/27/26,SELL,78.68,12.6519337
CSCO,1/29/26,SELL,79.44,9.337016575
CSCO,2/2/26,SELL,80.52,7.458563536
CSCO,2/3/26,SELL,81.9,7.348066298
CSCO,2/6/26,SELL,84.36,5.580110497
CSCO,2/9/26,SELL,85.12,3.812154696
CSCO,2/9/26,SELL,86.96,2.154696133
CSCO,2/12/26,BUY,79.68,5.46961326
CSCO,2/12/26,BUY,77.92,8.232044199
CSCO,2/12/26,BUY,75.46,10.49723757
CSCO,2/13/26,BUY,73.75,13.09392265
CSCO,2/13/26,SELL,76.815,3.149171271
CSCO,2/26/26,BUY,77.92,5.635359116
CSCO,3/4/26,SELL,80.52,3.867403315
CSCO,3/6/26,BUY,78.53,6.298342541
CSCO,3/10/26,SELL,77.92,3.535911602
CSCO,3/10/26,SELL,78.68,1.878453039
CSCO,3/24/26,SELL,81.9,0.497237569
CSCO,4/20/26,SELL,86.96,0.386740331
CSX,6/20/23,BUY,33.05,13.73657434
CSX,7/17/23,BUY,33.18,27.47314867
CSX,8/14/23,BUY,30.6,38.77897117
CSX,12/1/23,SELL,33.05,27.47314867
CSX,12/26/23,SELL,35.02,13.73657434
CSX,1/25/24,BUY,34.04,38.83550028
CSX,2/22/24,SELL,37.81,25.09892595
CSX,2/28/24,BUY,37.885,58.95986433
CSX,4/10/24,BUY,35.5,78.80158282
CSX,5/21/24,BUY,33.05,100
CSX,6/12/24,SELL,32.895,88.6941775
CSX,8/5/24,SELL,34.212,59.46862634
CSX,8/5/24,SELL,34.02,41.32278123
CSX,8/5/24,SELL,35.18,24.36404748
CSX,8/5/24,SELL,34.07,20.85924251
CSX,8/12/24,BUY,33.65,32.16506501
CSX,9/23/24,BUY,34,36.80045223
CSX,10/15/24,SELL,35.54,28.15149802
CSX,10/17/24,BUY,34,46.52345958
CSX,10/17/24,BUY,34,65.74335783
CSX,11/5/24,SELL,33.974,48.78462408
CSX,11/6/24,SELL,35,38.10062182
CSX,11/7/24,SELL,36.95,28.43414358
CSX,11/18/24,BUY,34.96,45.78858112
CSX,11/25/24,SELL,36.75,35.95251555
CSX,12/2/24,BUY,35.85,54.43753533
CSX,2/11/25,SELL,33.14,52.40248728
CSX,2/14/25,SELL,33.25,50.70661391
CSX,2/18/25,SELL,33.62,48.55850763
CSX,2/19/25,BUY,33.14,50.36743923
CSX,2/19/25,BUY,33.278,52.26907858
CSX,2/19/25,BUY,32.47,54.41718485
CSX,2/21/25,BUY,31.8,56.62182024
CSX,2/24/25,BUY,31.929,59.27868852
CSX,2/28/25,BUY,32,61.93555681
CSX,3/4/25,BUY,31.53,64.93159977
CSX,3/5/25,BUY,30.94,68.37987564
CSX,3/7/25,SELL,30.94,64.98812889
CSX,3/10/25,SELL,31.53,61.59638214
CSX,3/18/25,BUY,30,66.11871114
CSX,3/19/25,BUY,30,70.07574901
CSX,3/28/25,BUY,29.25,74.59807801
CSX,3/31/25,SELL,29.561,50.87620124
CSX,4/15/25,SELL,28.22,5.652911249
CSX,4/17/25,BUY,27.48,16.95873375
CSX,5/12/25,SELL,29.25,12.32334652
CSX,5/27/25,SELL,31.12,1.017524025
CSX,8/19/25,SELL,36.88,0.169587337
CSX,9/2/25,BUY,32,6.557377049
CSX,9/3/25,BUY,32,12.94516676
CSX,9/8/25,BUY,32,19.27642736
CSX,9/23/25,SELL,34.065,13.62351611
CSX,9/24/25,SELL,34.03,0.621820237
CSX,10/6/25,SELL,36.095,0.056529112
CSX,10/7/25,BUY,36.23,17.01526286
CSX,10/13/25,SELL,35.535,0.056529112
CSX,11/10/25,BUY,34.88,3.561334087
CSX,12/1/25,BUY,34.88,6.840022612
CSX,12/8/25,SELL,36.67,3.278688525
CSX,12/17/25,BUY,36.67,7.235726399
CSX,1/5/26,BUY,35.78,10.4013567
CSX,1/7/26,BUY,34.88,14.0192199
CSX,1/22/26,SELL,37.94,10.45788581
CSX,2/4/26,SELL,39.55,6.613906162
CSX,2/6/26,SELL,40.65,2.826455625
CSX,2/11/26,SELL,41.34,-0.734878462
CSX,2/20/26,SELL,41.89,-3.561334087
CSX,3/3/26,BUY,42.785,0.960994912
CSX,4/1/26,SELL,41.34,-6.43E-15
CSX,4/1/26,SELL,41.89,-0.960994912
CSX,4/2/26,BUY,40.56,1.921989825
CSX,4/2/26,BUY,40.56,5.879027699
CSX,4/7/26,SELL,42.44,2.374222725
CSX,4/17/26,SELL,43.22,-6.43E-15
CSX,4/22/26,SELL,45.12,-2.374222725
CSX,4/22/26,SELL,44.22,-4.748445449
CSX,4/22/26,SELL,45.67,-7.122668174
CSX,5/4/26,BUY,44.68,0.22611645
DB,4/6/22,BUY,12.38,21.41680395
DB,3/24/23,BUY,8.86,64.25041186
DB,8/15/23,BUY,10.86,88.53377265
DB,10/10/23,SELL,10.82,79.67051071
DB,10/11/23,SELL,10.82,63.03130148
DB,1/5/24,SELL,13.68,46.5568369
DB,1/11/24,BUY,13.46,67.08401977
DB,2/7/24,BUY,12.61,87.05107084
DB,2/27/24,SELL,13.46,72.98187809
DB,3/8/24,SELL,14,58.81383855
DB,3/12/24,SELL,14.86,50.90609555
DB,4/3/24,SELL,15.75,33.34431631
DB,4/11/24,BUY,15.718,43.1630972
DB,4/22/24,SELL,16.16,27.31466227
DB,4/30/24,BUY,16.13,43.06425041
DB,5/7/24,SELL,17.295,28.07248764
DB,5/23/24,BUY,16.78,47.84184514
DB,6/11/24,BUY,15.9,60.98846787
DB,6/12/24,SELL,16.215,47.80889621
DB,6/21/24,BUY,15.51,56.40856672
DB,7/1/24,SELL,16.3,42.53706755
DB,7/3/24,SELL,16.88,30.80724876
DB,7/10/24,BUY,16.685,50.57660626
DB,7/24/24,BUY,15.609,63.75617792
DB,7/24/24,BUY,16.05,80.2306425
DB,8/2/24,BUY,14.605,100
DB,8/23/24,SELL,16.445,86.12850082
DB,8/27/24,SELL,16.36,64.25041186
DB,8/27/24,SELL,16.459,53.17957166
DB,9/5/24,SELL,16.58,36.70510708
DB,9/30/24,SELL,17.55,24.81054366
DB,11/6/24,SELL,17.8,14.99176277
DB,11/13/24,BUY,16.46,22.30642504
DB,12/3/24,SELL,17.62,10.41186161
DB,12/17/24,BUY,17.625,33.47611203
DB,12/19/24,BUY,17.1,41.12026359
DB,12/19/24,BUY,17.1,50.18121911
DB,12/30/24,SELL,17.51,38.55024712
DB,1/13/25,BUY,17.22,44.77759473
DB,1/15/25,SELL,18.4,33.17957166
DB,2/3/25,BUY,18.7,34.4645799
DB,2/3/25,BUY,18.7,35.74958814
DB,2/3/25,BUY,18.7,37.03459638
DB,2/3/25,BUY,18.7,38.35255354
DB,2/3/25,BUY,18.7,39.67051071
DB,2/3/25,BUY,18.7,40.98846787
DB,2/7/25,SELL,19.401,38.02306425
DB,2/12/25,SELL,19.875,35.05766063
DB,2/12/25,SELL,19.875,32.092257
DB,2/18/25,SELL,20.67,29.22570016
DB,2/19/25,BUY,20.39,30.90609555
DB,2/21/25,BUY,20.385,32.61943987
DB,2/24/25,SELL,20.675,29.75288303
DB,2/24/25,SELL,20.76,26.88632619
DB,2/24/25,SELL,20.99,24.11861614
DB,2/25/25,SELL,21.18,21.3509061
DB,2/25/25,SELL,21.36,18.58319605
DB,2/26/25,SELL,21.62,15.815486
DB,3/3/25,SELL,21.96,13.14662273
DB,3/5/25,SELL,21.96,10.44481054
DB,4/1/25,SELL,23.96,7.281713344
DB,4/9/25,BUY,20.495,10.11532125
DB,4/9/25,SELL,21.16,8.138385502
DB,4/15/25,BUY,23.45,16.276771
DB,4/15/25,SELL,23.45,0
DB,6/13/25,BUY,27.32,4.942339374
DB,6/13/25,BUY,27.27,8.23723229
DB,6/30/25,BUY,29.495,11.53212521
DB,10/13/25,SELL,35.285,8.23723229
DB,10/13/25,SELL,35.271,1.647446458
DB,11/18/25,BUY,34.09,4.876441516
DB,11/20/25,BUY,33.71,6.919275124
DB,12/23/25,SELL,39.01,4.744645799
DB,1/28/26,BUY,39.01,6.425041186
DB,2/5/26,BUY,36.36,8.599670511
DB,3/2/26,BUY,33.78,11.72981878
DB,3/3/26,BUY,31.93,15.15650741
DB,3/5/26,BUY,32.84,18.6490939
DB,3/5/26,BUY,32.07,22.1416804
DB,3/6/26,BUY,31.04,25.63426689
DB,3/10/26,BUY,32.07,29.22570016
DB,3/12/26,BUY,29.61,32.81713344
DB,3/12/26,BUY,29.42,36.40856672
DB,3/12/26,BUY,28.96,40
DB,3/26/26,SELL,29.42,36.0461285
DB,4/8/26,SELL,31.05,30.77429984
DB,4/8/26,SELL,32.07,27.907743
DB,4/10/26,SELL,32.89,23.9538715
DB,4/14/26,SELL,33.71,18.02306425
DB,4/14/26,SELL,33.5,8.138385502
DB,4/29/26,BUY,30.915,11.43327842
DB,5/6/26,SELL,32.07,9.126853377
DBK.DE,7/28/21,BUY,10.65,29.86022872
DBK.DE,9/20/21,BUY,10.384,52.09656925
DBK.DE,9/27/21,SELL,11.04,31.38500635
DBK.DE,10/27/21,BUY,11.36,51.71537484
DBK.DE,10/28/21,BUY,10.98,72.74459975
DBK.DE,11/19/21,BUY,10.78,98.15756036
DBK.DE,11/24/21,SELL,11.5,75.47649301
DBK.DE,12/7/21,SELL,11.4,52.44599746
DBK.DE,12/13/21,BUY,10.8,76.55654384
DBK.DE,12/27/21,SELL,11.24,53.33545108
DBK.DE,2/1/22,SELL,12.46,31.92503177
DBK.DE,2/4/22,SELL,13.386,12.86531131
DBK.DE,2/28/22,BUY,11.096,29.92376112
DBK.DE,3/1/22,BUY,10.66,54.70139771
DBK.DE,3/16/22,SELL,10.97,29.92376112
DBK.DE,3/22/22,SELL,11.31,12.86531131
DBK.DE,4/11/22,BUY,11.12,35.73697586
DBK.DE,4/12/22,BUY,10.8,57.24269377
DBK.DE,4/21/22,SELL,11.5,38.21473952
DBK.DE,4/27/22,BUY,9.659,57.27445997
DBK.DE,4/27/22,BUY,9.76,83.3227446
DBK.DE,5/31/22,SELL,10.7,59.62515883
DBK.DE,10/27/22,SELL,9.7,33.57687421
DBK.DE,3/24/23,BUY,8.232,81.22617535
DBK.DE,4/3/23,SELL,9.68,49.45997459
DBK.DE,5/4/23,BUY,9.17,81.22617535
DBK.DE,10/26/23,SELL,10.32,72.68106734
DBK.DE,12/7/23,SELL,11.45,50.1270648
DBK.DE,1/5/24,SELL,12.52,31.06734435
DBK.DE,1/19/24,BUY,11.864,40.59720457
DBK.DE,2/1/24,SELL,12.35,31.03557814
DBK.DE,3/19/24,SELL,13.82,27.22363405
DBK.DE,3/22/24,SELL,14.14,21.50571792
DBK.DE,4/3/24,BUY,14.908,43.74205845
DBK.DE,4/23/24,SELL,15.264,28.43074968
DBK.DE,4/26/24,SELL,16.652,20.48919949
DBK.DE,5/15/24,SELL,16.21,5.940279543
DBK.DE,5/16/24,BUY,15.872,24.55527319
DBK.DE,5/31/24,BUY,15.06,42.72554003
DBK.DE,6/13/24,BUY,14.6,69.85387548
DBK.DE,7/3/24,SELL,15.61,58.3545108
DBK.DE,7/5/24,SELL,15.9,46.72808132
DBK.DE,7/9/24,BUY,15.4,55.52731893
DBK.DE,7/24/24,BUY,14.402,65.05717916
DBK.DE,7/24/24,BUY,14.62,80.94027954
DBK.DE,8/2/24,BUY,13.344,100
DBK.DE,8/28/24,SELL,14.684,68.23379924
DBK.DE,9/5/24,SELL,14.944,55.52731893
DBK.DE,9/10/24,BUY,14.86,58.4180432
DBK.DE,9/11/24,BUY,14.11,62.6747141
DBK.DE,9/17/24,SELL,14.69,50
DBK.DE,9/24/24,SELL,15.3,35.64167726
DBK.DE,10/4/24,SELL,15.86,23.63405337
DBK.DE,10/18/24,SELL,16.33,13.85006353
DBK.DE,10/23/24,BUY,15.57,21.98221093
DBK.DE,10/24/24,BUY,15.848,50.57179161
DBK.DE,11/6/24,SELL,16.36,49.77763659
DBK.DE,12/5/24,SELL,17,48.72935197
DBK.DE,12/19/24,BUY,16.55,54.44726811
DBK.DE,1/17/25,SELL,18.5,42.94790343
DBK.DE,2/18/25,SELL,19.798,40.05717916
DBK.DE,2/18/25,SELL,19.95,37.16645489
DBK.DE,2/19/25,BUY,19.654,37.80082592
DBK.DE,2/19/25,BUY,19.656,39.54796696
DBK.DE,2/19/25,BUY,19.55,41.29510801
DBK.DE,2/21/25,SELL,19.68,39.38913596
DBK.DE,2/24/25,SELL,19.95,37.48316391
DBK.DE,2/25/25,SELL,19.754,34.59243964
DBK.DE,2/25/25,SELL,20.2,31.70171537
DBK.DE,2/25/25,SELL,20.4,28.81099111
DBK.DE,2/26/25,SELL,20.6,27.06385006
DBK.DE,3/3/25,SELL,20.9,24.33290978
DBK.DE,3/5/25,SELL,20.9,21.60101652
DBK.DE,3/5/25,SELL,21.25,18.90088945
DBK.DE,3/24/25,SELL,22.88,16.99491741
DBK.DE,3/28/25,BUY,22.1,18.58322745
DBK.DE,3/31/25,BUY,21.79,20.17153748
DBK.DE,3/31/25,BUY,21.73,32.87801779
DBK.DE,4/3/25,BUY,21.25,34.46632783
DBK.DE,4/29/25,SELL,23,31.25794155
DBK.DE,4/29/25,SELL,23.5,28.04955527
DBK.DE,4/30/25,BUY,22.595,37.5794155
DBK.DE,5/6/25,BUY,23.47,47.10927573
DBK.DE,7/17/25,SELL,25.69,44.25031766
DBK.DE,7/17/25,SELL,25.955,41.39135959
DBK.DE,7/23/25,SELL,26.19,38.46886912
DBK.DE,7/23/25,SELL,26.19,35.60991105
DBK.DE,8/15/25,SELL,31.75,33.2909784
DBK.DE,9/15/25,SELL,31.8,30.90851334
DBK.DE,9/16/25,BUY,30.75,32.08386277
DBK.DE,9/24/25,BUY,30.75,33.4498094
DBK.DE,10/17/25,BUY,28.41,36.91232529
DBK.DE,11/10/25,SELL,31.97,32.14739517
DBK.DE,11/10/25,SELL,32.56,29.76493011
DBK.DE,11/14/25,BUY,31.65,39.29479034
DBK.DE,11/17/25,BUY,30.75,41.96315121
DBK.DE,12/3/25,BUY,30.75,44.88564168
DBK.DE,12/9/25,SELL,31.75,42.12198221
DBK.DE,12/11/25,SELL,32.56,39.35832274
DBK.DE,12/18/25,SELL,32.56,36.49936468
DBK.DE,12/23/25,SELL,33.372,34.21219822
DBK.DE,1/19/26,BUY,32.56,36.18170267
DBK.DE,1/21/26,BUY,31.75,39.35832274
DBK.DE,2/5/26,BUY,30.75,41.42312579
DBK.DE,2/13/26,BUY,30.16,45.13977128
DBK.DE,3/2/26,BUY,29,48.76111817
DBK.DE,3/3/26,BUY,28.64,52.47776366
DBK.DE,3/3/26,BUY,28.31,56.19440915
DBK.DE,3/5/26,BUY,28.06,60.10165184
DBK.DE,3/5/26,BUY,27.81,64.00889454
DBK.DE,3/6/26,BUY,27.5,67.91613723
DBK.DE,3/6/26,BUY,27,71.82337992
DBK.DE,3/9/26,BUY,26.3,75.73062262
DBK.DE,3/12/26,BUY,26.19,79.76493011
DBK.DE,3/12/26,BUY,25.94,83.79923761
DBK.DE,3/12/26,BUY,25.69,87.83354511
DBK.DE,3/12/26,BUY,25.38,91.8678526
DBK.DE,3/18/26,SELL,26.28,86.14993647
DBK.DE,3/19/26,BUY,25.34,90.50190597
DBK.DE,3/23/26,BUY,23.87,94.75857687
DBK.DE,3/25/26,SELL,25.815,91.5819568
DBK.DE,3/31/26,SELL,25.685,88.62770013
DBK.DE,4/1/26,SELL,25.945,85.76874206
DBK.DE,4/1/26,SELL,26.195,81.95679797
DBK.DE,4/2/26,BUY,25.45,86.24523507
DBK.DE,4/2/26,BUY,25.45,90.53367217
DBK.DE,4/2/26,BUY,25.38,94.82210928
DBK.DE,4/8/26,SELL,27.3,92.56670902
DBK.DE,4/8/26,SELL,27.3,89.32655654
DBK.DE,4/8/26,SELL,27.3,85.51461245
DBK.DE,4/8/26,SELL,27.5,82.36975858
DBK.DE,4/8/26,SELL,27.425,77.28716645
DBK.DE,4/8/26,SELL,27.81,70.61626429
DBK.DE,4/10/26,SELL,28.06,67.37611182
DBK.DE,4/14/26,SELL,28.06,64.48538755
DBK.DE,4/14/26,SELL,28.325,61.34053367
DBK.DE,4/15/26,SELL,28.32,58.4498094
DBK.DE,4/17/26,SELL,28.66,55.20965693
DBK.DE,4/23/26,BUY,27,58.386277
DBK.DE,4/30/26,BUY,26.18,61.88055909
DBK.DE,5/4/26,BUY,25.94,65.53367217
DBK.DE,5/6/26,SELL,27.82,62.6747141
DDD,1/15/21,BUY,28.25,7.894736842
DDD,2/10/21,SELL,54.4,6.894736842
DDD,2/23/21,BUY,36.84,9.210526316
DDD,2/24/21,BUY,34.47,11.63157895
DDD,3/2/21,BUY,31.29,15.84210526
DDD,3/3/21,BUY,28.78,20.05263158
DDD,3/3/21,BUY,30.32,24.78947368
DDD,3/4/21,BUY,26.76,27.94736842
DDD,3/5/21,BUY,23.62,34.78947368
DDD,3/5/21,BUY,22.86,41.63157895
DDD,3/11/21,SELL,30.74,36.89473684
DDD,3/15/21,SELL,32.77,33.73684211
DDD,5/3/21,BUY,20.74,40.05263158
DDD,5/11/21,SELL,23.21,32.15789474
DDD,5/21/21,SELL,27.39,25.84210526
DDD,5/28/21,BUY,29.48,29.31578947
DDD,6/16/21,BUY,26.92,37.73684211
DDD,6/22/21,SELL,32.19,29.84210526
DDD,6/22/21,SELL,35.68,24.36842105
DDD,6/22/21,SELL,29.59,21.21052632
DDD,7/12/21,BUY,31.69,24.26315789
DDD,7/14/21,BUY,29.81,28.57894737
DDD,8/10/21,SELL,39.58,24.89473684
DDD,8/10/21,SELL,31.95,22
DDD,11/3/21,SELL,32.34,19.66315789
DDD,11/8/21,SELL,35.26,17.55789474
DDD,11/10/21,BUY,26.86,20.4
DDD,1/18/22,BUY,19.04,25.01052632
DDD,3/2/22,BUY,16.43,29.48421053
DDD,5/10/22,BUY,9.576,41.06315789
DDD,7/22/22,SELL,11.22,34.35789474
DDD,7/28/22,SELL,11.22,33.69473684
DDD,8/3/22,SELL,12.07,26.81052632
DDD,8/30/22,BUY,10.518,33.12631579
DDD,10/11/22,BUY,8.09,39.44210526
DDD,10/17/22,SELL,8.38,34.17894737
DDD,10/18/22,SELL,8.84,28.91578947
DDD,10/19/22,BUY,8.4,34.17894737
DDD,10/21/22,SELL,8.51,28.91578947
DDD,10/21/22,BUY,8.06,34.17894737
DDD,10/25/22,SELL,8.82,28.91578947
DDD,11/2/22,BUY,8.46,34.70526316
DDD,11/4/22,BUY,8.09,42.07368421
DDD,11/9/22,SELL,8.38,35.23157895
DDD,11/10/22,SELL,8.97,29.96842105
DDD,11/28/22,BUY,9.44,38.38947368
DDD,11/30/22,SELL,9.96,33.12631579
DDD,12/7/22,BUY,9.2,38.91578947
DDD,12/15/22,BUY,8.88,44.17894737
DDD,12/15/22,BUY,8.42,50.49473684
DDD,12/19/22,BUY,8.04,57.86315789
DDD,1/9/23,SELL,8.56,51.02105263
DDD,1/12/23,SELL,8.9,44.70526316
DDD,1/17/23,SELL,9.22,39.44210526
DDD,1/23/23,SELL,10.07,33.86315789
DDD,2/2/23,SELL,12.154,21.23157895
DDD,2/10/23,BUY,10.66,29.12631579
DDD,2/17/23,SELL,11.053,21.75789474
DDD,3/1/23,SELL,11.332,10.66315789
DDD,3/21/23,BUY,10.108,23.29473684
DDD,4/13/23,BUY,9.548,33.82105263
DDD,7/5/23,BUY,9.68,42.90526316
DDD,7/10/23,SELL,10.182,27.11578947
DDD,7/13/23,SELL,10.88,17.85263158
DDD,7/14/23,BUY,10.055,24.16842105
DDD,7/14/23,BUY,10.37,32.29473684
DDD,8/11/23,BUY,7.119,42.82105263
DDD,10/17/23,BUY,4.465,47.03157895
DDD,11/14/23,SELL,4.65,42.45263158
DDD,11/24/23,SELL,5.35,40.34736842
DDD,11/29/23,SELL,5.62,29.16842105
DDD,12/7/23,SELL,6.2,18.21052632
DDD,12/14/23,SELL,6.5,15.05263158
DDD,12/18/23,BUY,6.22,22.53684211
DDD,1/4/24,BUY,5.52,33.06315789
DDD,1/4/24,BUY,5.54,49.90526316
DDD,1/31/24,BUY,4.81,52.89473684
DDD,2/15/24,SELL,5.62,47.34736842
DDD,2/21/24,BUY,5.05,48.03157895
DDD,3/5/24,SELL,4.68,40.66315789
DDD,5/14/24,SELL,4.21,34.34736842
DDD,6/5/24,SELL,3.92,30.13684211
DDD,6/5/24,SELL,4.24,25.92631579
DDD,6/5/24,SELL,4.12,23.82105263
DDD,6/6/24,SELL,4.52,18.55789474
DDD,6/6/24,BUY,4.4,25.92631579
DDD,6/7/24,BUY,4.158,29.08421053
DDD,8/8/24,BUY,2.705,50.13684211
DDD,10/28/24,SELL,3.35,47.62105263
DDD,11/5/24,SELL,3.4,37.09473684
DDD,11/13/24,SELL,3.78,20.25263158
DDD,11/13/24,BUY,3.47,31.83157895
DDD,11/22/24,SELL,3.12,18.14736842
DDD,11/26/24,BUY,3.356,39.2
DDD,11/27/24,BUY,3.038,49.72631579
DDD,12/3/24,BUY,2.72,53.74736842
DDD,12/9/24,SELL,3.235,43.22105263
DDD,12/9/24,SELL,3.14,36.86315789
DDD,12/12/24,SELL,3.7,30.50526316
DDD,12/18/24,BUY,3.5,33.13684211
DDD,12/19/24,SELL,3.79,22.61052632
DDD,12/23/24,BUY,3.4,25.37894737
DDD,1/24/25,SELL,3.68,16.95789474
DDD,1/27/25,SELL,3.707,9.589473684
DDD,2/19/25,SELL,4.62,5.505263158
DDD,2/19/25,BUY,4.54,5.553052632
DDD,2/19/25,BUY,4.45,8.121473684
DDD,2/20/25,BUY,4.35,10.92147368
DDD,2/21/25,BUY,4.35,13.81621053
DDD,2/21/25,BUY,4.19,17.12147368
DDD,2/24/25,BUY,4.06,20.74252632
DDD,2/24/25,BUY,3.9,26.10042105
DDD,2/25/25,BUY,3.8,31.81621053
DDD,2/25/25,BUY,3.74,37.532
DDD,2/25/25,BUY,3.6,43.75305263
DDD,2/26/25,SELL,3.74,38.88989474
DDD,2/27/25,BUY,3.52,45.11094737
DDD,2/27/25,BUY,3.48,51.332
DDD,2/27/25,BUY,3.45,57.55305263
DDD,2/28/25,BUY,3.41,63.77410526
DDD,2/28/25,BUY,3.37,69.99515789
DDD,3/3/25,BUY,3.31,76.21621053
DDD,3/27/25,BUY,2.39,80.48989474
DDD,3/31/25,SELL,2.105,73.68421053
DDD,4/4/25,BUY,1.87,100
DDD,4/14/25,SELL,2.13,72.63157895
DDD,5/8/25,SELL,2.26,60.31578947
DDD,5/12/25,SELL,2.42,55.90526316
DDD,5/12/25,SELL,2.42,47.89473684
DDD,5/12/25,SELL,2.42,35.57894737
DDD,5/27/25,SELL,1.635,4
DDD,8/7/25,SELL,1.79,0
DE,4/25/22,BUY,375.82,37.5
DE,5/24/22,BUY,333.51,100
DE,5/27/22,SELL,346.5328,55.35714286
DE,6/3/22,SELL,360.38,0
DE,6/15/22,SELL,332.25,-35.71428571
DE,6/16/22,BUY,322.98,0
ENB,6/9/22,BUY,46.14,12.36476043
ENB,6/13/22,BUY,44.73,25.88871716
ENB,6/13/22,BUY,43.93,39.79907264
ENB,1/12/24,SELL,37.11,30.13910355
ENB,2/5/24,BUY,34.97,68.70170015
ENB,5/10/24,SELL,37.66,55.02318393
ENB,5/10/24,SELL,37.66,46.67697063
ENB,5/21/24,BUY,36.817,100
ENB,6/12/24,SELL,35.905,0
ETL.PA,3/11/25,BUY,8.12,2.605931099
ETL.PA,3/11/25,BUY,7.98,7.296607078
ETL.PA,3/11/25,BUY,7.655,12.50846928
ETL.PA,3/12/25,BUY,6.585,17.19914525
ETL.PA,3/12/25,BUY,6.36,21.36863501
ETL.PA,3/12/25,BUY,6.08,26.05931099
ETL.PA,3/14/25,BUY,5.58,33.87710429
ETL.PA,3/19/25,BUY,5.045,38.56778027
ETL.PA,3/24/25,BUY,3.98,40.65252515
ETL.PA,3/26/25,SELL,4.88,37.52540783
ETL.PA,3/27/25,BUY,4.58,40.13133893
ETL.PA,3/27/25,BUY,4.316,41.69489759
ETL.PA,3/28/25,SELL,4.89,39.61015271
ETL.PA,3/28/25,BUY,4.26,42.21608381
ETL.PA,3/31/25,SELL,4.61,40.65252515
ETL.PA,3/31/25,BUY,4.334,43.25845625
ETL.PA,4/7/25,BUY,3.4,48.47031844
ETL.PA,5/6/25,BUY,4.225,52.11862198
ETL.PA,5/7/25,BUY,3.98,57.33048418
ETL.PA,5/21/25,BUY,3.42,62.54234638
ETL.PA,6/2/25,SELL,3.51,57.33048418
ETL.PA,6/3/25,SELL,3.73,54.72455308
ETL.PA,6/16/25,BUY,2.27,59.67582217
ETL.PA,6/23/25,SELL,4.25,55.50633241
ETL.PA,6/25/25,BUY,3.555,60.19700839
ETL.PA,6/30/25,SELL,3.789,56.54870485
ETL.PA,7/10/25,SELL,3.77,53.23917236
ETL.PA,8/1/25,BUY,3.05,57.92984833
ETL.PA,9/15/25,SELL,3.22,54.07828217
ETL.PA,9/23/25,SELL,3.32,50.22671601
ETL.PA,9/29/25,SELL,3.42,46.47938709
ETL.PA,9/29/25,SELL,3.49,42.98743941
ETL.PA,10/2/25,SELL,3.62,39.49549174
ETL.PA,10/9/25,SELL,3.87,36.25371345
ETL.PA,10/17/25,BUY,3.645,39.38083077
ETL.PA,10/28/25,BUY,3.38,44.59269297
ETL.PA,10/30/25,BUY,3.485,48.24099651
ETL.PA,11/4/25,BUY,3.32,53.82811278
ETL.PA,11/10/25,SELL,3.21,48.61625059
ETL.PA,11/10/25,BUY,3.19,56.43404388
ETL.PA,11/18/25,BUY,3.05,62.38077865
ETL.PA,11/19/25,SELL,3.32,58.64387346
ETL.PA,11/19/25,SELL,3.41,54.90696826
ETL.PA,11/26/25,BUY,2.115,58.5552718
ETL.PA,12/3/25,BUY,1.94,63.24594778
ETL.PA,1/12/26,SELL,2.16,56.90311148
ETL.PA,2/12/26,BUY,2.16,65.03882837
ETL.PA,2/17/26,BUY,2.11,72.86183353
ETL.PA,3/5/26,BUY,1.99,81.85750769
ETL.PA,3/10/26,SELL,2.06,75.08208683
ETL.PA,3/10/26,BUY,2.11,82.7383124
ETL.PA,3/11/26,BUY,2.06,91.3691562
ETL.PA,3/13/26,BUY,1.99,100
ETL.PA,3/25/26,SELL,2.16,93.59983322
ETL.PA,4/7/26,SELL,2.241,87.97102205
ETL.PA,4/7/26,SELL,2.33,82.49856674
ETL.PA,4/14/26,SELL,2.4,77.28670454
ETL.PA,4/15/26,SELL,2.5,71.55365612
ETL.PA,4/16/26,SELL,2.61,65.9456924
ETL.PA,4/16/26,SELL,2.69,60.82764372
ETL.PA,4/17/26,SELL,2.78,55.70959504
ETL.PA,4/22/26,SELL,2.9,50.83650388
EUR,11/25/25,SELL,1.153,-44.83870968
EUR,12/10/25,SELL,1.164,-84.19354839
EUR,1/8/26,SELL,1.167,-85.48387097
EUR,1/15/26,SELL,1.161,-100
EUR,1/21/26,BUY,1.171,-87.09677419
EUR,2/11/26,BUY,1.187,-77.74193548
EUR,2/16/26,SELL,1.185,-86.77419355
EUR,4/21/26,BUY,1.176,-78.70967742
EUR,4/29/26,BUY,1.166,-67.41935484
F,4/29/21,BUY,11.42,23.52150538
F,5/24/21,SELL,13.12,1.680107527
F,7/6/21,BUY,14.52,16.46505376
F,8/17/21,BUY,13.14,39.98655914
F,8/20/21,BUY,12.46,73.58870968
F,9/20/21,BUY,12.84,100
F,9/24/21,SELL,13.78,72.68145161
F,10/20/21,SELL,16.03,51.68010753
F,10/28/21,SELL,17.18,19.05241935
F,1/20/22,BUY,21.84,31.82123656
F,1/21/22,BUY,21.22,49.96639785
F,1/21/22,BUY,20.59,68.85080645
F,3/29/22,SELL,17.56,48.68951613
F,4/5/22,BUY,16.06,72.21102151
F,5/27/22,SELL,13.64,45.93413978
F,7/27/22,SELL,13.74,28.29301075
F,8/15/22,SELL,16.44,14.11290323
F,9/30/22,BUY,11.26,37.2983871
F,10/5/22,SELL,12.46,20.49731183
F,10/10/22,BUY,11.28,45.69892473
F,10/18/22,SELL,12.12,22.84946237
F,10/18/22,SELL,12.24,1.84811828
F,10/21/22,BUY,11.69,25.36962366
F,10/21/22,SELL,12.18,3.528225806
F,11/4/22,SELL,13.475,0
F,12/5/22,BUY,13.38,20.16129032
F,12/16/22,BUY,12.34,42.00268817
F,12/20/22,BUY,11.39,65.52419355
F,1/9/23,SELL,12.86,43.6827957
F,2/2/23,SELL,14.03,25.2016129
F,3/14/23,BUY,11.9,47.71505376
F,3/17/23,BUY,11.27,71.57258065
F,4/6/23,SELL,12.3112,0
FB,5/16/22,SELL,201.56,-58.33333333
FB,5/24/22,SELL,178.72,-100
FB,6/3/22,BUY,193.75,0
FRHC,8/15/23,SELL,71.0146,-100
FRHC,8/18/23,BUY,80.6503,0
GM,4/8/25,BUY,42.75,100
GM,4/16/25,SELL,44.46,0
GOOG,5/1/23,BUY,108.16,12.17105263
GOOG,6/6/23,BUY,127.76,22.53289474
GOOG,6/20/23,SELL,124.17,0
GOOG,5/31/24,BUY,172.82,11.51315789
GOOG,7/24/24,BUY,175.1,34.21052632
GOOG,7/25/24,BUY,171.91,50.65789474
GOOG,8/6/24,BUY,160.105,62.17105263
GOOG,8/14/24,BUY,160.26,96.875
GOOG,8/23/24,SELL,167.52,80.42763158
GOOG,9/3/24,BUY,160.5,100
GOOG,9/23/24,SELL,166.2,92.43421053
GOOG,10/1/24,SELL,170,85.03289474
GOOG,10/29/24,SELL,178.85,78.28947368
GOOG,11/5/24,SELL,171.463,65.13157895
GOOG,11/21/24,BUY,172.22,66.28289474
GOOG,11/25/24,SELL,169.065,49.83552632
GOOG,12/10/24,SELL,181.62,42.92763158
GOOG,12/10/24,SELL,185.4,36.34868421
GOOG,12/20/24,SELL,185.9,29.93421053
GOOG,1/10/25,BUY,193.88,40.29605263
GOOG,1/21/25,SELL,200,35.03289474
GOOG,1/27/25,BUY,196.365,36.18421053
GOOG,1/28/25,BUY,196.76,37.33552632
GOOG,1/29/25,BUY,197.78,38.48684211
GOOG,2/5/25,BUY,193,39.63815789
GOOG,2/5/25,BUY,193,40.78947368
GOOG,2/5/25,BUY,193,41.94078947
GOOG,2/5/25,BUY,193,43.09210526
GOOG,2/5/25,BUY,192.38,50
GOOG,2/19/25,SELL,186.827,17.10526316
GOOG,2/19/25,BUY,185.8,47.66447368
GOOG,2/25/25,BUY,179.39,49.63815789
GOOG,2/25/25,BUY,177.21,56.21710526
GOOG,2/26/25,BUY,173.78,58.19078947
GOOG,3/3/25,BUY,168.16,60.16447368
GOOG,3/10/25,BUY,168.16,62.13815789
GOOG,3/13/25,BUY,168,64.27631579
GOOG,3/18/25,BUY,160.22,66.08552632
GOOG,3/18/25,SELL,162.76,52.92763158
GOOG,3/28/25,BUY,161.22,55.06578947
GOOG,3/31/25,SELL,156.04,24.67105263
GOOG,4/4/25,BUY,149.76,29.60526316
GOOG,4/4/25,BUY,150.514,37.82894737
GOOG,4/9/25,SELL,156.74,31.25
GOOG,4/15/25,SELL,162.63,8.223684211
GOOG,4/16/25,SELL,156.94,0
GOOG,4/16/25,BUY,156.95,8.223684211
GOOG,4/25/25,SELL,167.3,6.578947368
GOOG,4/30/25,BUY,157.715,11.51315789
GOOG,5/14/25,SELL,166.28,9.210526316
GOOG,5/27/25,SELL,174.06,4.276315789
GOOG,5/28/25,SELL,174.05,0.164473684
GOOG,5/30/25,BUY,171.18,5.098684211
GOOG,7/18/25,SELL,187.37,2.960526316
GOOG,8/19/25,SELL,201.125,0.493421053
GOOG,8/20/25,BUY,200.75,3.782894737
GOOG,9/2/25,SELL,229.18,1.973684211
GOOG,9/3/25,SELL,231.76,0.164473684
GOOG,9/30/25,BUY,241.779,5.098684211
GOOG,10/6/25,SELL,250.08,0.986842105
GOOG,10/6/25,SELL,251.78,0.164473684
GOOG,10/7/25,BUY,249.629,6.743421053
GOOG,10/9/25,BUY,242.7,8.552631579
GOOG,10/13/25,SELL,242.855,6.085526316
GOOG,10/13/25,SELL,243.76,3.289473684
GOOG,10/13/25,SELL,243.37,0.328947368
GOOG,11/19/25,SELL,300,0
GS,6/18/21,BUY,356.16,4.863931516
GS,7/19/21,BUY,354,10.94384591
GS,9/17/21,BUY,389.17,16.53736715
GS,10/18/21,SELL,414.71,10.21425618
GS,11/4/21,BUY,405,17.51015346
GS,11/17/21,BUY,392.84,25.04924731
GS,12/8/21,SELL,403.31,17.51015346
GS,12/20/21,BUY,375.52,25.53564046
GS,1/3/22,SELL,391.43,17.99654661
GS,1/5/22,SELL,411.41,10.70064933
GS,1/14/22,BUY,378.33,18.72613634
GS,1/18/22,BUY,360,23.59006785
GS,1/18/22,BUY,357.05,30.88596513
GS,1/18/22,BUY,348.86,38.1818624
GS,2/1/22,SELL,359.25,30.1563754
GS,2/17/22,BUY,354.85,38.42505898
GS,3/9/22,SELL,333.15,32.34514458
GS,5/17/22,SELL,308.73,20.18531579
GS,5/23/22,SELL,320.67,11.43023906
GS,7/29/22,SELL,330.68,2.675162334
GS,9/27/22,BUY,290.77,14.83499112
GS,10/4/22,SELL,304.84,5.107128092
GS,10/11/22,BUY,294.16,16.050974
GS,10/25/22,SELL,331.23,8.755076729
GS,11/9/22,SELL,362.18,0
GS,12/6/22,BUY,364.66,4.863931516
GS,12/13/22,SELL,376.96,0
GS,12/15/22,BUY,354.48,6.079914395
GS,12/16/22,BUY,344.19,13.37581167
GS,1/11/23,SELL,359.42,7.295897274
GS,1/13/23,SELL,377.71,5.350324667
GS,3/13/23,BUY,318.94,14.34859797
GS,3/15/23,BUY,310.2,24.076461
GS,8/15/23,BUY,332.32,30.1563754
GS,8/21/23,BUY,319.6,36.23628979
GS,11/3/23,SELL,325.08,30.1563754
GS,12/13/23,SELL,361.64,24.076461
GS,12/14/23,SELL,379.69,15.56458085
GS,1/16/24,SELL,381.03,12.15982879
GS,1/29/24,BUY,375,20.91490552
GS,2/15/24,SELL,385.27,16.050974
GS,3/6/24,BUY,390,33.31793088
GS,3/21/24,SELL,400.2,27.72440964
GS,3/21/24,SELL,400,24.80605073
GS,4/3/24,SELL,411.89,17.51015346
GS,4/4/24,SELL,415.25,12.64622194
GS,4/10/24,BUY,400.23,16.29417058
GS,4/12/24,BUY,392.84,17.99654661
GS,4/23/24,SELL,418.5,12.15982879
GS,4/23/24,SELL,420,6.323110971
GS,5/7/24,SELL,444.16,4.134341788
GS,6/11/24,BUY,443.91,12.15982879
GS,6/20/24,SELL,458.12,9.727863032
GS,7/2/24,SELL,466.22,6.566307546
GS,7/2/24,SELL,466.1,3.891145213
GS,8/29/24,SELL,511.22,1.945572606
GS,9/10/24,BUY,465.77,6.323110971
GS,9/16/24,SELL,482.13,4.134341788
GS,10/1/24,BUY,488.2,8.025487001
GS,10/9/24,SELL,502.88,7.53909385
GS,10/11/24,SELL,511,5.350324667
GS,11/6/24,SELL,589.42,2.91835891
GS,11/22/24,SELL,600,2.675162334
GS,12/4/24,BUY,600.5,3.891145213
GS,12/17/24,BUY,573.94,8.755076729
GS,1/15/25,SELL,605,8.268683577
GS,1/17/25,SELL,620,8.025487001
GS,2/7/25,SELL,661.17,7.295897274
GS,2/10/25,BUY,655,7.782290425
GS,2/10/25,BUY,644.94,8.268683577
GS,2/12/25,BUY,642.595,8.755076729
GS,2/14/25,SELL,655,8.025487001
GS,2/19/25,SELL,669.158,-40.61382816
GS,2/19/25,SELL,669.7,-64.93348574
GS,2/19/25,BUY,667.297,98.54082055
GS,2/20/25,BUY,655,99.0272137
GS,2/20/25,BUY,644.94,99.51360685
GS,2/20/25,BUY,637.05,100
GS,2/21/25,SELL,644.94,99.27041027
GS,2/21/25,BUY,631.5,99.75680342
GS,2/24/25,SELL,635.26,97.32483767
GS,2/24/25,BUY,619.09,97.81123082
GS,2/25/25,SELL,631.5,95.37926506
GS,2/25/25,BUY,611.97,95.62246164
GS,2/26/25,SELL,619.09,94.89287191
GS,2/27/25,SELL,619.096,93.14428853
GS,2/27/25,SELL,625.95,92.4146988
GS,2/28/25,SELL,619.09,85.11880153
GS,3/3/25,SELL,625.95,84.3892118
GS,3/3/25,BUY,600.17,84.63240838
GS,3/4/25,BUY,591.88,84.87560495
GS,3/5/25,SELL,596.43,83.65962207
GS,3/10/25,BUY,532.98,84.3892118
GS,3/11/25,SELL,532.313,79.52528028
GS,3/12/25,SELL,538.52,74.66134877
GS,3/12/25,BUY,535.71,81.95724604
GS,3/14/25,SELL,533.82,69.79741725
GS,3/14/25,SELL,540.49,67.36545149
GS,3/17/25,SELL,547.85,60.06955422
GS,3/17/25,SELL,549.826,57.63758846
GS,3/17/25,SELL,554.85,52.77365695
GS,3/19/25,SELL,556.395,47.90972543
GS,3/20/25,SELL,565,47.1801357
GS,3/24/25,SELL,575.15,46.45054598
GS,3/24/25,SELL,580.15,40.37063158
GS,3/26/25,SELL,589.6,39.64104185
GS,3/26/25,SELL,587.8,34.77711034
GS,3/28/25,BUY,542.3,35.74989664
GS,3/31/25,SELL,531.37,26.02203361
GS,3/31/25,SELL,537.5,21.15810209
GS,3/31/25,SELL,544.73,16.29417058
GS,4/2/25,SELL,565,15.56458085
GS,4/2/25,SELL,565,14.83499112
GS,4/9/25,SELL,500.18,12.40302537
GS,4/14/25,SELL,514.22,9.971059607
GS,4/15/25,SELL,504.3,8.025487001
GS,4/15/25,SELL,504.6,2.431965758
GS,4/16/25,BUY,493.06,4.863931516
GS,4/30/25,BUY,534.24,9.727863032
GS,5/14/25,SELL,608,8.755076729
GS,5/27/25,SELL,609,5.107128092
GS,5/27/25,SELL,613.28,2.675162334
GS,5/28/25,BUY,615,3.891145213
GS,5/28/25,SELL,616.38,0.243196576
GS,5/29/25,BUY,609.66,8.755076729
GS,6/3/25,BUY,597.29,11.18704249
GS,6/5/25,SELL,605.42,8.755076729
GS,6/6/25,SELL,608.08,7.782290425
GS,6/6/25,SELL,620.33,6.809504122
GS,6/26/25,SELL,686,5.593521243
GS,6/27/25,SELL,692.1,3.891145213
GS,6/27/25,SELL,700.8,1.459179455
GS,7/14/25,SELL,711.9,0.729589727
GS,8/14/25,SELL,740.62,1.38E-14
GS,8/22/25,BUY,729.955,3.404752061
GS,8/27/25,BUY,747.92,5.836717819
GS,9/11/25,SELL,776.13,5.107128092
GS,9/17/25,SELL,795.96,4.377538364
GS,9/23/25,SELL,815.79,3.647948637
GS,9/24/25,SELL,812.19,1.459179455
GS,9/29/25,SELL,806.57,0.243196576
GS,9/30/25,BUY,791.79,2.675162334
GS,10/6/25,SELL,798.17,0.243196576
GS,10/14/25,BUY,775.6,2.675162334
GS,10/15/25,SELL,780,0.243196576
GS,11/17/25,BUY,776.13,0.729589727
GS,2/5/26,BUY,880,1.459179455
GS,2/11/26,SELL,952.9,0.243196576
GS,2/27/26,BUY,880,0.729589727
GS,3/19/26,BUY,796.68,4.863931516
GS,3/26/26,SELL,844.03,4.134341788
GS,4/7/26,SELL,880,3.404752061
GS,4/21/26,SELL,944.17,2.675162334
GS,5/7/26,SELL,944.17,1.945572606
HAG.F,10/30/24,BUY,31.7,36.58536585
HAG.F,11/8/24,SELL,33.56,24.3902439
HAG.F,11/14/24,BUY,33.78,48.7804878
HAG.F,11/25/24,SELL,37.22,26.82926829
HAG.F,12/9/24,BUY,35.94,63.41463415
HAG.F,12/9/24,BUY,35.38,100
HAG.F,1/8/25,SELL,36.78,86.70731707
HAG.F,2/17/25,SELL,44.72,76.95121951
HAG.F,2/18/25,SELL,49.08,65.97560976
HAG.F,2/20/25,BUY,45.5,69.87804878
HAG.F,2/21/25,SELL,45.5,66.2195122
HAG.F,2/24/25,SELL,47.22,62.56097561
HAG.F,2/25/25,SELL,49.46,54.02439024
HAG.F,3/3/25,SELL,65.15,43.04878049
HAG.F,3/4/25,SELL,75.2,33.29268293
HAG.F,3/10/25,BUY,65.15,45.48780488
HAG.F,4/7/25,BUY,51.4,55.24390244
HAG.F,4/9/25,SELL,63.05,50.12195122
HAG.F,4/22/25,BUY,65.35,54.3902439
HAG.F,4/23/25,SELL,66.4,45.85365854
HAG.F,4/23/25,BUY,62.45,58.04878049
HAG.F,5/2/25,SELL,69.35,53.90243902
HAG.F,5/12/25,BUY,71.55,66.09756098
HAG.F,5/15/25,SELL,72.45,61.2195122
HAG.F,5/21/25,SELL,78,57.19512195
HAG.F,5/27/25,SELL,84.4,48.7804878
HAG.F,5/27/25,SELL,83.55,53.65853659
HAG.F,6/2/25,SELL,100,36.58536585
HAG.F,6/2/25,SELL,99.8,28.04878049
HAG.F,6/6/25,BUY,101.6,30.85365854
HAG.F,6/9/25,BUY,96,33.65853659
HAG.F,6/10/25,BUY,92.6,39.75609756
HAG.F,6/24/25,BUY,89.05,51.95121951
HAG.F,6/25/25,SELL,94.5,48.90243902
HAG.F,7/7/25,SELL,101.2,42.80487805
HAG.F,7/28/25,BUY,91.7,51.34146341
HAG.F,8/8/25,BUY,88.8,53.7804878
HAG.F,8/8/25,BUY,87.1,56.46341463
HAG.F,8/19/25,BUY,83.6,59.3902439
HAG.F,8/19/25,BUY,80.5,71.58536585
HAG.F,9/1/25,SELL,89.9,68.29268293
HAG.F,9/1/25,SELL,92.9,65
HAG.F,9/2/25,SELL,94.5,61.82926829
HAG.F,9/8/25,SELL,91.7,58.7804878
HAG.F,9/9/25,SELL,92.95,55.73170732
HAG.F,9/11/25,SELL,94.5,52.68292683
HAG.F,9/11/25,SELL,96.3,49.63414634
HAG.F,9/16/25,SELL,97.35,46.58536585
HAG.F,9/22/25,SELL,97.3,43.53658537
HAG.F,9/22/25,SELL,98.2,40.48780488
HAG.F,9/22/25,SELL,99.1,37.43902439
HAG.F,9/24/25,SELL,100.3,34.3902439
HAG.F,9/24/25,SELL,101.9,31.34146341
HAG.F,9/29/25,SELL,107.6,30.24390244
HAG.F,10/17/25,BUY,92.3,35.12195122
HAG.F,10/17/25,BUY,91.7,40
HAG.F,11/6/25,BUY,87.1,44.75609756
HAG.F,11/6/25,BUY,85.1,49.51219512
HAG.F,11/11/25,BUY,87.55,67.80487805
HAG.F,11/25/25,BUY,69.25,86.09756098
HAG.F,12/12/25,BUY,70.4,92.07317073
HAG.F,12/16/25,BUY,68.7,98.04878049
HAG.F,12/19/25,SELL,74.8,93.65853659
HAG.F,1/2/26,SELL,74.85,89.3902439
HAG.F,1/5/26,SELL,79.8,85.24390244
HAG.F,1/5/26,SELL,80,80.73170732
HAG.F,1/6/26,SELL,83.6,76.95121951
HAG.F,1/7/26,SELL,85.1,73.17073171
HAG.F,1/7/26,SELL,87.1,69.51219512
HAG.F,1/8/26,SELL,88.8,65.85365854
HAG.F,1/9/26,SELL,89.9,62.31707317
HAG.F,1/9/26,SELL,90.8,57.56097561
HAG.F,1/12/26,SELL,91.7,54.02439024
HAG.F,1/12/26,SELL,92.9,50.73170732
HAG.F,1/19/26,SELL,94.5,47.31707317
HAG.F,1/19/26,SELL,96.3,43.90243902
HAG.F,1/26/26,BUY,85,49.75609756
HAG.F,1/30/26,BUY,82.5,54.63414634
HAG.F,1/30/26,BUY,83.1,58.7804878
HAG.F,2/2/26,BUY,81.4,63.65853659
HAG.F,2/4/26,BUY,77.9,68.90243902
HAG.F,2/17/26,BUY,77.9,76.2195122
HAG.F,2/19/26,SELL,83.6,71.34146341
HAG.F,2/26/26,BUY,73.5,79.87804878
HAG.F,3/2/26,SELL,79.5,75.6097561
HAG.F,3/5/26,BUY,77.9,79.51219512
HAG.F,3/5/26,BUY,74.7,84.14634146
HAG.F,3/9/26,SELL,77.9,79.26829268
HAG.F,3/11/26,BUY,74.7,83.90243902
HAG.F,3/12/26,SELL,80,76.58536585
HAG.F,3/16/26,SELL,81.4,69.87804878
HAG.F,3/18/26,SELL,83.6,65
HAG.F,3/18/26,SELL,85.1,61.09756098
HAG.F,3/20/26,BUY,77.95,66.58536585
HAG.F,3/24/26,BUY,70.4,72.43902439
HAG.F,3/30/26,BUY,66.3,78.65853659
HAG.F,3/31/26,SELL,72.2,72.56097561
HAG.F,3/31/26,SELL,74.65,66.46341463
HAG.F,4/1/26,SELL,77.975,60.36585366
HAG.F,4/1/26,SELL,80.1,54.26829268
HAG.F,4/1/26,SELL,82.45,50.24390244
HAG.F,4/2/26,SELL,83.55,46.2195122
HAG.F,4/7/26,BUY,80.78,49.87804878
HAG.F,4/7/26,BUY,80.04,54.14634146
HAG.F,4/10/26,BUY,77.84,57.80487805
HAG.F,4/16/26,SELL,83.56,53.90243902
HAG.F,4/21/26,BUY,80.04,57.56097561
HAG.F,4/22/26,BUY,77.86,62.43902439
HAG.F,4/24/26,BUY,74.7,66.82926829
HAG.F,4/24/26,BUY,72.2,72.31707317
HAG.F,5/4/26,SELL,78.8,66.82926829
HAG.F,5/8/26,BUY,74.68,70.48780488
HAG.F,5/11/26,BUY,72.18,75.48780488
HPQ,4/12/22,BUY,38.24,2.625
HPQ,4/25/22,BUY,36.6,5.25
HPQ,5/4/22,SELL,39.18,2.75
HPQ,5/18/22,BUY,37.07,5.375
HPQ,5/31/22,SELL,39.24,2.9375
HPQ,5/31/22,BUY,38.96,5.4375
HPQ,5/31/22,BUY,39.17,8.6875
HPQ,6/8/22,BUY,38.38,11.1875
HPQ,6/9/22,BUY,36.89,14.0625
HPQ,7/14/22,BUY,30.26,17.1875
HPQ,7/18/22,SELL,31.79,14.6875
HPQ,8/30/22,BUY,29.8,52.1875
HPQ,9/6/22,BUY,27.43,64.6875
HPQ,10/4/22,SELL,26.42,60.9375
HPQ,10/5/22,SELL,26.63,57.1875
HPQ,10/7/22,SELL,25.37,39.6875
HPQ,10/7/22,BUY,25.04,44.6875
HPQ,10/7/22,BUY,24.94,53.4375
HPQ,10/7/22,BUY,25.05,65.9375
HPQ,10/13/22,SELL,25.94,49.6875
HPQ,10/18/22,BUY,25.38,68.4375
HPQ,10/20/22,SELL,26.164,55.9375
HPQ,10/21/22,SELL,26.82,40.9375
HPQ,10/25/22,SELL,27.312,28.4375
HPQ,10/28/22,SELL,28.051,20.9375
HPQ,10/28/22,SELL,27.77,14.1875
HPQ,10/28/22,BUY,26.79,20.0125
HPQ,11/1/22,SELL,27.92,5.0125
HPQ,11/1/22,BUY,27.38,17.5125
HPQ,11/3/22,BUY,26.568,25.0125
HPQ,11/3/22,BUY,26.29,35.0125
HPQ,11/4/22,SELL,27.89,23.0125
HPQ,11/4/22,SELL,27.97,13.0125
HPQ,11/4/22,SELL,27.38,4.0125
HPQ,11/4/22,BUY,27.34,16.5125
HPQ,11/8/22,SELL,29.28,1.5125
HPQ,11/9/22,BUY,28.54,12.7625
HPQ,11/9/22,BUY,28.12,25.2625
HPQ,11/10/22,SELL,29.16,12.5
HPQ,11/10/22,SELL,28.54,0
HPQ,11/16/22,BUY,29.29,11.25
HPQ,11/17/22,BUY,28.39,21.25
HPQ,11/22/22,SELL,29.36,11.25
HPQ,11/22/22,BUY,27.75,21.25
HPQ,11/25/22,SELL,30.62,13.75
HPQ,11/28/22,BUY,29.52,26.25
HPQ,11/29/22,BUY,28.94,36.25
HPQ,11/30/22,SELL,29.834,26.25
HPQ,12/6/22,BUY,28.297,33.75
HPQ,12/6/22,BUY,28.98,46.25
HPQ,12/7/22,BUY,27.92,60
HPQ,12/13/22,SELL,29.49,43.75
HPQ,12/14/22,BUY,28.59,53.75
HPQ,12/14/22,BUY,28.29,70
HPQ,12/15/22,BUY,27.045,85
HPQ,1/6/23,SELL,27.93,70
HPQ,1/9/23,SELL,29.02,51.25
HPQ,1/9/23,SELL,28.62,35
HPQ,1/12/23,BUY,28.619,50
HPQ,1/13/23,BUY,28.128,66.25
HPQ,1/24/23,SELL,28.363,61.25
HPQ,1/27/23,SELL,29.28,43.75
HPQ,1/31/23,BUY,28.72,58.75
HPQ,2/1/23,SELL,29.62,37.5
HPQ,2/2/23,SELL,30.59,25
HPQ,2/6/23,BUY,29.94,37.5
HPQ,2/15/23,SELL,30.52,25
HPQ,2/21/23,BUY,28.99,42.5
HPQ,2/28/23,SELL,30.16,32.5
HPQ,2/28/23,SELL,30.2,24.75
HPQ,2/28/23,SELL,30.23,22.5
HPQ,3/1/23,BUY,28.807,27.0625
HPQ,3/1/23,BUY,28.83,35
HPQ,3/7/23,BUY,27.998,47.5
HPQ,3/7/23,BUY,27.61,62.5
HPQ,3/15/23,BUY,27.32,73.75
HPQ,3/16/23,SELL,28.33,56.25
HPQ,3/23/23,BUY,27.78,68.75
HPQ,3/24/23,BUY,27.28,85
HPQ,3/30/23,SELL,28.83,68.75
HPQ,3/31/23,SELL,29.12,51.25
HPQ,4/3/23,SELL,29.84,38.75
HPQ,4/4/23,BUY,29.48,45
HPQ,4/4/23,BUY,29.555,61.25
HPQ,4/5/23,SELL,29.29,36.25
HPQ,4/5/23,BUY,29.26,52.5
HPQ,4/11/23,SELL,29.9,27.5
HPQ,4/11/23,SELL,30.23,2.5
HPQ,4/11/23,BUY,30.05,18.75
HPQ,4/12/23,BUY,29.74,35
HPQ,4/13/23,BUY,29.56,47.5
HPQ,4/14/23,SELL,30.28,32.5
HPQ,4/14/23,BUY,29.92,47.5
HPQ,4/17/23,SELL,30.44,32.5
HPQ,4/17/23,SELL,30.882,26.25
HPQ,4/18/23,SELL,31.44,13.75
HPQ,4/19/23,BUY,30.34,23.75
HPQ,4/19/23,BUY,30.08,42.5
HPQ,4/21/23,BUY,29.2,56.25
HPQ,5/1/23,SELL,30.23,43.75
HPQ,5/8/23,SELL,30.213,32.5
HPQ,5/11/23,BUY,29.35,45
HPQ,5/12/23,BUY,28.65,61.25
HPQ,5/17/23,SELL,30.23,42.5
HPQ,5/18/23,SELL,30.94,38.7125
HPQ,5/19/23,SELL,30.94,28.75
HPQ,5/24/23,BUY,30.23,41.25
HPQ,5/26/23,SELL,31.33,28.75
HPQ,5/30/23,BUY,30.99,41.25
HPQ,5/31/23,BUY,28.81,56.25
HPQ,6/2/23,SELL,30.24,45
HPQ,6/5/23,BUY,29.598,56.25
HPQ,6/9/23,SELL,30.23,43.75
HPQ,6/9/23,BUY,30.06,56.25
HPQ,6/13/23,SELL,30.68,42.5
HPQ,6/20/23,BUY,30.23,55
HPQ,6/23/23,BUY,29.37,67.5
HPQ,6/30/23,SELL,30.73,58.75
HPQ,7/6/23,BUY,30.31,71.25
HPQ,7/10/23,SELL,31.47,56.25
HPQ,7/10/23,BUY,31.41,68.75
HPQ,7/11/23,SELL,31.97,56.25
HPQ,7/11/23,SELL,33.5,43.75
HPQ,7/13/23,SELL,33.492,35
HPQ,7/13/23,BUY,33.1,50
HPQ,7/14/23,BUY,33.4,62.5
HPQ,7/20/23,BUY,32.28,75
HPQ,8/11/23,SELL,33.022,51.25
HPQ,8/14/23,BUY,31.97,67.5
HPQ,8/16/23,BUY,31.54,77.5
HPQ,8/22/23,BUY,30.99,87.5
HPQ,8/30/23,BUY,28.646,100
HPQ,9/1/23,SELL,29.9,83.75
HPQ,9/1/23,SELL,30.3,71.25
HPQ,9/13/23,BUY,28.72,81.25
HPQ,9/14/23,BUY,27.15,92.5
HPQ,10/17/23,BUY,26.77,93.7
HPQ,11/13/23,SELL,28.12,82.9875
HPQ,11/21/23,BUY,27,87.9875
HPQ,11/21/23,BUY,27.76,96.9125
HPQ,11/22/23,SELL,28.72,85.85
HPQ,11/22/23,SELL,29.29,76.6125
HPQ,11/22/23,BUY,28.675,82.8625
HPQ,11/22/23,BUY,29.135,92.8625
HPQ,12/7/23,SELL,29.42,84.1125
HPQ,12/7/23,BUY,28.662,91.6125
HPQ,12/8/23,SELL,29.4,79.1125
HPQ,12/11/23,SELL,30.23,68.4625
HPQ,12/11/23,SELL,29.72,58.4625
HPQ,12/14/23,SELL,31.013,45.9625
HPQ,12/19/23,BUY,30.23,50.9625
HPQ,1/8/24,SELL,30.99,44.2875
HPQ,2/15/24,SELL,28.99,38.0375
HPQ,2/23/24,SELL,29.05,30.5375
HPQ,2/23/24,SELL,29.36,29.9
HPQ,2/26/24,SELL,29.36,26.7875
HPQ,2/27/24,BUY,28.72,29.9875
HPQ,3/6/24,SELL,30.23,13.725
HPQ,3/6/24,SELL,30.34,8.725
HPQ,3/25/24,BUY,29.89,10.5625
HPQ,3/26/24,BUY,29.89,11.2
HPQ,3/27/24,BUY,29.89,17.475
HPQ,4/3/24,BUY,29.46,19.7625
HPQ,4/5/24,BUY,29.129,27.2625
HPQ,4/10/24,BUY,29.04,34.7625
HPQ,4/16/24,BUY,27.805,42.2625
HPQ,5/7/24,SELL,28.72,37.2625
HPQ,5/13/24,SELL,29.85,28.0875
HPQ,5/15/24,SELL,31.235,23.0875
HPQ,5/21/24,SELL,32.313,19.3375
HPQ,5/29/24,SELL,33.48,13.175
HPQ,5/30/24,SELL,38.55,9.425
HPQ,5/30/24,SELL,39.12,6.925
HPQ,6/3/24,BUY,35.22,8.9125
HPQ,6/3/24,BUY,35.285,13.9125
HPQ,6/6/24,SELL,36.375,11.4125
HPQ,6/7/24,SELL,36.72,8.9125
HPQ,6/10/24,BUY,35.66,15.7
HPQ,6/20/24,BUY,36.3,19.9875
HPQ,7/2/24,BUY,34.52,24.4375
HPQ,7/10/24,SELL,35.92,21.9375
HPQ,7/11/24,SELL,36.16,19.2625
HPQ,7/16/24,SELL,37.44,16.875
HPQ,7/25/24,BUY,36.55,17.2875
HPQ,7/25/24,BUY,37.56,23.5375
HPQ,7/30/24,BUY,35.64,24.25
HPQ,8/2/24,BUY,34.23,28
HPQ,8/5/24,BUY,32.47,30.5
HPQ,8/13/24,SELL,34.5,27.8
HPQ,8/14/24,SELL,34.764,21.55
HPQ,8/23/24,SELL,36.07,18.9875
HPQ,8/27/24,SELL,35.56,13.0875
HPQ,8/27/24,SELL,35.6,12.7375
HPQ,8/28/24,SELL,35.451,8.9875
HPQ,8/29/24,SELL,34.18,5.2375
HPQ,8/29/24,SELL,36.41,2.7375
HPQ,9/5/24,BUY,34.84,8.7625
HPQ,9/10/24,BUY,33.38,11.2625
HPQ,9/17/24,SELL,34.85,9.1375
HPQ,10/22/24,BUY,36.15,13.075
HPQ,10/28/24,SELL,37.45,11.0375
HPQ,10/30/24,BUY,36.82,15.3
HPQ,11/11/24,SELL,37.99,12.8125
HPQ,11/22/24,SELL,37.85,10.3125
HPQ,11/25/24,SELL,39.57,6.5625
HPQ,11/27/24,BUY,36.64,9.8
HPQ,11/27/24,BUY,35.395,16.05
HPQ,12/17/24,BUY,33.839,22.3
HPQ,12/23/24,BUY,32.06,22.925
HPQ,12/24/24,BUY,32.06,22.9375
HPQ,1/17/25,BUY,32.64,30.4375
HPQ,1/27/25,BUY,32.06,32.3
HPQ,2/7/25,BUY,32.29,33.1125
HPQ,2/10/25,SELL,32.84,32.6625
HPQ,2/11/25,SELL,33.26,32.175
HPQ,2/13/25,SELL,33.26,31.7
HPQ,2/14/25,SELL,33.72,31.1125
HPQ,2/18/25,SELL,34,30.475
HPQ,2/18/25,SELL,33.75,29.9
HPQ,2/19/25,SELL,34.52,27.25
HPQ,2/19/25,SELL,34.23,26.575
HPQ,2/19/25,BUY,34.2,27.0025
HPQ,2/21/25,SELL,34.82,26.365
HPQ,2/24/25,SELL,35.2,25.715
HPQ,2/24/25,SELL,35.151,25.165
HPQ,2/26/25,BUY,33.97,25.565
HPQ,2/26/25,BUY,33.72,26.0025
HPQ,2/27/25,BUY,33.26,26.39
HPQ,2/28/25,BUY,31.06,27.19
HPQ,2/28/25,BUY,31.06,27.99
HPQ,2/28/25,BUY,31.06,28.8025
HPQ,2/28/25,BUY,31.06,29.615
HPQ,3/12/25,BUY,28.48,30.5025
HPQ,3/21/25,BUY,28.24,31.4275
HPQ,3/21/25,BUY,28.14,33.8025
HPQ,3/27/25,BUY,28.48,34.715
HPQ,3/28/25,BUY,28.14,35.6275
HPQ,3/28/25,BUY,27.9,36.5775
HPQ,3/31/25,BUY,27.35,37.515
HPQ,3/31/25,BUY,27.5,38.4525
HPQ,3/31/25,BUY,27.35,39.4025
HPQ,3/31/25,BUY,27.5,40.3525
HPQ,3/31/25,SELL,27.48,25.3525
HPQ,3/31/25,SELL,27.575,19.1025
HPQ,3/31/25,SELL,27.695,17.5
HPQ,4/4/25,BUY,22.545,20
HPQ,4/4/25,BUY,22.838,26.25
HPQ,4/9/25,SELL,24.22,25
HPQ,4/10/25,BUY,23.31,26.1375
HPQ,4/14/25,SELL,25.29,20.75
HPQ,4/14/25,SELL,25,21.1375
HPQ,4/15/25,SELL,24.12,15.75
HPQ,4/16/25,SELL,23.595,7
HPQ,4/16/25,BUY,23.105,9.5
HPQ,4/23/25,SELL,25.29,5
HPQ,4/23/25,BUY,25.16,17.5
HPQ,4/23/25,BUY,24.64,23.75
HPQ,4/24/25,SELL,24.92,17.5
HPQ,4/24/25,BUY,25.04,20
HPQ,4/24/25,SELL,25.015,17.5
HPQ,4/24/25,SELL,25.121,16.25
HPQ,4/24/25,SELL,25.18,11.25
HPQ,4/24/25,SELL,25.5,10
HPQ,4/24/25,SELL,25.6,8.8625
HPQ,5/12/25,SELL,27.15,7.7375
HPQ,5/13/25,SELL,28.411,6.85
HPQ,5/13/25,SELL,28.86,5.9625
HPQ,5/21/25,SELL,29.62,5.925
HPQ,5/27/25,SELL,28.331,0.925
HPQ,5/28/25,BUY,28.297,7.175
HPQ,5/28/25,BUY,22.84,12.175
HPQ,5/29/25,BUY,23.65,13.075
HPQ,5/29/25,BUY,23.65,14.325
HPQ,6/6/25,BUY,24.945,18.075
HPQ,6/23/25,BUY,23.57,19.5125
HPQ,6/25/25,BUY,24.455,20.6375
HPQ,7/3/25,SELL,26.21,18.7625
HPQ,7/10/25,SELL,26.21,17.625
HPQ,7/14/25,BUY,24.875,25.125
HPQ,7/16/25,BUY,24.28,31.375
HPQ,8/11/25,SELL,26.21,30.2
HPQ,8/19/25,SELL,27.152,1.45
HPQ,8/20/25,BUY,26.485,7.7
HPQ,8/22/25,SELL,27.6,6.625
HPQ,9/3/25,SELL,29.14,5.55
HPQ,9/5/25,SELL,29.14,4.55
HPQ,9/9/25,SELL,29.49,3.8125
HPQ,9/16/25,BUY,27.88,8.8125
HPQ,9/23/25,SELL,28.643,2.5625
HPQ,9/24/25,SELL,28.5,0.0625
HPQ,9/30/25,BUY,26.919,6.3125
HPQ,10/6/25,SELL,26.785,1.3125
HPQ,10/6/25,SELL,26.642,0.0625
HPQ,10/7/25,BUY,26.645,5.0625
HPQ,10/7/25,BUY,26.21,6.5875
HPQ,10/13/25,SELL,26.935,5.3375
HPQ,10/13/25,SELL,27.105,4.0875
HPQ,10/13/25,SELL,27.221,0.3375
HPQ,11/4/25,BUY,26.21,1.675
HPQ,11/11/25,BUY,25.11,3.325
HPQ,11/17/25,BUY,23.57,5.15
HPQ,11/17/25,BUY,23.66,6.975
HPQ,11/18/25,BUY,22.62,8.8875
HPQ,11/24/25,SELL,24.34,7.8875
HPQ,11/24/25,SELL,24.315,2.8875
HPQ,11/25/25,BUY,24.48,10.3875
HPQ,11/25/25,BUY,24.27,16.6375
HPQ,12/2/25,SELL,25.11,15.275
HPQ,12/31/25,BUY,22.62,17.15
HPQ,1/16/26,BUY,20.08,19.2625
HPQ,1/23/26,BUY,19.55,21.475
HPQ,1/27/26,BUY,19.38,28.975
HPQ,1/27/26,BUY,19.38,36.475
HPQ,1/28/26,BUY,19.08,46.475
HPQ,1/28/26,BUY,19.07,48.6875
HPQ,2/3/26,BUY,18.6,50.9625
HPQ,2/4/26,SELL,20.222,49.9625
HPQ,2/10/26,SELL,20.22,46.5875
HPQ,2/13/26,SELL,19.55,43.4625
HPQ,3/5/26,SELL,19.55,41.7875
HPQ,3/9/26,BUY,18.57,44.2875
HPQ,3/10/26,BUY,18.6,47.4125
HPQ,3/24/26,SELL,19.07,45.9125
HPQ,3/25/26,SELL,19.55,40.2875
HPQ,3/25/26,SELL,20.07,38.4125
HPQ,3/26/26,SELL,19.55,36.1625
HPQ,4/1/26,BUY,19.07,38.4125
HPQ,4/16/26,SELL,19.55,36.725
HPQ,4/21/26,SELL,20.07,35.1
HPQ,4/21/26,SELL,20.22,33.1
HPQ,4/21/26,SELL,21.09,31.4375
HPQ,5/8/26,SELL,22.62,29.6875
HPQ,5/11/26,BUY,21.72,37.1875
IBKR,1/15/21,BUY,17.255,7.784854919
IBKR,1/29/21,BUY,15.128,13.44656759
IBKR,1/29/21,BUY,14.985,26.18542109
IBKR,2/3/21,SELL,17.19,19.81599434
IBKR,2/23/21,BUY,18.035,29.72399151
IBKR,3/9/21,SELL,19.545,20.66525124
IBKR,3/24/21,BUY,18.878,29.86553432
IBKR,3/25/21,BUY,18.03,40.48124558
IBKR,4/5/21,SELL,18.83,36.94267516
IBKR,4/21/21,BUY,18.145,42.25053079
IBKR,4/23/21,BUY,17.612,48.61995754
IBKR,5/10/21,BUY,17.06,64.89738146
IBKR,6/24/21,SELL,16.358,54.28167021
IBKR,6/25/21,SELL,16.545,43.66595895
IBKR,7/19/21,BUY,15.548,52.86624204
IBKR,8/6/21,SELL,15.858,44.72753008
IBKR,9/20/21,BUY,14.868,55.34324133
IBKR,10/5/21,SELL,16.615,46.49681529
IBKR,10/6/21,SELL,17.288,37.65038924
IBKR,10/8/21,SELL,17.93,28.45010616
IBKR,10/19/21,SELL,18.21,18.89596603
IBKR,11/9/21,BUY,18.098,58.4571833
IBKR,11/24/21,SELL,19.242,39.56121727
IBKR,12/16/21,SELL,19.555,27.17622081
IBKR,12/16/21,SELL,20.008,14.93276716
IBKR,12/21/21,SELL,19.22,2.335456476
IBKR,1/3/22,BUY,19.23,15.07430998
IBKR,1/10/22,BUY,18.778,27.81316348
IBKR,1/14/22,BUY,18.44,34.89030432
IBKR,1/21/22,BUY,17.658,45.22292994
IBKR,2/2/22,SELL,17.778,32.05944798
IBKR,2/24/22,SELL,16.292,13.87119604
IBKR,2/24/22,BUY,15.817,32.05944798
IBKR,2/28/22,BUY,16.751,46.70912951
IBKR,3/18/22,SELL,16.61,32.55484784
IBKR,4/4/22,SELL,16.965,21.1606511
IBKR,5/3/22,SELL,15.012,9.341825902
IBKR,5/27/22,SELL,15.21,0.8492569
IBKR,6/28/22,BUY,14.502,21.01910828
IBKR,6/29/22,BUY,14.202,37.2965322
IBKR,7/28/22,SELL,14.518,16.9143666
IBKR,8/8/22,SELL,15.455,0
IBKR,3/24/23,BUY,18.893,8.492569002
IBKR,7/19/23,BUY,20.468,15.42816702
IBKR,7/31/23,SELL,22.208,8.492569002
IBKR,8/8/23,BUY,22.205,14.86199575
IBKR,9/11/23,SELL,23.835,7.784854919
IBKR,9/13/23,BUY,23.375,13.80042463
IBKR,9/26/23,BUY,21.558,20.38216561
IBKR,10/18/23,BUY,20.462,27.31776362
IBKR,11/14/23,BUY,20.3,73.95612173
IBKR,11/29/23,BUY,19.239,95.18754423
IBKR,12/8/23,SELL,20.3,82.30714791
IBKR,12/12/23,SELL,21.108,75.23000708
IBKR,12/14/23,BUY,20.145,85.84571833
IBKR,12/14/23,BUY,20.445,100
IBKR,12/20/23,SELL,20.61,92.92285916
IBKR,1/3/24,SELL,21.212,78.76857749
IBKR,1/11/24,SELL,22.208,67.7990092
IBKR,1/23/24,SELL,22.862,53.64472753
IBKR,1/23/24,SELL,23.11,43.87827318
IBKR,1/30/24,BUY,22.528,72.25760793
IBKR,2/2/24,SELL,23.11,65.10969568
IBKR,2/2/24,SELL,23.752,58.52795471
IBKR,2/9/24,SELL,24.07,48.61995754
IBKR,2/9/24,SELL,23.945,40.12738854
IBKR,2/9/24,SELL,24.508,35.17338995
IBKR,2/9/24,BUY,24.35,41.5428167
IBKR,2/12/24,SELL,24.61,34.46567587
IBKR,2/13/24,SELL,24.888,27.38853503
IBKR,2/13/24,SELL,24.8,21.01910828
IBKR,2/15/24,SELL,26.222,13.94196745
IBKR,3/27/24,SELL,27.788,9.058740269
IBKR,5/7/24,SELL,30.208,5.520169851
IBKR,6/12/24,BUY,30.335,32.41330502
IBKR,7/1/24,SELL,31.648,31.63481953
IBKR,7/11/24,BUY,30.44,37.2965322
IBKR,7/25/24,BUY,29.618,43.66595895
IBKR,8/2/24,BUY,27.875,48.69072895
IBKR,8/2/24,BUY,28.75,90.23354565
IBKR,8/5/24,BUY,27.189,97.31068648
IBKR,8/9/24,SELL,29.205,93.77211607
IBKR,8/14/24,SELL,29.478,86.69497523
IBKR,8/15/24,SELL,30,81.3163482
IBKR,8/22/24,SELL,30.97,76.92852088
IBKR,8/27/24,SELL,31.73,56.33404105
IBKR,8/27/24,SELL,31.755,55.69709837
IBKR,8/28/24,SELL,31.557,41.5428167
IBKR,8/28/24,SELL,31.855,41.04741684
IBKR,8/29/24,SELL,32.045,33.97027601
IBKR,8/29/24,SELL,31.855,28.09624912
IBKR,9/5/24,BUY,31.302,30.29016277
IBKR,9/13/24,SELL,31.788,26.53927813
IBKR,9/17/24,SELL,33.095,20.87756546
IBKR,9/23/24,SELL,33.71,17.26822364
IBKR,10/28/24,SELL,37.775,14.22505308
IBKR,11/5/24,SELL,38.588,8.56334041
IBKR,11/6/24,SELL,42.432,5.024769993
IBKR,11/15/24,SELL,44.76,2.901627742
IBKR,12/17/24,BUY,44.21,7.855626327
IBKR,1/3/25,SELL,46.138,7.643312102
IBKR,1/6/25,SELL,47.505,7.430997877
IBKR,1/22/25,SELL,51.35,4.600141543
IBKR,1/27/25,SELL,53.305,3.184713376
IBKR,1/27/25,BUY,51.692,7.430997877
IBKR,2/10/25,BUY,56.455,7.71408351
IBKR,2/11/25,BUY,56.138,7.997169144
IBKR,2/11/25,BUY,55.625,8.351026185
IBKR,2/11/25,BUY,55.49,8.704883227
IBKR,2/11/25,BUY,55,9.200283086
IBKR,2/11/25,BUY,54.96,9.695682944
IBKR,2/11/25,BUY,54.928,10.1910828
IBKR,2/11/25,BUY,54.905,10.68648266
IBKR,2/11/25,BUY,54.88,11.18188252
IBKR,2/11/25,BUY,54.852,11.67728238
IBKR,2/11/25,BUY,54.808,12.17268224
IBKR,2/13/25,SELL,58.64,11.46496815
IBKR,2/13/25,SELL,58.9,10.75725407
IBKR,2/19/25,SELL,58.27,3.680113234
IBKR,2/19/25,BUY,58.134,20.34890304
IBKR,2/20/25,BUY,57.29,20.63198868
IBKR,2/20/25,BUY,56.895,20.91507431
IBKR,2/20/25,BUY,56.41,21.19815994
IBKR,2/20/25,BUY,55.238,21.55201699
IBKR,2/24/25,BUY,53.86,22.11818825
IBKR,2/26/25,SELL,51.41,21.48124558
IBKR,2/26/25,SELL,51.67,20.8443029
IBKR,2/26/25,SELL,52.06,20.20736023
IBKR,2/27/25,SELL,52.585,19.57041755
IBKR,2/27/25,BUY,51.926,20.66525124
IBKR,3/4/25,BUY,48.43,21.37296532
IBKR,3/4/25,BUY,47.835,22.08067941
IBKR,3/4/25,BUY,47.24,22.78839349
IBKR,3/10/25,BUY,45.31,23.56687898
IBKR,3/10/25,BUY,44.438,24.34536447
IBKR,3/12/25,SELL,43.378,22.22222222
IBKR,3/13/25,BUY,42.72,25.05307856
IBKR,3/14/25,SELL,41.675,23.63765039
IBKR,3/14/25,SELL,41.8,18.6836518
IBKR,3/17/25,SELL,42.788,17.26822364
IBKR,3/17/25,SELL,43.27,15.14508139
IBKR,3/17/25,SELL,43.752,14.4373673
IBKR,3/19/25,SELL,44.32,10.1910828
IBKR,3/19/25,SELL,44.438,9.554140127
IBKR,3/20/25,SELL,45.31,8.987968861
IBKR,3/24/25,SELL,45.03,6.157112527
IBKR,3/27/25,BUY,43.128,7.006369427
IBKR,3/27/25,BUY,42.788,7.855626327
IBKR,3/27/25,BUY,42.192,8.704883227
IBKR,3/28/25,BUY,41.23,9.554140127
IBKR,3/31/25,BUY,39.67,10.40339703
IBKR,3/31/25,BUY,39.822,11.32342534
IBKR,3/31/25,SELL,39.665,5.661712668
IBKR,3/31/25,SELL,40.471,4.246284501
IBKR,4/2/25,SELL,43.752,3.326256192
IBKR,4/2/25,SELL,43.921,1.910828025
IBKR,4/4/25,BUY,36.288,5.449398443
IBKR,4/7/25,BUY,33.19,10.40339703
IBKR,4/7/25,SELL,36.475,8.280254777
IBKR,4/8/25,SELL,38.202,5.803255485
IBKR,4/9/25,SELL,40.534,4.387827318
IBKR,4/14/25,SELL,43.54,3.397027601
IBKR,4/14/25,SELL,43.752,2.335456476
IBKR,4/15/25,SELL,43.715,0
IBKR,4/16/25,BUY,38.79,4.246284501
IBKR,4/22/25,SELL,39.81,2.476999292
IBKR,5/27/25,SELL,52.812,0.707714084
IBKR,8/14/25,BUY,63.44,1.220806794
IBKR,8/19/25,SELL,63.075,0.159235669
IBKR,8/20/25,BUY,62.33,3.697806086
IBKR,8/22/25,BUY,62.77,6.3517339
IBKR,8/22/25,BUY,61.485,9.359518754
IBKR,8/27/25,BUY,62.26,12.01344657
IBKR,9/5/25,BUY,63.53,12.75654636
IBKR,9/18/25,SELL,63.535,12.10191083
IBKR,9/24/25,SELL,65.39,5.024769993
IBKR,9/24/25,SELL,66.2,2.636234961
IBKR,9/24/25,SELL,65.52,1.397735315
IBKR,9/25/25,SELL,64.9,0.33616419
IBKR,9/29/25,SELL,66.46,0.070771408
IBKR,10/2/25,SELL,70.51,-0.548478415
IBKR,10/2/25,BUY,70.31,1.220806794
IBKR,10/6/25,SELL,70.63,0.33616419
IBKR,10/6/25,SELL,69.89,0.017692852
IBKR,10/28/25,BUY,68.77,3.55626327
IBKR,11/10/25,SELL,71.39,2.848549186
IBKR,11/14/25,BUY,65.41,3.361641897
IBKR,11/17/25,BUY,63.53,4.334748762
IBKR,11/24/25,SELL,62.35,1.680820948
IBKR,12/5/25,SELL,66.2,1.309271054
IBKR,1/5/26,SELL,68.36,0.566171267
IBKR,1/15/26,SELL,73.59,-0.017692852
IBKR,2/4/26,BUY,73.59,0.690021231
IBKR,2/10/26,BUY,77.5,1.132342534
IBKR,2/11/26,SELL,77.39,0.283085633
IBKR,2/24/26,BUY,70.51,1.132342534
IBKR,2/27/26,BUY,70.51,1.981599434
IBKR,3/5/26,BUY,68.36,2.88393489
IBKR,3/6/26,BUY,66.2,3.786270347
IBKR,3/9/26,BUY,63.53,4.74168436
IBKR,3/9/26,SELL,66.2,3.149327672
IBKR,3/10/26,SELL,68.36,1.910828025
IBKR,3/16/26,SELL,68.36,1.380042463
IBKR,3/17/26,SELL,68.79,0.495399858
IBKR,3/30/26,BUY,63.53,1.415428167
IBKR,4/2/26,BUY,66.05,2.335456476
IBKR,4/7/26,SELL,70.51,2.229299363
IBKR,4/13/26,SELL,73.59,2.123142251
IBKR,4/15/26,SELL,77.5,2.016985138
IBKR,4/17/26,SELL,81.82,1.415428167
IBKR,5/5/26,SELL,82.82,1.309271054
IBKR,5/5/26,SELL,84.49,1.096956829
IBKR,5/6/26,SELL,86.65,0.513092711
IBM,12/22/22,BUY,139.29,30.43478261
IBM,1/18/23,BUY,142.54,67.39130435
IBM,2/23/23,BUY,130.04,100
IBM,9/20/23,SELL,146.2275,0
IFX.DE,8/4/25,BUY,33.775,12.84521516
IFX.DE,9/2/25,BUY,33.955,16.95568401
IFX.DE,9/2/25,BUY,33.35,22.22222222
IFX.DE,9/3/25,BUY,32.91,28.51637765
IFX.DE,9/3/25,BUY,32.48,35.0032113
IFX.DE,9/3/25,BUY,31.95,41.74694926
IFX.DE,9/3/25,BUY,31.08,48.8118176
IFX.DE,9/10/25,BUY,31.95,56.06936416
IFX.DE,9/17/25,SELL,32.48,50.9312781
IFX.DE,9/18/25,SELL,33.035,45.79319204
IFX.DE,9/18/25,SELL,33.96,41.23314066
IFX.DE,9/26/25,BUY,32.91,47.33461785
IFX.DE,9/26/25,BUY,32.48,54.20680796
IFX.DE,10/2/25,SELL,34.75,49.64675658
IFX.DE,10/8/25,BUY,32.91,52.47270392
IFX.DE,10/15/25,BUY,32.46,74.95183044
IFX.DE,11/7/25,BUY,33.35,78.67694284
IFX.DE,11/7/25,BUY,32.91,82.85163776
IFX.DE,11/12/25,SELL,35.88,78.54849069
IFX.DE,11/12/25,SELL,36.58,74.24534361
IFX.DE,11/12/25,SELL,37.08,69.94219653
IFX.DE,11/18/25,BUY,33.35,82.78741169
IFX.DE,11/18/25,BUY,32.91,88.37508028
IFX.DE,11/19/25,BUY,32.48,93.44894027
IFX.DE,11/26/25,SELL,34.75,89.08156712
IFX.DE,11/28/25,SELL,35.88,83.94348105
IFX.DE,11/28/25,SELL,36.23,79.5761079
IFX.DE,12/3/25,SELL,36.955,75.01605652
IFX.DE,12/3/25,SELL,37.08,70.45600514
IFX.DE,12/5/25,SELL,37.72,66.08863198
IFX.DE,12/12/25,BUY,36.23,69.94219653
IFX.DE,12/15/25,BUY,35.88,74.43802184
IFX.DE,12/16/25,BUY,35.36,79.25497752
IFX.DE,12/22/25,SELL,36.25,76.04367373
IFX.DE,12/22/25,SELL,36.59,71.54784843
IFX.DE,12/30/25,SELL,37.08,67.69428388
IFX.DE,1/2/26,SELL,38.42,63.3911368
IFX.DE,1/5/26,SELL,39.21,59.08798972
IFX.DE,1/5/26,SELL,38.862,54.59216442
IFX.DE,1/5/26,SELL,39.55,50.16056519
IFX.DE,1/5/26,SELL,40.05,45.79319204
IFX.DE,1/22/26,SELL,42.95,41.87540141
IFX.DE,1/28/26,SELL,45.2,37.95761079
IFX.DE,1/28/26,SELL,45.49,34.10404624
IFX.DE,2/2/26,BUY,40.68,37.31535003
IFX.DE,2/4/26,BUY,40.05,41.81117534
IFX.DE,2/4/26,BUY,39.55,49.51830443
IFX.DE,2/17/26,SELL,44.35,44.38021837
IFX.DE,2/18/26,SELL,45.52,39.24213231
IFX.DE,2/24/26,SELL,46.62,35.45279383
IFX.DE,3/6/26,BUY,40.68,39.94861914
IFX.DE,3/9/26,BUY,37.52,45.98587026
IFX.DE,3/9/26,BUY,37.52,52.72960822
IFX.DE,3/9/26,SELL,38.85,48.23378292
IFX.DE,3/9/26,SELL,39.22,44.38021837
IFX.DE,3/11/26,BUY,40.68,48.87604367
IFX.DE,3/12/26,BUY,40.05,53.37186898
IFX.DE,3/12/26,BUY,39.55,57.22543353
IFX.DE,3/18/26,SELL,40.225,52.72960822
IFX.DE,3/19/26,BUY,38.42,60.43673732
IFX.DE,3/19/26,BUY,37.72,66.15285806
IFX.DE,3/19/26,BUY,37.08,71.86897881
IFX.DE,3/23/26,BUY,35.88,77.90622993
IFX.DE,3/23/26,BUY,36.52,83.62235067
IFX.DE,3/23/26,BUY,36.23,89.53114965
IFX.DE,3/25/26,SELL,39.855,85.03532434
IFX.DE,3/26/26,SELL,38.86,79.89723828
IFX.DE,3/26/26,SELL,39.2,74.75915222
IFX.DE,3/27/26,BUY,37.72,80.60372511
IFX.DE,3/27/26,BUY,37.08,86.44829801
IFX.DE,4/1/26,SELL,39.56,81.31021195
IFX.DE,4/1/26,SELL,40.04,76.87861272
IFX.DE,4/2/26,BUY,38.42,82.65895954
IFX.DE,4/2/26,BUY,38.56,88.43930636
IFX.DE,4/2/26,BUY,38.56,94.21965318
IFX.DE,4/2/26,BUY,37.72,100
IFX.DE,4/7/26,SELL,39.56,95.50417469
IFX.DE,4/8/26,SELL,40.7,91.00834939
IFX.DE,4/8/26,SELL,42.06,86.83365446
IFX.DE,4/8/26,SELL,42.87,81.05330764
IFX.DE,4/8/26,SELL,42.405,68.20809249
IFX.DE,4/14/26,SELL,44.36,64.41875401
IFX.DE,4/16/26,SELL,45.315,60.95054592
IFX.DE,4/16/26,SELL,45.315,55.1701991
IFX.DE,4/17/26,SELL,46.62,51.1881824
IFX.DE,4/17/26,SELL,48.23,47.71997431
IFX.DE,4/23/26,SELL,50.3,44.31599229
IFX.DE,5/6/26,BUY,58.06,48.10533076
IWDE.AS,4/15/25,SELL,86.04,-100
IWDE.AS,2/26/26,BUY,109.69,-50
IWDE.AS,3/2/26,BUY,108.21,0
JD,6/7/22,SELL,60.2522,-100
JD,6/13/22,SELL,59.9877,-200
JD,6/14/22,SELL,61.02,-276.9230769
JD,6/17/22,SELL,67.05,-365.3846154
JD,6/30/22,BUY,64.19,-192.3076923
JD,7/5/22,BUY,63.22,0
JD,8/1/22,BUY,56.86,100
JD,8/1/22,SELL,58.25,0
JD,8/26/22,SELL,63.65,-123.0769231
JD,9/2/22,BUY,61.18,-61.53846154
JD,9/13/22,BUY,58.575,0
JNJ,1/15/21,BUY,160.3,22.45862884
JNJ,3/3/21,BUY,157.29,34.27895981
JNJ,3/4/21,BUY,152.48,49.64539007
JNJ,3/12/21,SELL,160.85,43.14420804
JNJ,5/4/21,SELL,167.41,38.41607565
JNJ,5/21/21,SELL,172.34,31.32387707
JNJ,6/8/21,BUY,162.46,40.1891253
JNJ,7/12/21,SELL,170.49,36.05200946
JNJ,8/13/21,SELL,175.43,23.04964539
JNJ,9/17/21,BUY,163.69,27.77777778
JNJ,10/4/21,BUY,158.33,37.23404255
JNJ,10/19/21,SELL,164.68,20.33096927
JNJ,10/29/21,BUY,162.19,25.6501182
JNJ,11/12/21,SELL,170.71,8.865248227
JNJ,11/12/21,BUY,165.02,26.59574468
JNJ,11/15/21,BUY,163.81,44.91725768
JNJ,11/22/21,BUY,160.31,58.27423168
JNJ,12/6/21,SELL,162.82,40.1891253
JNJ,12/9/21,SELL,166.68,22.45862884
JNJ,12/14/21,SELL,170.51,5.910165485
JNJ,1/12/22,BUY,169.61,22.93144208
JNJ,1/18/22,BUY,167.07,33.33333333
JNJ,1/20/22,BUY,165.61,48.22695035
JNJ,1/27/22,SELL,171.28,30.85106383
JNJ,2/24/22,BUY,156.491,51.41843972
JNJ,2/25/22,SELL,161.18,30.85106383
JNJ,3/29/22,SELL,178.39,15.01182033
JNJ,5/19/22,BUY,174.79,28.36879433
JNJ,6/2/22,BUY,175.36,44.44444444
JNJ,6/10/22,BUY,171.48,60.16548463
JNJ,6/22/22,SELL,176.69,47.16312057
JNJ,6/23/22,SELL,179.07,32.38770686
JNJ,6/24/22,SELL,182.28,17.37588652
JNJ,6/28/22,BUY,176.56,29.78723404
JNJ,7/1/22,SELL,178.65,23.28605201
JNJ,7/1/22,SELL,178.89,22.10401891
JNJ,7/5/22,BUY,177.11,35.69739953
JNJ,7/13/22,BUY,175.51,41.60756501
JNJ,7/14/22,BUY,172.57,56.38297872
JNJ,7/15/22,SELL,177.81,50.47281324
JNJ,7/18/22,SELL,179.18,44.56264775
JNJ,7/18/22,BUY,175.26,52.83687943
JNJ,7/19/22,BUY,173.15,62.29314421
JNJ,7/28/22,SELL,175.22,51.65484634
JNJ,8/3/22,SELL,174.72,41.60756501
JNJ,8/3/22,BUY,171.98,50.47281324
JNJ,11/22/22,SELL,176.92,36.87943262
JNJ,12/1/22,SELL,179.37,22.69503546
JNJ,12/13/22,SELL,178.95,12.41134752
JNJ,12/16/22,BUY,176.19,22.45862884
JNJ,12/16/22,BUY,175.11,32.50591017
JNJ,12/23/22,SELL,177.32,22.45862884
JNJ,1/4/23,SELL,179.04,12.41134752
JNJ,1/10/23,BUY,175.05,20.6855792
JNJ,1/11/23,BUY,173.18,30.14184397
JNJ,1/18/23,BUY,170.92,39.59810875
JNJ,3/15/23,BUY,152.96,53.78250591
JNJ,4/4/23,SELL,164.41,43.73522459
JNJ,6/27/23,BUY,162.83,49.64539007
JNJ,7/6/23,BUY,161.91,55.55555556
JNJ,7/13/23,BUY,158.75,70.92198582
JNJ,7/24/23,SELL,172.26,61.46572104
JNJ,7/28/23,SELL,174.34,52.00945626
JNJ,7/31/23,BUY,169.52,57.91962175
JNJ,8/1/23,BUY,166.3,63.71158392
JNJ,8/9/23,SELL,174.34,56.61938534
JNJ,8/21/23,BUY,169.6,62.29314421
JNJ,10/12/23,SELL,155.73,53.30969267
JNJ,12/6/23,BUY,157.33,65.60283688
JNJ,2/1/24,BUY,157.33,72.81323877
JNJ,2/23/24,SELL,162.04,63.4751773
JNJ,3/4/24,BUY,159.07,71.63120567
JNJ,4/10/24,BUY,150.94,89.36170213
JNJ,4/16/24,BUY,145.13,100
JNJ,4/22/24,SELL,150,76.71394799
JNJ,4/23/24,BUY,148.5,77.06855792
JNJ,5/1/24,SELL,151.36,66.43026005
JNJ,5/16/24,SELL,154.1,45.27186761
JNJ,5/23/24,BUY,149.52,66.07565012
JNJ,6/20/24,SELL,147.88,56.61938534
JNJ,7/16/24,SELL,150.1,47.16312057
JNJ,7/17/24,SELL,153.88,37.70685579
JNJ,7/23/24,BUY,153.31,38.06146572
JNJ,7/25/24,SELL,159.27,20.6855792
JNJ,8/5/24,SELL,162.168,8.865248227
JNJ,8/6/24,BUY,160.5,18.321513
JNJ,8/6/24,BUY,162.273,30.14184397
JNJ,8/8/24,BUY,159.45,41.96217494
JNJ,8/13/24,BUY,157.33,46.3356974
JNJ,8/23/24,SELL,163.59,41.25295508
JNJ,8/26/24,SELL,165.68,36.5248227
JNJ,8/28/24,SELL,163.798,24.70449173
JNJ,9/6/24,BUY,164.7,26.47754137
JNJ,12/20/24,BUY,143.05,30.4964539
JNJ,1/8/25,BUY,142.52,33.45153664
JNJ,1/27/25,SELL,151.44,28.13238771
JNJ,1/27/25,SELL,151.33,26.35933806
JNJ,2/11/25,SELL,155,24.94089835
JNJ,2/12/25,SELL,155,23.64066194
JNJ,2/13/25,SELL,158,22.22222222
JNJ,2/18/25,BUY,154.14,23.04964539
JNJ,2/19/25,SELL,156.435,21.74940898
JNJ,2/19/25,SELL,158,20.44917258
JNJ,2/21/25,SELL,160.83,19.14893617
JNJ,2/21/25,SELL,162.58,17.84869976
JNJ,2/24/25,SELL,163.941,16.54846336
JNJ,2/24/25,SELL,164,15.24822695
JNJ,2/25/25,SELL,165.42,13.94799054
JNJ,2/25/25,SELL,165.68,12.64775414
JNJ,2/28/25,SELL,164,11.34751773
JNJ,2/28/25,SELL,165.42,10.04728132
JNJ,3/4/25,SELL,167.43,8.747044917
JNJ,3/7/25,SELL,167.43,7.446808511
JNJ,3/10/25,SELL,168.315,6.146572104
JNJ,3/18/25,SELL,164,4.846335697
JNJ,3/21/25,SELL,164,3.546099291
JNJ,3/25/25,BUY,160.83,4.373522459
JNJ,4/1/25,BUY,158,5.200945626
JNJ,4/15/25,SELL,153.96,0
JNJ,4/17/25,BUY,156.91,7.092198582
JNJ,4/22/25,BUY,157.19,14.18439716
JNJ,5/12/25,BUY,151.95,21.27659574
JNJ,5/27/25,SELL,152.557,1.182033097
JNJ,5/29/25,BUY,152.63,10.63829787
JNJ,7/10/25,SELL,158.07,8.865248227
JNJ,8/19/25,SELL,177.782,2.955082742
JNJ,8/20/25,SELL,179.22,1.418439716
JNJ,8/22/25,BUY,179.5,8.510638298
JNJ,8/22/25,BUY,177.88,15.60283688
JNJ,9/5/25,SELL,179.22,14.06619385
JNJ,9/8/25,SELL,177.58,12.76595745
JNJ,9/25/25,SELL,177.67,2.127659574
JNJ,9/26/25,SELL,179.22,0.591016548
JNJ,9/30/25,SELL,184.22,-0.945626478
JNJ,9/30/25,BUY,185.705,2.600472813
JNJ,10/6/25,SELL,187.645,0.236406619
JNJ,10/7/25,BUY,185.51,7.328605201
JNJ,10/13/25,SELL,190.455,0.827423168
JNJ,10/28/25,BUY,187.28,9.101654846
JNJ,11/13/25,SELL,195.86,7.68321513
JNJ,11/19/25,SELL,200.39,6.264775414
JNJ,11/20/25,SELL,204.43,5.673758865
JNJ,11/24/25,SELL,204.921,0.945626478
JNJ,11/25/25,SELL,206.93,-0.472813239
JNJ,11/25/25,BUY,206.529,1.300236407
JNJ,12/4/25,BUY,202.69,7.210401891
JNJ,12/11/25,SELL,208.95,5.673758865
JNJ,12/11/25,SELL,210.96,4.137115839
JNJ,12/15/25,SELL,213.84,2.718676123
JNJ,1/30/26,BUY,225.86,8.628841608
JNJ,2/11/26,SELL,239.36,4.373522459
JNJ,4/8/26,BUY,234.61,6.028368794
JNJ,4/14/26,BUY,234,7.446808511
JNJ,4/15/26,BUY,237.41,14.53900709
JNJ,4/20/26,BUY,230.95,16.19385343
JNJ,4/21/26,BUY,228.07,17.96690307
JNJ,4/21/26,BUY,226.06,19.62174941
JNJ,4/22/26,BUY,224.04,21.39479905
JNJ,5/4/26,BUY,225.51,23.1678487
JNJ,5/4/26,BUY,224.04,24.94089835
JNJ,5/6/26,SELL,226.06,23.64066194
JNJ,5/7/26,BUY,221.54,25.41371158
JPM,1/20/21,BUY,136.19,27.39726027
JPM,1/22/21,BUY,132.998,49.31506849
JPM,1/25/21,BUY,130.36,82.19178082
JPM,2/4/21,SELL,136.38,65.75342466
JPM,2/12/21,SELL,141.03,56.16438356
JPM,2/23/21,SELL,152.29,0
JPM,3/23/21,BUY,150,21.91780822
JPM,4/22/21,BUY,148.81,36.98630137
JPM,5/6/21,SELL,160.29,26.02739726
JPM,6/17/21,BUY,152.79,38.35616438
JPM,6/18/21,BUY,147.96,65.75342466
JPM,6/23/21,SELL,152.04,56.16438356
JPM,8/6/21,SELL,156.05,43.83561644
JPM,8/11/21,SELL,160.78,38.35616438
JPM,9/20/21,BUY,150.96,48.76712329
JPM,9/27/21,SELL,166.42,37.80821918
JPM,10/7/21,SELL,170.74,24.10958904
JPM,10/13/21,BUY,161.75,36.43835616
JPM,10/20/21,SELL,170.42,24.65753425
JPM,11/19/21,BUY,159.85,35.89041096
JPM,11/23/21,SELL,166.48,22.46575342
JPM,1/18/22,BUY,154.19,36.71232877
JPM,1/18/22,BUY,151.26,52.60273973
JPM,1/20/22,BUY,147.38,69.5890411
JPM,2/17/22,BUY,151.16,84.10958904
JPM,2/24/22,BUY,141.24,100
JPM,2/25/22,SELL,145.48,84.10958904
JPM,3/18/22,SELL,140.48,68.76712329
JPM,4/1/22,BUY,135.32,85.20547945
JPM,5/17/22,SELL,122.68,74.24657534
JPM,5/23/22,SELL,124.14,57.80821918
JPM,5/24/22,SELL,126.91,41.09589041
JPM,5/31/22,SELL,132.02,24.65753425
JPM,10/7/22,BUY,106.71,43.83561644
JPM,10/13/22,SELL,109.81,25.20547945
JPM,11/4/22,SELL,130.555,0
JPM,12/15/22,BUY,129.74,21.91780822
JPM,12/30/22,SELL,134.62,1.369863014
JPM,6/20/23,SELL,142.445,0
JPM,7/6/23,BUY,143.02,15.34246575
JPM,8/18/23,BUY,147.65,30.4109589
JPM,9/7/23,BUY,143.87,45.47945205
JPM,10/17/23,BUY,147.78,48.21917808
JPM,11/30/23,SELL,155.66,33.15068493
JPM,12/18/23,SELL,166.01,17.80821918
JPM,1/19/24,SELL,169.23,12.05479452
JPM,4/2/24,SELL,199.01,11.78082192
JPM,5/8/24,SELL,193.57,11.23287671
JPM,5/20/24,BUY,200.2,23.28767123
JPM,6/11/24,BUY,193.77,33.97260274
JPM,6/12/24,BUY,191.5,53.69863014
JPM,6/28/24,SELL,200.2,45.47945205
JPM,7/1/24,SELL,205.5,37.53424658
JPM,7/16/24,SELL,212.845,26.57534247
JPM,7/17/24,SELL,215,18.35616438
JPM,8/1/24,BUY,209.83,24.10958904
JPM,8/2/24,BUY,200.22,26.02739726
JPM,8/2/24,BUY,198.455,32.32876712
JPM,8/20/24,SELL,216.01,27.39726027
JPM,8/22/24,SELL,216.81,22.19178082
JPM,8/29/24,SELL,222.27,11.23287671
JPM,9/10/24,BUY,204.05,12.05479452
JPM,9/18/24,SELL,210.98,10.95890411
JPM,9/25/24,BUY,209.82,17.53424658
JPM,10/11/24,SELL,222.03,16.16438356
JPM,11/6/24,SELL,246.72,10.68493151
JPM,11/7/24,BUY,238.34,15.89041096
JPM,1/14/25,SELL,246.2,11.50684932
JPM,2/10/25,SELL,276,9.863013699
JPM,2/12/25,SELL,276,8.219178082
JPM,2/14/25,SELL,277.367,6.575342466
JPM,2/19/25,SELL,280.04,-34.52054795
JPM,2/19/25,SELL,279,-53.69863014
JPM,2/19/25,BUY,278.39,23
JPM,2/20/25,BUY,276,24.09589041
JPM,2/20/25,BUY,270.86,25.19178082
JPM,2/20/25,BUY,266.83,26.56164384
JPM,2/20/25,BUY,268.58,53.95890411
JPM,2/21/25,SELL,267.5,52.04109589
JPM,2/25/25,BUY,257.66,53.95890411
JPM,2/26/25,SELL,257.75,52.04109589
JPM,2/26/25,SELL,258.63,50.12328767
JPM,2/28/25,SELL,264,48.20547945
JPM,3/4/25,BUY,247.5,55.60273973
JPM,3/11/25,BUY,228.18,61.63013699
JPM,3/17/25,SELL,233.9,56.15068493
JPM,3/17/25,SELL,235.19,50.67123288
JPM,3/17/25,SELL,235.33,36.97260274
JPM,3/19/25,SELL,238.4,31.49315068
JPM,3/19/25,SELL,239.1,23.01369863
JPM,3/19/25,SELL,241,21.36986301
JPM,3/24/25,SELL,243.6,19.45205479
JPM,3/24/25,SELL,247.29,17.53424658
JPM,3/26/25,SELL,252,15.34246575
JPM,4/15/25,SELL,235.42,-3.89E-15
JPM,4/17/25,BUY,231.52,10.95890411
JPM,4/30/25,BUY,240.88,16.43835616
JPM,5/2/25,SELL,252,13.97260274
JPM,5/12/25,SELL,257.66,11.78082192
JPM,5/14/25,SELL,264,9.315068493
JPM,5/15/25,SELL,266.83,7.397260274
JPM,5/27/25,SELL,263.39,1.917808219
JPM,7/17/25,BUY,283.44,3.287671233
JPM,7/24/25,SELL,297.08,1.095890411
JPM,8/19/25,SELL,292.05,0.547945205
JPM,8/22/25,BUY,292.14,11.50684932
JPM,8/22/25,BUY,290.86,19.7260274
JPM,8/29/25,SELL,302.57,17.53424658
JPM,9/2/25,BUY,297.08,18.35616438
JPM,9/5/25,BUY,297.08,19.17808219
JPM,9/8/25,BUY,293.22,20
JPM,9/15/25,SELL,309.57,17.80821918
JPM,9/23/25,SELL,315.81,15.61643836
JPM,9/24/25,SELL,315.81,8.219178082
JPM,9/24/25,SELL,315.8,2.739726027
JPM,9/29/25,SELL,317.7,0.547945205
JPM,9/30/25,BUY,312.55,11.50684932
JPM,10/6/25,SELL,309.02,3.287671233
JPM,10/6/25,SELL,308.36,0.547945205
JPM,10/7/25,BUY,309.165,8.767123288
JPM,10/13/25,SELL,308.042,6.02739726
JPM,10/13/25,SELL,308.03,0.547945205
JPM,11/14/25,BUY,302.57,1.917808219
JPM,11/18/25,BUY,297.08,3.835616438
JPM,1/21/26,SELL,303.84,0.547945205
JPM,2/27/26,BUY,300.87,3.287671233
JPM,3/5/26,BUY,297.08,6.575342466
JPM,3/9/26,SELL,289.36,2.465753425
JPM,3/19/26,BUY,285.52,13.42465753
JPM,3/23/26,SELL,293.22,11.23287671
JPM,3/26/26,SELL,293.22,10.95890411
JPM,3/27/26,BUY,284.58,15.06849315
JPM,4/2/26,BUY,289.36,17.26027397
JPM,4/7/26,SELL,302.57,14.79452055
JPM,4/8/26,SELL,309.57,13.15068493
JPM,4/14/26,SELL,315.81,10.68493151
JPM,4/21/26,SELL,319.67,9.04109589
JPM,5/7/26,BUY,309.57,12.05479452
JPM,5/8/26,BUY,302.57,14.79452055
KMI,6/6/22,BUY,19.91,13.65313653
KMI,6/10/22,BUY,19.03,28.41328413
KMI,6/14/22,BUY,18.005,44.2804428
KMI,11/4/22,SELL,18.145,25.8302583
KMI,12/5/22,BUY,18.72,39.85239852
KMI,12/6/22,BUY,18.26,56.45756458
KMI,12/8/22,BUY,17.57,73.06273063
KMI,12/12/22,SELL,17.92,72.69372694
KMI,12/13/22,SELL,17.92,56.45756458
KMI,12/16/22,BUY,17.49,72.32472325
KMI,12/23/22,SELL,17.92,57.56457565
KMI,1/6/23,SELL,18.58,41.69741697
KMI,1/17/23,SELL,19.07,28.41328413
KMI,1/24/23,BUY,18.38,48.33948339
KMI,2/16/23,BUY,17.92,64.94464945
KMI,2/21/23,BUY,17.46,83.39483395
KMI,3/10/23,BUY,16.92,100
KMI,6/29/23,SELL,17.2,14.7601476
KMI,7/13/23,SELL,17.585,0
MA,1/15/21,BUY,323.26,15.93585817
MA,1/27/21,BUY,316.06,19.67082493
MA,2/4/21,SELL,338.11,17.18084709
MA,2/24/21,SELL,355.48,13.69487812
MA,4/9/21,SELL,380.09,10.70690471
MA,4/28/21,SELL,397.98,5.72694903
MA,5/12/21,BUY,357.06,16.93184931
MA,6/23/21,SELL,379.44,13.19688255
MA,8/16/21,BUY,357.64,18.17683823
MA,8/31/21,BUY,346.68,26.89176066
MA,9/20/21,BUY,336.65,43.07661662
MA,10/1/21,SELL,362.74,34.61069196
MA,10/18/21,SELL,358.74,25.64677174
MA,10/21/21,BUY,348.28,35.6066831
MA,10/26/21,SELL,365.46,26.64276288
MA,10/27/21,BUY,337.67,36.35367645
MA,11/3/21,BUY,325.37,53.78352133
MA,11/4/21,SELL,337.5,43.3256144
MA,11/5/21,SELL,349.02,33.36570305
MA,11/10/21,SELL,357.91,23.40579169
MA,11/19/21,BUY,342.41,34.1126964
MA,11/22/21,BUY,330.64,45.31759667
MA,11/24/21,SELL,338.19,34.1126964
MA,12/6/21,SELL,328.38,20.41781828
MA,12/6/21,SELL,323.18,11.45389806
MA,12/7/21,SELL,341.65,8.216926869
MA,1/28/22,SELL,377.52,0.497995568
MA,2/23/22,BUY,363.23,6.722940166
MA,3/8/22,BUY,317.29,13.9438759
MA,3/22/22,SELL,353.51,4.232962327
MA,5/3/22,BUY,355.62,10.95590249
MA,5/23/22,SELL,343.21,0.995991136
MA,7/22/22,SELL,349.81,0
MA,3/6/23,BUY,364.77,5.228953462
MA,3/16/23,BUY,346.66,11.45389806
MA,4/28/23,SELL,379.29,6.224944598
MA,7/12/23,SELL,400,0
MA,7/18/23,BUY,395.31,5.228953462
MA,8/18/23,BUY,389.82,10.45790692
MA,10/11/23,SELL,403.24,8.714922437
MA,10/11/23,SELL,403.24,7.718931302
MA,10/23/23,BUY,381.99,18.17683823
MA,10/24/23,SELL,389.86,15.4378626
MA,12/12/23,SELL,419.31,10.20890914
MA,1/16/24,SELL,428.3,7.718931302
MA,1/25/24,SELL,439,5.477951246
MA,1/26/24,BUY,431.5,12.69888698
MA,2/1/24,SELL,460,10.45790692
MA,3/12/24,SELL,474,6.722940166
MA,5/14/24,BUY,452.5,16.68285152
MA,5/23/24,BUY,451.56,24.15278504
MA,6/25/24,SELL,455.6,16.68285152
MA,7/19/24,BUY,444,18.92383158
MA,7/31/24,SELL,470,13.44588033
MA,8/27/24,SELL,475.06,8.465924653
MA,9/9/24,SELL,488.13,6.722940166
MA,9/10/24,BUY,483.47,9.959911357
MA,9/17/24,SELL,500,8.216926869
MA,10/11/24,SELL,501.2,6.473942382
MA,10/16/24,SELL,511.458,4.232962327
MA,11/6/24,BUY,507.69,4.481960111
MA,11/7/24,SELL,521.15,3.983964543
MA,1/10/25,BUY,507.69,16.18485595
MA,1/15/25,SELL,522.5,13.19688255
MA,1/30/25,SELL,562.14,8.216926869
MA,2/11/25,BUY,559.79,8.714922437
MA,2/12/25,BUY,559.79,9.212918005
MA,2/14/25,SELL,567.17,8.465924653
MA,2/18/25,SELL,566.26,7.718931302
MA,2/19/25,SELL,570.08,-42.08062548
MA,2/19/25,BUY,568.609,99.50200443
MA,2/20/25,BUY,559.79,100
MA,2/25/25,SELL,559.79,99.25300665
MA,2/25/25,SELL,566,98.5060133
MA,2/25/25,BUY,554.92,99.00400886
MA,2/26/25,SELL,566,98.25701551
MA,2/27/25,SELL,571.34,80.82717064
MA,2/27/25,SELL,568.738,79.67929085
MA,2/28/25,SELL,568.88,78.9322975
MA,3/3/25,SELL,577.8,78.18530415
MA,3/5/25,SELL,555.71,70.71537063
MA,3/5/25,SELL,560.41,65.73541495
MA,3/5/25,SELL,556.82,63.74343268
MA,3/5/25,BUY,551.5,64.24142825
MA,3/6/25,BUY,548.08,64.73942382
MA,3/7/25,BUY,543.84,65.48641717
MA,3/11/25,BUY,528.14,65.73541495
MA,3/11/25,BUY,525.13,65.98441274
MA,3/11/25,BUY,522.77,66.23341052
MA,3/12/25,BUY,521.11,66.48240831
MA,3/12/25,BUY,519.44,66.73140609
MA,3/14/25,SELL,526.865,61.75145041
MA,3/17/25,SELL,532.35,49.30156122
MA,3/18/25,SELL,529.24,44.32160554
MA,3/19/25,SELL,537,39.34164986
MA,3/24/25,SELL,543.84,34.36169418
MA,3/24/25,SELL,543.6,26.89176066
MA,3/26/25,SELL,548.08,21.91180498
MA,3/27/25,SELL,554.92,21.16481163
MA,3/31/25,SELL,548.505,11.20490028
MA,4/2/25,BUY,542.86,11.95189363
MA,4/9/25,SELL,515.18,9.461915789
MA,4/14/25,SELL,517.53,8.465924653
MA,4/15/25,SELL,513.44,2.489977839
MA,4/15/25,SELL,518.903,0
MA,4/17/25,BUY,512.78,4.979955678
MA,4/23/25,SELL,535.25,3.236971191
MA,5/28/25,SELL,574.55,0.248997784
MA,5/29/25,BUY,575.28,5.228953462
MA,7/31/25,SELL,575.79,4.232962327
MA,8/8/25,SELL,575.79,3.236971191
MA,8/19/25,SELL,588.05,0.746993352
MA,8/22/25,SELL,595.71,-1.24498892
MA,8/22/25,BUY,599.03,3.734966759
MA,9/29/25,SELL,566.69,0.497995568
MA,10/6/25,SELL,576.59,0.248997784
MA,12/4/25,BUY,544.26,5.228953462
MA,12/22/25,SELL,575.79,3.983964543
MA,1/12/26,SELL,565.44,0
MDT,1/29/21,BUY,112.06,12.98701299
MDT,7/7/21,SELL,127.14,0
MDT,9/28/21,BUY,126.29,24.02597403
MDT,10/12/21,BUY,123.17,51.2987013
MDT,10/15/21,SELL,127.86,23.05194805
MDT,10/28/21,BUY,121.84,50.64935065
MDT,10/29/21,BUY,118.99,80.19480519
MDT,11/5/21,SELL,121.74,67.53246753
MDT,11/23/21,BUY,111.71,100
MDT,3/17/22,SELL,109.03,66.88311688
MDT,3/29/22,SELL,110.53,34.41558442
MDT,3/29/22,SELL,112.17,0
META,6/13/22,BUY,172.64,100
META,6/13/22,SELL,171.34,0
MMM,1/15/21,BUY,165.55,44.06779661
MMM,3/18/21,SELL,190.73,38.30508475
MMM,5/10/21,SELL,204.14,29.83050847
MMM,5/10/21,SELL,207.52,23.05084746
MMM,8/25/21,BUY,192.82,36.61016949
MMM,9/30/21,BUY,177.65,60.33898305
MMM,10/25/21,BUY,180.26,73.89830508
MMM,1/21/22,BUY,172.93,100
MMM,5/4/22,SELL,151.86,65.08474576
MMM,5/4/22,SELL,154.35,31.18644068
MMM,7/26/22,SELL,142.63,0
MOS,6/17/21,BUY,30.89,11.36363636
MOS,7/19/21,BUY,28.5,18.63636364
MOS,9/27/21,SELL,37.32,8.454545455
MOS,11/2/21,BUY,37.81,18.40909091
MOS,11/10/21,BUY,36.39,61.40909091
MOS,12/8/21,SELL,36.54,49.63636364
MOS,12/22/21,SELL,37.72,42.81818182
MOS,12/23/21,SELL,39.38,31.95454545
MOS,1/4/22,BUY,40.61,41.04545455
MOS,1/5/22,BUY,39.88,50.59090909
MOS,1/12/22,SELL,41.58,36.27272727
MOS,1/19/22,SELL,44.12,26.36363636
MOS,2/1/22,SELL,43.22,16.72727273
MOS,2/10/22,SELL,46.97,7.409090909
MOS,2/23/22,BUY,42.15,17.09090909
MOS,2/25/22,SELL,49.203,10.90909091
MOS,3/2/22,SELL,53.69,3.181818182
MOS,3/15/22,BUY,58.081,7.909090909
MOS,3/29/22,BUY,60.59,12.90909091
MOS,3/30/22,SELL,67,6.818181818
MOS,3/30/22,BUY,65.86,12.27272727
MOS,4/1/22,SELL,68.55,6.818181818
MOS,4/12/22,SELL,73.852,3.727272727
MOS,4/21/22,BUY,72.12,9.545454545
MOS,4/22/22,BUY,69,14.18181818
MOS,4/25/22,BUY,64.13,19.63636364
MOS,4/28/22,SELL,66.57,15.31818182
MOS,4/29/22,SELL,66.57,14.63636364
MOS,5/9/22,BUY,57.52,21.90909091
MOS,5/11/22,SELL,62.16,10.95454545
MOS,5/12/22,BUY,57.52,18.22727273
MOS,5/13/22,SELL,60.32,10.95454545
MOS,5/20/22,BUY,58.89,17.86363636
MOS,5/31/22,SELL,61.49,11.31818182
MOS,6/1/22,BUY,59.82,17.22727273
MOS,6/1/22,BUY,57.75,23.18181818
MOS,6/7/22,BUY,56.61,30.40909091
MOS,6/10/22,BUY,53.13,39.40909091
MOS,7/14/22,BUY,43.25,44.5
MOS,7/18/22,SELL,46.66,39.95454545
MOS,7/25/22,SELL,49.57,32.68181818
MOS,8/22/22,SELL,55.61,25.40909091
MOS,8/29/22,SELL,60.97,18.59090909
MOS,8/30/22,BUY,57.49,27.68181818
MOS,9/1/22,BUY,52.76,33.36363636
MOS,10/12/22,SELL,50.37,26.09090909
MOS,10/12/22,BUY,48.84,33.36363636
MOS,10/14/22,BUY,47.85,41.09090909
MOS,11/3/22,BUY,46.65,49.27272727
MOS,11/8/22,SELL,51.92,43.81818182
MOS,11/9/22,SELL,52,38.13636364
MOS,11/9/22,BUY,49.82,47.22727273
MOS,11/11/22,SELL,55.49,41.31818182
MOS,11/15/22,BUY,52.03,50.40909091
MOS,11/30/22,SELL,51.152,36.77272727
MOS,12/5/22,BUY,48.74,45.86363636
MOS,12/9/22,BUY,46.96,59.5
MOS,12/13/22,SELL,48.01,46.77272727
MOS,12/14/22,BUY,46.78,55.86363636
MOS,12/22/22,BUY,43.79,64.95454545
MOS,1/6/23,SELL,45.78,54.95454545
MOS,1/18/23,SELL,48.48,46.77272727
MOS,2/1/23,SELL,50.13,37.68181818
MOS,2/10/23,SELL,51.46,26.31818182
MOS,3/6/23,SELL,56.305,19.95454545
MOS,3/13/23,BUY,46.94,29.04545455
MOS,3/15/23,BUY,43.945,40.40909091
MOS,3/24/23,BUY,41.915,49.5
MOS,3/29/23,SELL,45.53,41.5
MOS,4/11/23,SELL,46.9,32
MOS,5/4/23,BUY,38.85,41.40909091
MOS,9/21/23,BUY,36.55,51.31818182
MOS,11/14/23,SELL,36.15,41.81818182
MOS,1/19/24,BUY,31.9,55.45454545
MOS,2/13/24,BUY,29.45,69.45454545
MOS,2/16/24,SELL,30.382,53.81818182
MOS,2/22/24,SELL,31.28,40.18181818
MOS,2/29/24,BUY,30.57,42.86363636
MOS,3/7/24,SELL,31.92,29.40909091
MOS,3/12/24,BUY,31.45,31.54545455
MOS,4/3/24,SELL,32.23,20.54545455
MOS,4/11/24,BUY,31.91,31.5
MOS,4/30/24,BUY,30.73,46.27272727
MOS,5/22/24,SELL,31.91,31
MOS,5/29/24,BUY,30.37,49.18181818
MOS,6/21/24,SELL,27.93,40.09090909
MOS,8/28/24,SELL,28.663,26.45454545
MOS,2/7/25,BUY,26.475,28.13636364
MOS,2/7/25,BUY,26.455,30
MOS,2/7/25,BUY,26.465,32.18181818
MOS,2/10/25,SELL,27.24,29.40909091
MOS,2/12/25,BUY,26.6,31.54545455
MOS,2/12/25,BUY,25.99,34.09090909
MOS,2/18/25,SELL,27.1,32.5
MOS,2/19/25,BUY,26.82,33.73272727
MOS,2/19/25,BUY,26.82,35.68727273
MOS,2/20/25,BUY,26.6,37.82363636
MOS,2/21/25,BUY,25.99,40.41454545
MOS,2/28/25,BUY,24.5,43.55090909
MOS,2/28/25,BUY,23.63,47.32363636
MOS,3/14/25,SELL,25.99,40.00545455
MOS,3/17/25,SELL,26.6,36.77818182
MOS,3/18/25,SELL,27.1,35.18727273
MOS,3/19/25,SELL,27.98,32.18727273
MOS,3/19/25,SELL,28.3,29.32363636
MOS,3/20/25,SELL,28.301,26.46
MOS,3/27/25,SELL,27.6,22.59090909
MOS,4/1/25,SELL,27.1,18.72727273
MOS,4/4/25,BUY,23.349,27.81818182
MOS,4/9/25,SELL,24.615,24.95454545
MOS,4/14/25,SELL,25.99,17.95454545
MOS,4/14/25,SELL,26.6,13.54545455
MOS,4/14/25,SELL,25.99,20.54545455
MOS,4/16/25,SELL,26.99,-5.17E-15
MOS,4/16/25,SELL,27.1,-4.409090909
MOS,4/16/25,SELL,27.6,-8.272727273
MOS,4/16/25,BUY,26.879,-5.17E-15
MOS,7/9/25,BUY,37.1,2.272727273
MOS,7/10/25,BUY,36.09,4.545454545
MOS,8/6/25,BUY,34.03,7.227272727
MOS,8/6/25,BUY,31.26,11.77272727
MOS,8/18/25,SELL,32.66,8.454545455
MOS,8/19/25,SELL,32.311,1.636363636
MOS,8/25/25,SELL,33.46,-1.590909091
MOS,8/28/25,BUY,33.829,2.954545455
MOS,9/18/25,BUY,33.46,7.863636364
MOS,9/24/25,SELL,34.465,6.272727273
MOS,9/24/25,SELL,36.09,4.681818182
MOS,9/29/25,SELL,35.07,0.136363636
MOS,9/30/25,BUY,34.46,13.77272727
MOS,10/6/25,SELL,34.79,2.409090909
MOS,10/6/25,SELL,35.45,0.136363636
MOS,10/9/25,BUY,33.455,2.090909091
MOS,10/10/25,BUY,30.23,5
MOS,10/10/25,BUY,30.23,7.636363636
MOS,10/13/25,SELL,31.39,3.090909091
MOS,10/28/25,BUY,29.498,21.27272727
MOS,11/4/25,BUY,26.57,27.27272727
MOS,11/4/25,SELL,29.2,23.77272727
MOS,11/4/25,SELL,30.83,20
MOS,11/6/25,BUY,25.75,26
MOS,11/17/25,BUY,24.94,32.45454545
MOS,11/20/25,BUY,23.94,38.90909091
MOS,12/1/25,SELL,24.94,34.54545455
MOS,12/2/25,BUY,24.94,40.95454545
MOS,12/4/25,BUY,23.94,47.54545455
MOS,12/10/25,BUY,23.53,70.27272727
MOS,12/11/25,SELL,24.94,65.86363636
MOS,12/12/25,SELL,25.75,61.09090909
MOS,12/29/25,BUY,23.94,66.40909091
MOS,1/2/26,SELL,24.63,52.77272727
MOS,1/2/26,SELL,24.94,43.68181818
MOS,1/5/26,BUY,24.6,51.86363636
MOS,1/8/26,SELL,25.75,43.68181818
MOS,1/8/26,SELL,26.57,39.95454545
MOS,1/14/26,SELL,27.73,35.90909091
MOS,1/21/26,SELL,27.16,8.636363636
MOS,1/26/26,SELL,29.2,4.590909091
MOS,2/13/26,BUY,29.2,11.40909091
MOS,2/27/26,SELL,27.73,6.863636364
MOS,3/4/26,BUY,26.385,13.5
MOS,3/4/26,BUY,26.19,24.86363636
MOS,3/4/26,BUY,25.75,31
MOS,3/11/26,SELL,27.73,26.68181818
MOS,3/11/26,SELL,29.2,22.36363636
MOS,3/13/26,BUY,29.76,26.90909091
MOS,3/16/26,BUY,28.04,38.27272727
MOS,3/19/26,BUY,26.56,43.81818182
MOS,3/20/26,BUY,25.36,55.18181818
MOS,3/20/26,BUY,24.94,68.81818182
MOS,3/25/26,BUY,24.92,91.54545455
MOS,3/26/26,SELL,25.76,86.09090909
MOS,4/1/26,SELL,25.76,81.45454545
MOS,4/1/26,SELL,26.56,75.09090909
MOS,4/2/26,BUY,26.56,81.09090909
MOS,4/10/26,BUY,24.94,87.09090909
MOS,4/14/26,BUY,23.94,93.36363636
MOS,4/20/26,SELL,24.9,87.45454545
MOS,5/8/26,BUY,22.3,93.72727273
MOS,5/11/26,BUY,21.4,100
MS,9/30/21,BUY,96.43,18.97106109
MS,11/11/21,BUY,97.51,46.62379421
MS,11/18/21,BUY,97.26,65.91639871
MS,12/2/21,SELL,99.47,27.97427653
MS,12/13/21,BUY,97.14,54.34083601
MS,12/20/21,BUY,94.91,81.99356913
MS,12/27/21,SELL,100.24,55.62700965
MS,1/4/22,SELL,103.77,30.22508039
MS,1/14/22,BUY,99.84,56.59163987
MS,1/18/22,BUY,94.79,84.5659164
MS,1/31/22,SELL,102.36,62.70096463
MS,2/8/22,SELL,106.31,34.08360129
MS,2/17/22,BUY,96.95,61.09324759
MS,2/24/22,SELL,91.95,39.22829582
MS,2/24/22,BUY,89.272,61.09324759
MS,4/28/22,BUY,82.5,100
MS,5/17/22,SELL,82.14,67.84565916
MS,5/26/22,SELL,84.935,38.90675241
MS,7/19/22,SELL,80.56,0
MS,4/17/25,BUY,108.51,28.93890675
MS,5/23/25,BUY,123.6,61.09324759
MS,5/27/25,SELL,128.04,28.93890675
MS,5/28/25,SELL,129.21,3.215434084
MS,8/19/25,SELL,144.37,0.643086817
MS,9/10/25,SELL,153.09,0
MS,3/19/26,BUY,157.775,22.50803859
MS,4/1/26,SELL,166.55,17.36334405
MS,4/7/26,SELL,169.9,12.21864952
MS,4/7/26,SELL,171.95,7.073954984
MS,4/7/26,SELL,173.65,1.92926045
MS,4/8/26,SELL,175.3,0
MS,4/8/26,SELL,177.7,-5.144694534
MS,4/8/26,SELL,180.75,-10.28938907
MS,4/8/26,BUY,179.95,5.78778135
MS,4/14/26,SELL,184.1,0.643086817
MS,4/15/26,SELL,186.2,-4.180064309
MS,4/15/26,SELL,187.85,-9.003215434
MS,4/15/26,SELL,189.55,-13.82636656
MS,4/15/26,SELL,191.95,-18.64951768
MS,4/16/26,BUY,187.42,0
MSFT,1/15/21,BUY,212.65,39.50953678
MSFT,1/22/21,SELL,229.08,31.33514986
MSFT,1/26/21,SELL,241.38,21.79836512
MSFT,2/1/21,SELL,240.64,10.89918256
MSFT,2/22/21,BUY,233.34,32.69754768
MSFT,3/18/21,BUY,230.63,49.04632153
MSFT,4/1/21,SELL,242.27,34.0599455
MSFT,4/5/21,SELL,243.16,28.61035422
MSFT,6/10/21,SELL,258.53,26.15803815
MSFT,6/14/21,SELL,258.53,23.16076294
MSFT,6/28/21,SELL,268.82,16.34877384
MSFT,7/13/21,SELL,282.55,10.89918256
MSFT,9/28/21,BUY,289.48,28.33787466
MSFT,9/28/21,BUY,283.67,48.22888283
MSFT,10/14/21,SELL,298.96,29.70027248
MSFT,10/15/21,SELL,303.68,19.07356948
MSFT,12/17/21,BUY,320.86,34.60490463
MSFT,12/27/21,SELL,339.36,17.16621253
MSFT,1/3/22,BUY,331.19,34.8773842
MSFT,1/5/22,BUY,324.97,53.13351499
MSFT,1/10/22,BUY,308.21,74.11444142
MSFT,1/18/22,BUY,303.73,85.01362398
MSFT,2/28/22,BUY,294.96,100
MSFT,3/2/22,SELL,300.72,85.01362398
MSFT,3/9/22,SELL,285.9,76.83923706
MSFT,3/15/22,SELL,283.124,57.49318801
MSFT,5/3/22,SELL,284.694,40.05449591
MSFT,5/4/22,SELL,289.66,27.52043597
MSFT,7/28/22,SELL,276.49,19.34604905
MSFT,8/10/22,SELL,289.72,7.901907357
MSFT,10/24/23,SELL,343.11,5.177111717
MSFT,1/16/24,SELL,391.357,2.997275204
MSFT,2/15/24,BUY,406.335,30.24523161
MSFT,2/22/24,SELL,412.28,22.07084469
MSFT,3/4/24,SELL,416.78,11.17166213
MSFT,3/12/24,SELL,413.423,7.356948229
MSFT,3/14/24,SELL,420.29,3.542234332
MSFT,3/28/24,BUY,421.1,40.32697548
MSFT,4/11/24,SELL,429.35,29.70027248
MSFT,4/22/24,SELL,401.58,18.80108992
MSFT,4/24/24,SELL,409.5,10.08174387
MSFT,4/25/24,SELL,414.46,1.634877384
MSFT,5/17/24,BUY,419,17.71117166
MSFT,5/22/24,SELL,430.4,11.71662125
MSFT,6/20/24,SELL,444.67,7.629427793
MSFT,7/11/24,BUY,454.37,15.80381471
MSFT,7/12/24,BUY,452.06,21.25340599
MSFT,7/19/24,BUY,431.25,26.70299728
MSFT,7/22/24,SELL,440.8,22.61580381
MSFT,7/24/24,BUY,430.45,23.97820163
MSFT,7/25/24,BUY,425.25,32.42506812
MSFT,8/5/24,BUY,399.304,43.32425068
MSFT,8/14/24,SELL,415.5,35.14986376
MSFT,8/14/24,SELL,414.68,29.70027248
MSFT,8/15/24,SELL,420,25.06811989
MSFT,8/29/24,SELL,419.02,16.89373297
MSFT,9/16/24,SELL,434.78,11.44414169
MSFT,10/2/24,BUY,418.35,13.07901907
MSFT,10/22/24,SELL,430,11.71662125
MSFT,10/31/24,BUY,415,14.98637602
MSFT,11/6/24,BUY,415.58,42.23433243
MSFT,11/25/24,SELL,416.57,34.0599455
MSFT,12/11/24,SELL,450,29.70027248
MSFT,12/30/24,BUY,426.06,32.42506812
MSFT,1/22/25,SELL,445.5,28.0653951
MSFT,1/30/25,BUY,418.08,28.61035422
MSFT,1/30/25,BUY,418.08,29.15531335
MSFT,1/30/25,BUY,418.08,29.70027248
MSFT,1/30/25,BUY,415.73,30.24523161
MSFT,2/7/25,BUY,410.68,31.60762943
MSFT,2/7/25,BUY,408.64,32.97002725
MSFT,2/14/25,BUY,407.548,34.33242507
MSFT,2/18/25,BUY,406.6,35.69482289
MSFT,2/19/25,SELL,414.04,-18.80108992
MSFT,2/19/25,SELL,414.317,-65.1226158
MSFT,2/19/25,BUY,408.64,-63.76021798
MSFT,2/19/25,BUY,408.763,47.85831063
MSFT,2/21/25,BUY,413.58,49.22070845
MSFT,2/21/25,BUY,410.68,50.58310627
MSFT,2/21/25,BUY,408.64,51.94550409
MSFT,2/24/25,BUY,404.08,53.30790191
MSFT,2/28/25,BUY,389.3,54.67029973
MSFT,3/7/25,BUY,389.3,56.03269755
MSFT,3/10/25,BUY,380.9,57.39509537
MSFT,3/19/25,SELL,386.18,46.49591281
MSFT,3/24/25,SELL,392.84,38.32152589
MSFT,3/26/25,BUY,389.3,39.68392371
MSFT,3/28/25,BUY,388.08,41.04632153
MSFT,3/28/25,BUY,380.9,42.40871935
MSFT,3/31/25,BUY,372.56,44.04359673
MSFT,3/31/25,SELL,370.965,35.69482289
MSFT,3/31/25,SELL,374.15,24.79564033
MSFT,4/7/25,BUY,350,30.24523161
MSFT,4/7/25,BUY,350.24,35.69482289
MSFT,4/7/25,BUY,347,46.59400545
MSFT,4/7/25,SELL,358,32.97002725
MSFT,4/9/25,SELL,382.35,27.52043597
MSFT,4/11/25,SELL,389.3,25.88555858
MSFT,4/15/25,SELL,389.14,12.26158038
MSFT,4/15/25,SELL,388.44,4.08719346
MSFT,4/16/25,SELL,378.01,0
MSFT,4/17/25,BUY,371.94,8.174386921
MSFT,4/30/25,SELL,419.27,6.267029973
MSFT,5/27/25,SELL,459.06,3.542234332
MSFT,5/28/25,SELL,459.55,0.272479564
MSFT,6/20/25,BUY,477.65,1.634877384
MSFT,7/23/25,BUY,505.235,4.359673025
MSFT,7/30/25,SELL,555.3,3.542234332
MSFT,7/31/25,BUY,534.56,7.629427793
MSFT,8/19/25,SELL,510.49,2.179836512
MSFT,8/22/25,BUY,507.785,7.629427793
MSFT,9/5/25,BUY,495.64,9.809264305
MSFT,9/24/25,SELL,510.59,1.634877384
MSFT,9/29/25,SELL,512.89,0.272479564
MSFT,10/7/25,BUY,525.165,5.722070845
MSFT,10/13/25,SELL,513.44,0.272479564
MSFT,11/25/25,BUY,471.2,8.446866485
MSFT,11/25/25,BUY,470.82,10.35422343
MSFT,12/10/25,BUY,477.31,18.52861035
MSFT,1/9/26,BUY,474.06,19.89100817
MSFT,1/14/26,BUY,459.49,21.79836512
MSFT,1/21/26,SELL,455.16,13.6239782
MSFT,1/21/26,BUY,448.32,15.53133515
MSFT,1/27/26,SELL,475.38,11.44414169
MSFT,1/29/26,BUY,437.15,13.35149864
MSFT,1/29/26,BUY,423.33,15.53133515
MSFT,2/5/26,BUY,401,17.71117166
MSFT,2/11/26,SELL,414.21,7.901907357
MSFT,2/13/26,BUY,401,10.35422343
MSFT,3/4/26,SELL,410,8.719346049
MSFT,3/13/26,BUY,400.73,10.35422343
MSFT,3/17/26,SELL,401,8.174386921
MSFT,3/18/26,SELL,400.5,2.72479564
MSFT,4/17/26,SELL,423.33,0.544959128
MTX.DE,3/11/25,BUY,316.6,20.49180328
MTX.DE,3/27/25,BUY,330.9,28.68852459
MTX.DE,4/1/25,BUY,322,32.37704918
MTX.DE,4/3/25,BUY,295.9,35.6557377
MTX.DE,4/4/25,BUY,299.8,47.95081967
MTX.DE,4/7/25,SELL,265.6,35.6557377
MTX.DE,4/9/25,SELL,295.5,27.45901639
MTX.DE,5/6/25,BUY,317.2,47.95081967
MTX.DE,5/7/25,SELL,318.2,41.80327869
MTX.DE,5/23/25,SELL,348,35.6557377
MTX.DE,5/27/25,SELL,352,33.60655738
MTX.DE,6/6/25,BUY,351.8,41.80327869
MTX.DE,6/12/25,BUY,348.3,54.09836066
MTX.DE,6/12/25,BUY,342.2,64.3442623
MTX.DE,6/19/25,SELL,376,60.24590164
MTX.DE,6/25/25,BUY,370.7,66.39344262
MTX.DE,7/2/25,BUY,360.3,70.90163934
MTX.DE,7/8/25,SELL,386.2,66.39344262
MTX.DE,7/17/25,SELL,386.2,63.1147541
MTX.DE,7/24/25,SELL,392.8,60.24590164
MTX.DE,7/25/25,BUY,355.4,72.54098361
MTX.DE,8/8/25,SELL,384.8,64.3442623
MTX.DE,9/8/25,BUY,360.4,68.03278689
MTX.DE,9/9/25,BUY,360.2,71.72131148
MTX.DE,9/17/25,BUY,360.1,75.81967213
MTX.DE,9/29/25,BUY,374.4,78.27868852
MTX.DE,9/30/25,SELL,386.2,75.81967213
MTX.DE,10/1/25,SELL,392.7,73.36065574
MTX.DE,10/6/25,SELL,394.6,65.16393443
MTX.DE,10/9/25,SELL,398,62.70491803
MTX.DE,10/15/25,BUY,382.7,75
MTX.DE,10/16/25,BUY,375.7,76.63934426
MTX.DE,10/17/25,BUY,363.4,80.73770492
MTX.DE,10/22/25,SELL,385.2,78.68852459
MTX.DE,10/23/25,SELL,386.9,75.40983607
MTX.DE,11/10/25,SELL,367.8,71.31147541
MTX.DE,11/17/25,BUY,360,75.40983607
MTX.DE,11/18/25,BUY,348.3,83.60655738
MTX.DE,11/25/25,BUY,351,95.90163934
MTX.DE,12/1/25,BUY,339.9,100
MTX.DE,12/4/25,SELL,348.3,91.80327869
MTX.DE,12/11/25,BUY,348.3,93.44262295
MTX.DE,12/12/25,BUY,348.3,94.26229508
MTX.DE,12/19/25,SELL,360.4,91.39344262
MTX.DE,1/2/26,SELL,360.4,85.24590164
MTX.DE,1/5/26,SELL,375.7,82.37704918
MTX.DE,1/7/26,SELL,387.2,79.91803279
MTX.DE,1/9/26,BUY,386.2,83.19672131
MTX.DE,1/27/26,SELL,375.7,79.09836066
MTX.DE,2/4/26,SELL,386.2,70.90163934
MTX.DE,2/9/26,SELL,385.6,67.62295082
MTX.DE,2/13/26,SELL,392.7,55.32786885
MTX.DE,2/13/26,SELL,397.9,52.86885246
MTX.DE,2/18/26,SELL,403.2,48.7704918
MTX.DE,2/24/26,BUY,375.7,52.04918033
MTX.DE,2/26/26,BUY,375.2,55.32786885
MTX.DE,2/27/26,BUY,360.4,59.01639344
MTX.DE,3/9/26,BUY,339.9,63.1147541
MTX.DE,3/10/26,SELL,348.3,55.73770492
MTX.DE,3/12/26,BUY,339.9,61.8852459
MTX.DE,3/16/26,BUY,331.4,65.98360656
MTX.DE,3/19/26,BUY,320.9,74.18032787
MTX.DE,3/23/26,BUY,302.2,82.37704918
MTX.DE,4/1/26,SELL,322,78.68852459
MTX.DE,4/8/26,SELL,338.2,72.13114754
MTX.DE,4/14/26,SELL,335.3,62.70491803
MTX.DE,4/17/26,SELL,348.3,56.55737705
MTX.DE,4/22/26,BUY,303,61.06557377
MTX.DE,4/24/26,BUY,288.7,65.98360656
MTX.DE,4/30/26,BUY,276.6,70.90163934
MTX.DE,5/4/26,BUY,286.2,75.81967213
MTX.DE,5/6/26,SELL,307.7,71.72131148
MTX.DE,5/6/26,SELL,310.9,68.03278689
MTX.DE,5/7/26,SELL,321.1,63.93442623
NKE,7/28/22,SELL,111.61,-100
NKE,8/31/22,BUY,105.95,0
NOK,1/15/21,BUY,4.08,21.81289384
NOK,1/25/21,SELL,5.02,9.694619486
NOK,1/27/21,BUY,6.82,25.85231863
NOK,1/28/21,BUY,5.28,50.08886735
NOK,2/23/21,BUY,3.88,79.1727258
NOK,4/29/21,SELL,4.71,68.67022136
NOK,5/7/21,SELL,5.03,52.51252222
NOK,5/28/21,SELL,5.23,42.01001777
NOK,6/2/21,SELL,5.59,29.89174342
NOK,7/29/21,SELL,6.12,12.11827436
NOK,11/1/21,BUY,5.6,33.12328324
NOK,12/7/21,SELL,5.95,2.423654872
NOK,12/20/21,BUY,5.85,24.96364518
NOK,12/22/21,SELL,6.14,3.635482307
NOK,1/6/22,BUY,6.02,29.48780094
NOK,1/14/22,BUY,5.85,52.10857974
NOK,1/21/22,BUY,5.6,75.73113589
NOK,1/21/22,BUY,5.58,100
NOK,5/3/22,SELL,5.24,76.11892067
NOK,10/4/22,SELL,4.61,48.27920504
NOK,6/30/23,SELL,4.52,0
NOK,10/24/25,BUY,6.04,16.15769914
NOK,10/29/25,BUY,7.439,32.31539829
NOK,12/4/25,BUY,6.205,53.32040717
NOK,12/11/25,SELL,6.29,47.1804815
NOK,12/11/25,SELL,6.51,40.50735175
NOK,12/18/25,SELL,6.39,34.85215705
NOK,12/19/25,SELL,6.51,29.19696235
NOK,1/7/26,SELL,6.79,22.86314429
NOK,1/27/26,SELL,6.97,17.36952658
NOK,2/6/26,SELL,7.09,11.3265471
NOK,2/9/26,SELL,7.19,5.28356762
NOK,2/11/26,SELL,7.28,-0.75941186
NOK,2/17/26,SELL,7.42,-6.721602844
NOK,2/17/26,SELL,7.59,-12.06980126
NOK,3/2/26,SELL,7.91,-17.57957667
NOK,3/3/26,BUY,7.73,0.19389239
NOK,3/5/26,BUY,7.83,5.84908709
NOK,3/9/26,SELL,7.91,3.58700921
NOK,3/10/26,SELL,7.91,0.436257877
NOK,3/13/26,SELL,8.39,0.242365487
NOK,3/16/26,SELL,8.48,-4.71804815
NOK,3/16/26,SELL,8.64,-9.678461787
NOK,3/26/26,BUY,8.42,-2.989174342
NOK,3/26/26,BUY,8.39,3.700113104
NOK,3/27/26,BUY,8.075,10.38940055
NOK,3/27/26,BUY,8.08,17.07868799
NOK,3/27/26,BUY,7.99,23.76797544
NOK,3/31/26,BUY,7.83,29.42317014
NOK,4/1/26,SELL,8.1,24.20423332
NOK,4/1/26,SELL,8.39,18.98529649
NOK,4/2/26,SELL,8.48,13.94409436
NOK,4/2/26,SELL,8.56,8.902892228
NOK,4/2/26,SELL,8.64,3.861690095
NOK,4/2/26,SELL,8.74,-1.179512037
NOK,4/6/26,SELL,9.03,-5.218936823
NOK,4/6/26,SELL,9.38,-10.27629666
NOK,4/8/26,BUY,9.21,5.881402488
NOK,4/14/26,SELL,10.53,1.922766198
NOK,4/15/26,BUY,10.009,6.770075941
NOK,4/22/26,BUY,9.93,11.61738568
NOK,4/23/26,SELL,10.98,9.694619486
NOK,5/7/26,BUY,12.28,13.96025206
NSC,8/31/21,BUY,255.29,12.90322581
NSC,9/13/21,BUY,244.36,26.7281106
NSC,10/22/21,SELL,287.21,9.677419355
NSC,1/11/22,BUY,284.46,20.73732719
NSC,1/18/22,BUY,275.71,34.56221198
NSC,3/29/22,SELL,293.85,15.66820276
NSC,8/10/22,SELL,256.14,0
NSC,5/3/23,BUY,203.85,18.43317972
NSC,5/23/23,BUY,215.6,35.94470046
NSC,6/30/23,SELL,227.18,17.51152074
NSC,7/5/23,BUY,226.11,34.10138249
NSC,7/27/23,BUY,234,49.76958525
NSC,8/3/23,BUY,227.18,66.359447
NSC,8/7/23,BUY,223.15,82.94930876
NSC,8/15/23,BUY,212.66,100
NSC,11/14/23,SELL,199.5,82.48847926
NSC,12/26/23,SELL,236.7,67.74193548
NSC,1/8/24,BUY,227.18,92.62672811
NSC,1/18/24,SELL,233.19,76.49769585
NSC,1/22/24,SELL,238.44,59.9078341
NSC,1/26/24,SELL,235.53,36.86635945
NSC,1/31/24,SELL,248.71,18.43317972
NSC,2/21/24,SELL,259.78,1.382488479
NSC,4/16/24,BUY,242.59,47.00460829
NSC,4/24/24,BUY,238.44,70.96774194
NSC,4/24/24,SELL,236.38,52.53456221
NSC,4/24/24,SELL,237.6,43.31797235
NSC,4/24/24,SELL,240.46,24.88479263
NSC,5/8/24,SELL,233.5,18.43317972
NSC,7/22/24,BUY,227.41,58.06451613
NSC,7/26/24,SELL,246.12,44.23963134
NSC,7/26/24,SELL,248.9,28.11059908
NSC,8/5/24,SELL,241.08,25.80645161
NSC,8/5/24,SELL,241.11,11.98156682
NSC,8/5/24,SELL,238.1377,0
NTR,3/19/26,BUY,77.236,79.74481659
NTR,3/25/26,SELL,76.425,68.58054226
NTR,3/26/26,BUY,75.43,79.74481659
NTR,4/8/26,BUY,71.62,90.90909091
NTR,4/17/26,BUY,71.28,98.5645933
NTR,4/30/26,SELL,75.43,92.18500797
NTR,5/6/26,SELL,78.3,81.02073365
NTR,5/7/26,BUY,71.11,88.83572568
NTR,5/7/26,BUY,68.63,100
NVDA,1/27/25,BUY,118.957,44.44444444
NVDA,1/27/25,BUY,125.43,100
NVDA,2/6/25,SELL,127.08,50
NVDA,2/19/25,SELL,140.455,-5.555555556
NVDA,2/19/25,BUY,138.955,71.88888889
NVDA,2/21/25,BUY,135.22,76.33333333
NVDA,2/26/25,SELL,132,69.11111111
NVDA,2/26/25,SELL,133.03,62.44444444
NVDA,2/26/25,SELL,135.22,55.77777778
NVDA,3/10/25,BUY,106.12,66.33333333
NVDA,3/14/25,SELL,120.42,44.11111111
NVDA,3/17/25,SELL,122.43,35.77777778
NVDA,3/18/25,BUY,118.37,45.77777778
NVDA,3/18/25,BUY,115.83,55.77777778
NVDA,3/24/25,SELL,121.17,39.11111111
NVDA,3/26/25,BUY,117.58,49.11111111
NVDA,3/26/25,BUY,113,59.11111111
NVDA,3/28/25,BUY,109.15,69.11111111
NVDA,3/31/25,BUY,105.1,79.66666667
NVDA,3/31/25,SELL,107.48,55.55555556
NVDA,4/9/25,SELL,108.64,38.88888889
NVDA,4/15/25,SELL,110.96,0
NVDA,4/16/25,BUY,103.855,55.55555556
NVDA,5/7/25,SELL,115.83,44.44444444
NVDA,5/7/25,SELL,117.58,33.88888889
NVDA,5/7/25,SELL,117.58,22.77777778
NVDA,5/8/25,SELL,119,11.66666667
NVDA,5/12/25,SELL,120.42,-0.555555556
NVDA,5/12/25,SELL,120.42,-11.66666667
NVDA,5/12/25,BUY,122.89,10.55555556
NVDA,5/27/25,SELL,134.305,5
NVDA,5/28/25,BUY,135.16,60.55555556
NVDA,7/9/25,SELL,164.11,52.77777778
NVDA,7/11/25,SELL,167.32,45
NVDA,7/15/25,SELL,172.5,37.22222222
NVDA,7/28/25,SELL,175.7,29.44444444
NVDA,7/28/25,SELL,175.7,21.66666667
NVDA,8/7/25,SELL,183.17,14.44444444
NVDA,8/19/25,SELL,178.11,1.666666667
NVDA,9/2/25,BUY,167.32,5
NVDA,9/5/25,BUY,167.32,13.88888889
NVDA,9/5/25,BUY,167.89,21.11111111
NVDA,9/5/25,BUY,165.72,28.33333333
NVDA,9/5/25,BUY,164.11,37.77777778
NVDA,9/17/25,BUY,169.6,42.77777778
NVDA,9/24/25,SELL,179.54,9.444444444
NVDA,9/29/25,SELL,179.46,3.888888889
NVDA,10/6/25,SELL,185.7,1.111111111
NVDA,10/10/25,BUY,183.17,5
NVDA,10/13/25,SELL,188.295,3.333333333
NVDA,10/15/25,BUY,179.29,9.444444444
NVDA,11/14/25,BUY,180.89,20.55555556
NVDA,11/24/25,SELL,182.51,9.444444444
NVDA,11/25/25,BUY,175.4,48.33333333
NVDA,12/23/25,SELL,183.17,37.77777778
NVDA,12/23/25,SELL,186.07,15.55555556
NVDA,1/12/26,BUY,183.17,21.66666667
NVDA,1/14/26,BUY,180.89,28.33333333
NVDA,1/20/26,BUY,179.29,35
NVDA,1/20/26,BUY,177.68,42.77777778
NVDA,2/4/26,BUY,175.7,53.33333333
NVDA,2/11/26,SELL,188.47,13.33333333
NVDA,2/26/26,BUY,186.07,20.55555556
NVDA,2/27/26,BUY,177.68,28.88888889
NVDA,3/16/26,SELL,186.07,17.77777778
NVDA,3/30/26,BUY,165.72,28.33333333
NVDA,4/2/26,BUY,172.33,39.44444444
NVDA,4/14/26,SELL,196.44,25.55555556
ORCL,1/29/21,BUY,60.74,12.34567901
ORCL,2/22/21,SELL,64.96,7.201646091
ORCL,9/14/21,BUY,86.41,18.51851852
ORCL,10/28/21,BUY,96.17,32.9218107
ORCL,11/1/21,BUY,94.57,40.94650206
ORCL,12/9/21,SELL,94.75,26.54320988
ORCL,12/9/21,SELL,98.57,12.55144033
ORCL,12/20/21,BUY,93.72,26.74897119
ORCL,12/21/21,BUY,91.16,43.00411523
ORCL,12/29/21,BUY,88.39,55.96707819
ORCL,1/3/22,BUY,87.33,63.16872428
ORCL,1/19/22,BUY,85.16,82.51028807
ORCL,2/24/22,BUY,72.836,100
ORCL,2/25/22,SELL,75.02,82.51028807
ORCL,3/2/22,SELL,78.563,65.02057613
ORCL,5/3/22,SELL,73.89,56.6872428
ORCL,6/6/22,SELL,73.63,38.78600823
ORCL,7/20/22,SELL,72.83,20.0617284
ORCL,7/28/22,SELL,76.47,7.9218107
ORCL,10/21/22,SELL,72.58,0
ORCL,11/28/25,BUY,202.1,3.086419753
ORCL,11/28/25,BUY,198.34,6.172839506
ORCL,12/2/25,SELL,209.03,4.835390947
ORCL,12/4/25,SELL,215.85,3.600823045
ORCL,12/8/25,SELL,221.36,2.366255144
ORCL,12/10/25,BUY,221.09,6.481481481
ORCL,12/10/25,SELL,226.88,5.349794239
ORCL,12/11/25,BUY,196.55,7.201646091
ORCL,12/11/25,BUY,194.7,12.34567901
ORCL,12/22/25,SELL,198,11.31687243
ORCL,12/24/25,SELL,198,9.773662551
ORCL,1/8/26,BUY,188,10.90534979
ORCL,1/9/26,SELL,198,9.362139918
ORCL,1/20/26,BUY,180.15,10.69958848
ORCL,1/23/26,BUY,172.75,12.24279835
ORCL,1/29/26,BUY,169.12,14.40329218
ORCL,1/29/26,BUY,162.3,16.56378601
ORCL,2/9/26,SELL,156.68,14.50617284
ORCL,2/10/26,SELL,162.27,11.93415638
ORCL,2/11/26,SELL,159.69,5.967078189
ORCL,2/20/26,BUY,151.27,8.333333333
ORCL,2/26/26,SELL,151.27,6.790123457
ORCL,2/27/26,BUY,143.83,9.259259259
ORCL,3/10/26,SELL,162.3,7.613168724
ORCL,3/11/26,SELL,169.12,4.526748971
ORCL,3/19/26,BUY,150.3,6.58436214
ORCL,3/27/26,BUY,140.23,9.053497942
ORCL,4/1/26,SELL,151.27,7.098765432
ORCL,4/1/26,BUY,145.09,9.567901235
ORCL,4/7/26,BUY,143.97,12.03703704
ORCL,4/7/26,BUY,140.23,14.50617284
ORCL,4/8/26,SELL,151.27,12.65432099
ORCL,4/8/26,SELL,143.76,8.53909465
ORCL,4/9/26,BUY,136.82,11.00823045
ORCL,4/14/26,SELL,162.3,9.053497942
ORCL,4/14/26,SELL,169.12,7.304526749
ORCL,4/16/26,SELL,174.64,5.658436214
ORCL,4/16/26,SELL,180.15,4.012345679
ORCL,4/22/26,SELL,188,2.469135802
ORCL,4/24/26,BUY,169.12,4.526748971
ORCL,4/29/26,BUY,162.3,7.098765432
ORCL,5/6/26,SELL,188,5.555555556
ORCL,5/7/26,SELL,198,4.115226337
OXY,6/9/22,BUY,67.72,9.536082474
OXY,6/10/22,BUY,64.77,24.48453608
OXY,8/24/22,SELL,74.77,16.10824742
OXY,9/8/22,BUY,64.11,28.99484536
OXY,9/23/22,BUY,61.69,44.45876289
OXY,9/26/22,BUY,57.62,61.8556701
OXY,10/6/22,SELL,70.67,50.25773196
OXY,11/4/22,SELL,73.305,42.5257732
OXY,11/4/22,SELL,73.21,38.65979381
OXY,5/10/23,SELL,58.003,19.32989691
OXY,7/14/23,BUY,60.33,36.46907216
OXY,7/27/23,BUY,61.89,53.22164948
OXY,8/9/23,SELL,65.01,36.08247423
OXY,8/10/23,BUY,63.49,52.44845361
OXY,9/5/23,SELL,66.77,36.08247423
OXY,9/11/23,BUY,64.09,52.31958763
OXY,9/20/23,BUY,65.01,68.17010309
OXY,10/2/23,BUY,61.89,84.92268041
OXY,10/17/23,BUY,65.01,93.17010309
OXY,2/15/24,SELL,60.104,76.54639175
OXY,4/2/24,SELL,67.022,53.47938144
OXY,4/5/24,SELL,69.02,40.59278351
OXY,4/12/24,SELL,70.12,22.80927835
OXY,4/18/24,BUY,65.85,62.62886598
OXY,5/1/24,BUY,65.01,75.12886598
OXY,5/13/24,BUY,62.75,85.05154639
OXY,5/16/24,BUY,62.83,100
OXY,6/12/24,SELL,60.45,87.11340206
OXY,6/20/24,SELL,62.615,61.34020619
OXY,2/10/25,SELL,47.75,58.63402062
OXY,2/10/25,SELL,47.75,55.92783505
OXY,2/18/25,SELL,48.87,52.70618557
OXY,2/18/25,SELL,48.87,49.48453608
OXY,2/18/25,SELL,48.87,46.39175258
OXY,2/18/25,SELL,48.87,43.29896907
OXY,2/19/25,SELL,50.46,39.17525773
OXY,2/19/25,SELL,50.46,35.05154639
OXY,2/19/25,SELL,51.325,31.95876289
OXY,2/19/25,SELL,51.41,28.86597938
OXY,2/27/25,SELL,48.87,23.71134021
OXY,2/28/25,SELL,48.87,20.6185567
OXY,2/28/25,BUY,47.75,25.51546392
OXY,2/28/25,BUY,47.75,30.41237113
OXY,3/3/25,BUY,46.63,36.08247423
OXY,3/3/25,BUY,46.63,41.75257732
OXY,3/4/25,BUY,45.24,47.68041237
OXY,3/18/25,SELL,47.75,44.20103093
OXY,3/25/25,SELL,48.87,35.18041237
OXY,3/26/25,SELL,50.47,31.31443299
OXY,3/31/25,SELL,49.54,22.29381443
OXY,4/7/25,BUY,38.48,48.06701031
OXY,4/7/25,SELL,38.58,35.18041237
OXY,4/15/25,SELL,37.84,0
PFE,1/15/21,BUY,36.7,40.10130857
PFE,5/5/21,SELL,40.91,35.03588012
PFE,7/20/21,SELL,41.14,23.84972562
PFE,7/28/21,SELL,43.05,16.8847615
PFE,8/3/21,SELL,44.41,11.1861545
PFE,10/25/21,BUY,42.71,18.36217813
PFE,11/11/21,SELL,49.65,4.221190376
PFE,1/4/22,BUY,55.36,16.42043056
PFE,1/5/22,SELL,56.24,4.221190376
PFE,1/6/22,BUY,54.91,16.04052343
PFE,3/17/22,SELL,53.66,3.967918953
PFE,5/26/22,SELL,54.48,0.464330941
PFE,6/30/22,SELL,52.75,0
PFE,5/23/23,BUY,38.045,8.442380751
PFE,5/26/23,BUY,37.62,17.43351625
PFE,6/9/23,BUY,39.2973,26.00253271
PFE,6/26/23,BUY,36.18,35.33136344
PFE,8/24/23,BUY,36.18,44.66019417
PFE,12/7/23,BUY,28.8493,65.76614605
PFE,12/21/23,BUY,27.938,86.87209793
PFE,1/2/24,SELL,30.055,76.31912199
PFE,1/10/24,BUY,29.075,84.76150274
PFE,1/11/24,BUY,28.35,100
PFE,2/6/24,SELL,27.431,70.45166737
PFE,3/12/24,SELL,27.8749,57.45040101
PFE,4/19/24,SELL,25.88,39.51034192
PFE,5/1/24,SELL,27.1,28.02870409
PFE,5/13/24,SELL,28.34,15.36513297
PFE,5/22/24,SELL,29.3,0
PHG,2/24/21,BUY,55.54,5.572755418
PHG,5/12/21,BUY,54.58,11.14551084
PHG,6/18/21,BUY,51.43,18.57585139
PHG,9/30/21,BUY,44.79,32.13622291
PHG,10/4/21,BUY,43.37,51.33126935
PHG,10/20/21,SELL,46.75,38.32817337
PHG,11/15/21,BUY,42.31,52.26006192
PHG,4/12/22,BUY,29.535,72.63157895
PHG,4/25/22,BUY,26.85,100
PHG,9/6/22,SELL,17.13,44.27244582
PHG,9/9/22,SELL,17.82,25.69659443
PHG,4/29/24,SELL,25.56,16.28482972
PHG,4/29/24,SELL,24.34,6.93498452
PHG,4/29/24,SELL,29.69,0.743034056
PHG,5/9/24,SELL,26.445,-4.971678019
PHG,8/27/24,SELL,30.08,-42.1233808
PHG,10/29/24,BUY,27.2,-11.16362848
PHG,10/29/24,BUY,26.8701,-5.166928793
PHG,10/29/24,BUY,26.8701,0
PYPL,1/15/21,BUY,239.79,11.60990712
PYPL,2/2/21,SELL,245.75,6.965944272
PYPL,3/4/21,BUY,248.58,14.70588235
PYPL,3/4/21,BUY,233.72,23.21981424
PYPL,3/25/21,BUY,227.62,33.28173375
PYPL,4/1/21,SELL,249.82,28.6377709
PYPL,4/8/21,SELL,263.55,23.99380805
PYPL,4/13/21,SELL,274.77,18.57585139
PYPL,5/4/21,BUY,251.67,25.54179567
PYPL,5/11/21,BUY,234.72,33.28173375
PYPL,5/26/21,SELL,261.14,27.86377709
PYPL,6/11/21,SELL,271.12,23.99380805
PYPL,6/18/21,SELL,282.23,20.89783282
PYPL,6/24/21,SELL,289.53,15.47987616
PYPL,7/26/21,SELL,310.22,11.60990712
PYPL,7/29/21,BUY,285,19.3498452
PYPL,8/2/21,BUY,273.76,29.41176471
PYPL,8/31/21,SELL,291.03,24.76780186
PYPL,9/20/21,BUY,270.44,35.13931889
PYPL,9/28/21,BUY,261.75,39.78328173
PYPL,10/4/21,BUY,252.28,51.39318885
PYPL,10/20/21,BUY,257.16,63.62229102
PYPL,10/21/21,BUY,245.89,79.10216718
PYPL,10/27/21,BUY,236.45,100
PYPL,11/8/21,SELL,243.93,86.99690402
PYPL,12/28/21,SELL,190,75.3869969
PYPL,12/29/21,SELL,189.87,67.64705882
PYPL,12/30/21,SELL,191.66,44.42724458
PYPL,12/30/21,SELL,192.12,28.94736842
PYPL,12/30/21,SELL,191.39,24.30340557
PYPL,1/14/22,BUY,180.84,34.36532508
PYPL,2/1/22,SELL,173.77,28.6377709
PYPL,2/2/22,BUY,131.73,34.52012384
PYPL,2/3/22,BUY,127.24,45.9752322
PYPL,2/24/22,SELL,103.31,22.75541796
PYPL,2/24/22,BUY,100.3,45.9752322
PYPL,2/25/22,SELL,108.57,22.75541796
PYPL,2/25/22,BUY,105.293,45.9752322
PYPL,3/9/22,SELL,100.35,39.78328173
PYPL,3/29/22,SELL,118.75,26.625387
PYPL,4/5/22,SELL,123.05,12.69349845
PYPL,4/6/22,BUY,113.05,25.85139319
PYPL,5/5/22,BUY,85.04,40.24767802
PYPL,5/10/22,BUY,77.31,54.95356037
PYPL,6/24/22,SELL,78.3,36.37770898
PYPL,7/21/22,SELL,82.24,0
PYPL,11/29/22,BUY,78.18,15.47987616
PYPL,12/5/22,BUY,74,30.95975232
PYPL,12/6/22,BUY,72.82,49.53560372
PYPL,12/13/22,SELL,74.81,34.05572755
PYPL,12/13/22,SELL,76.62,18.57585139
PYPL,12/14/22,BUY,73.52,34.05572755
PYPL,12/14/22,BUY,71.79,53.40557276
PYPL,12/16/22,BUY,69.14,71.98142415
PYPL,12/29/22,SELL,69.96,56.50154799
PYPL,1/3/23,SELL,74.08,37.92569659
PYPL,1/3/23,SELL,72.44,22.44582043
PYPL,1/4/23,SELL,76.74,6.965944272
PYPL,3/13/23,BUY,72.61,23.83900929
PYPL,5/9/23,BUY,66.28,42.41486068
PYPL,5/9/23,BUY,67.929,73.374613
PYPL,7/27/23,SELL,74.6,63.3126935
PYPL,7/31/23,SELL,76.76,53.25077399
PYPL,8/3/23,BUY,65.35,68.73065015
PYPL,8/11/23,BUY,61.989,99.69040248
PYPL,11/15/23,SELL,57.51,81.11455108
PYPL,11/28/23,SELL,57.51,64.86068111
PYPL,1/5/24,SELL,60.06,58.66873065
PYPL,1/8/24,SELL,60.32,43.18885449
PYPL,1/25/24,BUY,62.35,78.32817337
PYPL,2/7/24,SELL,68.8,62.84829721
PYPL,2/8/24,BUY,58.27,78.32817337
PYPL,2/8/24,BUY,56.06,93.80804954
PYPL,2/28/24,SELL,60.442,64.55108359
PYPL,3/13/24,SELL,62.43,41.33126935
PYPL,4/30/24,SELL,71.11,25.85139319
PYPL,6/14/24,BUY,60.77,69.96904025
PYPL,7/30/24,SELL,61.71,54.48916409
PYPL,7/30/24,SELL,63.41,40.55727554
PYPL,7/30/24,SELL,63.66,35.75851393
PYPL,8/21/24,SELL,72.75,30.6501548
PYPL,8/27/24,SELL,71.48,15.17027864
PYPL,8/29/24,SELL,73.345,7.430340557
PYPL,12/20/24,BUY,84.91,13.62229102
PYPL,1/17/25,SELL,90.91,13.00309598
PYPL,1/30/25,BUY,90,13.77708978
PYPL,2/3/25,BUY,86.5,14.55108359
PYPL,2/12/25,BUY,75.44,15.3250774
PYPL,2/18/25,BUY,77.71,19.50464396
PYPL,2/19/25,BUY,77.71,23.68421053
PYPL,2/19/25,BUY,78.219,35.85448916
PYPL,2/21/25,BUY,76.23,40.18885449
PYPL,2/21/25,BUY,74.88,44.52321981
PYPL,2/26/25,BUY,73.09,48.85758514
PYPL,2/26/25,BUY,72.34,53.19195046
PYPL,3/24/25,SELL,71.06,43.90402477
PYPL,3/28/25,BUY,67.28,48.54798762
PYPL,3/28/25,BUY,66.97,53.34674923
PYPL,3/28/25,BUY,66.05,58.14551084
PYPL,3/28/25,BUY,65.13,62.94427245
PYPL,3/31/25,BUY,64,67.89783282
PYPL,3/31/25,SELL,65.155,54.17956656
PYPL,4/14/25,SELL,64,48.60681115
PYPL,4/15/25,SELL,62.35,15.47987616
PYPL,4/16/25,SELL,61.091,0
PYPL,4/22/25,BUY,61.29,23.21981424
PYPL,5/7/25,SELL,68.37,17.95665635
PYPL,5/27/25,SELL,71.571,2.476780186
PYPL,8/19/25,SELL,69.715,0.309597523
PYPL,8/27/25,BUY,69.295,21.98142415
PYPL,9/10/25,BUY,65.31,26.78018576
PYPL,9/24/25,SELL,67.57,2.012383901
PYPL,9/29/25,SELL,67.84,0.464396285
PYPL,1/12/26,SELL,57.56,0
QCOM,10/29/25,BUY,181.19,39.84063745
QCOM,11/4/25,BUY,172.51,49.80079681
QCOM,11/17/25,BUY,172.51,53.78486056
QCOM,11/25/25,BUY,162.9,81.67330677
QCOM,11/25/25,BUY,162.89,90.43824701
QCOM,12/1/25,SELL,168.21,84.06374502
QCOM,12/3/25,SELL,172.51,77.68924303
QCOM,12/5/25,SELL,176.8,71.31474104
QCOM,12/10/25,SELL,182.92,67.33067729
QCOM,12/17/25,BUY,172.51,74.50199203
QCOM,12/19/25,SELL,176.8,68.52589641
QCOM,1/5/26,SELL,176.8,58.56573705
QCOM,1/6/26,SELL,182.92,54.58167331
QCOM,1/12/26,BUY,172.51,60.55776892
QCOM,1/13/26,BUY,166.92,68.52589641
QCOM,1/13/26,BUY,165.35,76.89243028
QCOM,1/14/26,BUY,162.89,81.67330677
QCOM,1/27/26,BUY,154.3,90.83665339
QCOM,2/3/26,BUY,146.51,100
QCOM,2/10/26,SELL,140.09,88.04780876
QCOM,2/11/26,SELL,140.01,48.20717131
QCOM,2/11/26,BUY,140.38,68.12749004
QCOM,2/13/26,SELL,140.39,58.16733068
QCOM,2/13/26,SELL,141.235,10.35856574
QCOM,2/26/26,SELL,146.51,3.187250996
QCOM,3/12/26,BUY,131.8,13.54581673
QCOM,3/26/26,SELL,131.8,5.577689243
QCOM,4/13/26,SELL,131.8,0
QCOM,4/17/26,SELL,136.09,-5.577689243
QCOM,5/4/26,BUY,168.81,0.796812749
QCOM,5/6/26,SELL,196.03,0
R3NK.DE,4/2/24,BUY,35.76,1.477347341
R3NK.DE,4/4/24,BUY,34.615,3.118844386
R3NK.DE,4/5/24,BUY,31.939,9.684832567
R3NK.DE,4/5/24,BUY,30.67,21.17531188
R3NK.DE,4/8/24,BUY,32.84,29.38279711
R3NK.DE,4/9/24,BUY,28.72,35.94878529
R3NK.DE,4/10/24,BUY,30,44.15627052
R3NK.DE,4/18/24,BUY,27.2,48.26001313
R3NK.DE,5/2/24,BUY,26.87,61.39198949
R3NK.DE,5/3/24,SELL,28.38,58.43729481
R3NK.DE,5/7/24,SELL,29.8,56.30334865
R3NK.DE,5/8/24,BUY,28.34,58.92974393
R3NK.DE,5/9/24,SELL,29.75,53.02035456
R3NK.DE,5/9/24,BUY,28.958,56.46749836
R3NK.DE,5/14/24,BUY,27.38,61.19500985
R3NK.DE,5/14/24,BUY,27.68,71.04399212
R3NK.DE,5/17/24,BUY,25.405,75.47603414
R3NK.DE,5/20/24,SELL,26.5,72.19304005
R3NK.DE,5/20/24,BUY,25.825,73.8345371
R3NK.DE,6/12/24,SELL,25.3,72.35718976
R3NK.DE,6/18/24,SELL,26.43,71.29021668
R3NK.DE,6/19/24,SELL,26.43,68.25344714
R3NK.DE,6/21/24,SELL,27.48,64.97045305
R3NK.DE,6/27/24,BUY,25.56,69.07419567
R3NK.DE,7/2/24,SELL,26.65,64.14970453
R3NK.DE,7/16/24,SELL,26.971,58.96257387
R3NK.DE,7/18/24,BUY,25.11,67.17005909
R3NK.DE,7/19/24,BUY,24.6,70.45305318
R3NK.DE,8/13/24,SELL,26.82,60.60407091
R3NK.DE,8/15/24,BUY,25.15,67.17005909
R3NK.DE,8/19/24,BUY,24.34,72.09455023
R3NK.DE,8/27/24,SELL,25.645,67.17005909
R3NK.DE,8/28/24,SELL,26.816,60.60407091
R3NK.DE,9/10/24,BUY,23.65,67.17005909
R3NK.DE,9/11/24,BUY,22.64,75.37754432
R3NK.DE,10/1/24,BUY,22.06,81.9435325
R3NK.DE,10/2/24,BUY,21.57,86.86802364
R3NK.DE,10/10/24,BUY,18.83,100
R3NK.DE,10/24/24,SELL,19.54,93.30269206
R3NK.DE,10/29/24,SELL,19.371,83.45370978
R3NK.DE,11/7/24,SELL,19.364,73.60472751
R3NK.DE,11/13/24,SELL,20.845,63.75574524
R3NK.DE,11/22/24,SELL,20.366,52.26526592
R3NK.DE,11/26/24,BUY,19.008,58.8312541
R3NK.DE,12/2/24,SELL,20.24,52.62639527
R3NK.DE,1/8/25,SELL,20.55,44.41891005
R3NK.DE,2/11/25,SELL,24.536,41.13591596
R3NK.DE,2/17/25,SELL,28.475,37.85292186
R3NK.DE,2/19/25,BUY,29.72,38.69008536
R3NK.DE,2/20/25,BUY,28.95,39.52724885
R3NK.DE,2/21/25,BUY,28.1,40.36441234
R3NK.DE,2/21/25,BUY,27.5,41.20157584
R3NK.DE,2/24/25,SELL,28.95,40.70912672
R3NK.DE,2/26/25,SELL,30.79,39.87196323
R3NK.DE,3/3/25,SELL,35.24,38.23046619
R3NK.DE,3/3/25,SELL,34.148,37.08141825
R3NK.DE,3/4/25,SELL,39.275,33.79842416
R3NK.DE,3/14/25,SELL,39.63,32.32107682
R3NK.DE,3/17/25,SELL,43.03,30.84372948
R3NK.DE,3/17/25,SELL,43.76,27.56073539
R3NK.DE,3/18/25,SELL,47.8,26.73998687
R3NK.DE,3/18/25,SELL,48.36,24.1135916
R3NK.DE,3/20/25,BUY,40.85,24.88509521
R3NK.DE,3/26/25,SELL,44.785,24.01510177
R3NK.DE,4/8/25,SELL,43.7,22.53775443
R3NK.DE,4/15/25,SELL,50.64,21.2245568
R3NK.DE,4/23/25,BUY,46.335,24.50755089
R3NK.DE,4/24/25,SELL,49.205,21.2245568
R3NK.DE,4/29/25,SELL,51.57,19.58305975
R3NK.DE,5/15/25,SELL,56.04,17.94156271
R3NK.DE,5/16/25,SELL,60.95,16.30006566
R3NK.DE,5/20/25,SELL,65.9,14.98686802
R3NK.DE,5/21/25,SELL,69.53,13.67367039
R3NK.DE,5/26/25,SELL,71.56,12.68877216
R3NK.DE,5/27/25,SELL,73.92,11.86802364
R3NK.DE,6/2/25,SELL,80.44,9.40577807
R3NK.DE,6/2/25,SELL,83.52,8.092580433
R3NK.DE,6/2/25,SELL,85.41,6.779382797
R3NK.DE,6/2/25,SELL,82.21,5.466185161
R3NK.DE,6/3/25,SELL,84.72,4.809586343
R3NK.DE,6/5/25,BUY,80.09,6.122783979
R3NK.DE,6/6/25,BUY,79.43,7.764281024
R3NK.DE,6/6/25,BUY,74.76,9.40577807
R3NK.DE,6/10/25,BUY,70.65,10.22652659
R3NK.DE,6/10/25,BUY,67.35,11.04727511
R3NK.DE,6/24/25,BUY,64.08,12.68877216
R3NK.DE,6/25/25,BUY,64.49,14.98686802
R3NK.DE,6/25/25,BUY,64.49,13.83782009
R3NK.DE,6/26/25,SELL,67,14.33026921
R3NK.DE,7/2/25,BUY,63,14.82271832
R3NK.DE,7/8/25,SELL,69.28,13.83782009
R3NK.DE,7/9/25,SELL,71,13.47669074
R3NK.DE,7/9/25,SELL,72,13.11556139
R3NK.DE,7/11/25,SELL,70.92,11.80236376
R3NK.DE,7/14/25,SELL,74.64,10.81746553
R3NK.DE,7/17/25,BUY,71,11.14576494
R3NK.DE,7/28/25,BUY,67,11.58896914
R3NK.DE,8/7/25,BUY,66.62,12.06500328
R3NK.DE,8/7/25,BUY,63,12.57386737
R3NK.DE,8/7/25,BUY,63,13.06631648
R3NK.DE,8/7/25,BUY,62,13.55876559
R3NK.DE,8/8/25,BUY,61,14.21536441
R3NK.DE,8/8/25,BUY,60,14.70781353
R3NK.DE,8/15/25,BUY,60.26,15.24950755
R3NK.DE,8/19/25,BUY,59.59,15.80761655
R3NK.DE,8/19/25,BUY,57.52,16.36572554
R3NK.DE,8/19/25,BUY,56.6,16.85817466
R3NK.DE,8/29/25,SELL,63.21,16.28365069
R3NK.DE,9/1/25,SELL,64.87,14.97045305
R3NK.DE,9/1/25,SELL,66.62,14.42875903
R3NK.DE,9/8/25,SELL,68.79,13.83782009
R3NK.DE,9/11/25,SELL,70.55,13.32895601
R3NK.DE,9/15/25,SELL,72.33,12.82009192
R3NK.DE,9/18/25,BUY,68.8,13.65725542
R3NK.DE,9/22/25,SELL,73.68,12.50820749
R3NK.DE,9/24/25,SELL,74.81,11.95009849
R3NK.DE,9/24/25,SELL,77.38,10.30860144
R3NK.DE,9/30/25,SELL,87.17,9.40577807
R3NK.DE,10/7/25,BUY,82.65,11.53972423
R3NK.DE,10/10/25,BUY,76.86,13.67367039
R3NK.DE,10/14/25,BUY,71.51,16.30006566
R3NK.DE,10/15/25,BUY,66.92,19.58305975
R3NK.DE,11/18/25,BUY,63.7,21.88115561
R3NK.DE,11/20/25,BUY,55.87,23.52265266
R3NK.DE,11/21/25,BUY,53.02,25.1641497
R3NK.DE,12/8/25,SELL,54.98,24.40906106
R3NK.DE,12/8/25,SELL,55.71,23.62114248
R3NK.DE,12/9/25,SELL,57.01,22.8332239
R3NK.DE,12/9/25,SELL,57.52,22.06172029
R3NK.DE,12/12/25,BUY,53.9,23.1122784
R3NK.DE,12/15/25,BUY,52.68,24.16283651
R3NK.DE,1/5/26,SELL,57,23.04661852
R3NK.DE,1/5/26,SELL,57,21.76625082
R3NK.DE,1/5/26,SELL,57,20.28890348
R3NK.DE,1/5/26,SELL,57,19.5009849
R3NK.DE,1/5/26,SELL,57,18.71306632
R3NK.DE,1/5/26,SELL,58.5,17.95797768
R3NK.DE,1/5/26,SELL,59.58,17.20288903
R3NK.DE,1/6/26,SELL,61.38,16.48063033
R3NK.DE,1/8/26,SELL,63.1,15.79120158
R3NK.DE,1/8/26,SELL,64.24,14.97045305
R3NK.DE,1/12/26,SELL,66.63,14.46158897
R3NK.DE,1/14/26,BUY,60.8,15.11818779
R3NK.DE,1/15/26,BUY,60.26,16.10308601
R3NK.DE,1/22/26,BUY,57.52,16.84175968
R3NK.DE,1/26/26,BUY,58.5,17.82665791
R3NK.DE,1/26/26,BUY,56.74,18.81155614
R3NK.DE,1/29/26,BUY,56.2,19.79645437
R3NK.DE,1/29/26,BUY,55.66,20.78135259
R3NK.DE,1/29/26,BUY,54.98,21.76625082
R3NK.DE,1/30/26,BUY,53.9,22.76756402
R3NK.DE,2/4/26,BUY,51.72,23.85095207
R3NK.DE,2/5/26,BUY,50.38,24.93434012
R3NK.DE,2/6/26,SELL,56.37,23.78529219
R3NK.DE,2/9/26,SELL,57.5,22.47209455
R3NK.DE,2/10/26,SELL,58.53,20.99474721
R3NK.DE,2/13/26,SELL,58.5,20.27248851
R3NK.DE,2/18/26,SELL,59.56,19.04136573
R3NK.DE,2/18/26,SELL,60.26,18.31910703
R3NK.DE,2/18/26,SELL,60.8,17.58043336
R3NK.DE,2/18/26,SELL,61.34,16.97307945
R3NK.DE,3/2/26,SELL,61.21,16.25082075
R3NK.DE,3/2/26,SELL,60.95,15.52856205
R3NK.DE,3/2/26,SELL,61.49,14.80630335
R3NK.DE,3/5/26,BUY,54.98,15.79120158
R3NK.DE,3/5/26,BUY,53.9,16.79251477
R3NK.DE,3/5/26,BUY,52.68,17.81024294
R3NK.DE,3/9/26,SELL,55.66,17.20288903
R3NK.DE,3/10/26,SELL,56.39,16.56270519
R3NK.DE,3/11/26,BUY,53.9,17.39986868
R3NK.DE,3/12/26,SELL,56.74,16.75968483
R3NK.DE,3/17/26,SELL,56.75,16.02101116
R3NK.DE,3/18/26,SELL,57.52,15.38082731
R3NK.DE,3/19/26,BUY,53.9,16.28365069
R3NK.DE,3/20/26,BUY,52.68,17.20288903
R3NK.DE,3/23/26,BUY,50.05,18.25344714
R3NK.DE,3/23/26,BUY,50.05,19.30400525
R3NK.DE,3/23/26,BUY,50.05,20.35456336
R3NK.DE,3/23/26,BUY,49.54,21.40512147
R3NK.DE,4/1/26,SELL,54.98,20.53512804
R3NK.DE,4/1/26,SELL,55.56,19.13985555
R3NK.DE,4/8/26,SELL,55.01,18.36835194
R3NK.DE,4/8/26,SELL,55.83,17.58043336
R3NK.DE,4/8/26,SELL,56.39,16.71043992
R3NK.DE,4/8/26,SELL,56.75,16.0538411
R3NK.DE,4/8/26,BUY,55.22,17.69533815
R3NK.DE,4/10/26,BUY,51.72,18.79514117
R3NK.DE,4/10/26,BUY,51.06,19.89494419
R3NK.DE,4/17/26,SELL,55.66,19.10702561
R3NK.DE,4/21/26,SELL,56.39,18.31910703
R3NK.DE,4/21/26,SELL,56.74,17.53118844
R3NK.DE,4/21/26,SELL,57.52,16.66119501
R3NK.DE,4/24/26,BUY,54.35,17.97439265
R3NK.DE,5/6/26,SELL,56.83,17.20288903
R3NK.DE,5/7/26,BUY,51.72,18.25344714
R3NK.DE,5/8/26,BUY,50.38,19.35325016
R3NK.DE,5/8/26,BUY,49.54,20.45305318
R3NK.DE,5/8/26,BUY,48.11,21.5528562
R3NK.DE,5/11/26,BUY,46.24,22.65265923
RHM.DE,6/24/24,BUY,497.7,13.79310345
RHM.DE,6/24/24,BUY,501,34.48275862
RHM.DE,6/25/24,BUY,492,75.86206897
RHM.DE,7/4/24,SELL,511.52,65.51724138
RHM.DE,7/15/24,SELL,515.2,51.72413793
RHM.DE,7/17/24,BUY,485.9,72.4137931
RHM.DE,7/25/24,BUY,474.6,93.10344828
RHM.DE,7/26/24,SELL,489.3,79.31034483
RHM.DE,8/9/24,SELL,515.4,65.51724138
RHM.DE,8/9/24,SELL,531.2,51.72413793
RHM.DE,8/12/24,SELL,549.2,37.93103448
RHM.DE,8/14/24,SELL,558.6,31.03448276
RHM.DE,8/15/24,SELL,562,24.13793103
RHM.DE,8/20/24,BUY,537,51.72413793
RHM.DE,8/28/24,SELL,544.4,37.93103448
RHM.DE,9/2/24,BUY,523.8,51.72413793
RHM.DE,10/9/24,BUY,494.4,72.4137931
RHM.DE,10/10/24,BUY,481.9,100
RHM.DE,10/21/24,SELL,492,91.03448276
RHM.DE,10/30/24,BUY,488.6,94.48275862
RHM.DE,11/7/24,SELL,536.2,80.68965517
RHM.DE,11/7/24,SELL,512.6,71.03448276
RHM.DE,11/12/24,SELL,567.6,57.24137931
RHM.DE,11/22/24,SELL,608,43.44827586
RHM.DE,11/25/24,SELL,622.8,29.65517241
RHM.DE,12/9/24,BUY,630.2,43.44827586
RHM.DE,12/9/24,BUY,624.6,64.13793103
RHM.DE,12/9/24,BUY,614,84.82758621
RHM.DE,1/8/25,SELL,647.8,77.24137931
RHM.DE,1/16/25,SELL,684.2,66.89655172
RHM.DE,1/24/25,SELL,737.2,60
RHM.DE,2/13/25,SELL,752.2,53.10344828
RHM.DE,2/14/25,SELL,801.6,46.20689655
RHM.DE,2/17/25,SELL,903,40.68965517
RHM.DE,2/17/25,SELL,900,40
RHM.DE,2/18/25,SELL,952.4,36.55172414
RHM.DE,2/21/25,BUY,884.6,37.93103448
RHM.DE,2/21/25,BUY,899.8,51.72413793
RHM.DE,2/24/25,SELL,950.6,48.27586207
RHM.DE,2/24/25,SELL,928.6,46.89655172
RHM.DE,2/24/25,SELL,928.6,45.51724138
RHM.DE,2/24/25,SELL,930,44.13793103
RHM.DE,2/24/25,SELL,938.6,42.75862069
RHM.DE,2/24/25,SELL,952.2,41.37931034
RHM.DE,2/24/25,SELL,953,40
RHM.DE,2/25/25,SELL,978.8,35.17241379
RHM.DE,2/27/25,SELL,991.4,28.96551724
RHM.DE,2/28/25,SELL,1009.5,27.5862069
RHM.DE,2/28/25,SELL,1022.5,26.20689655
RHM.DE,2/28/25,SELL,1034.5,24.82758621
RHM.DE,2/28/25,SELL,1052,23.44827586
RHM.DE,3/3/25,SELL,1160,22.06896552
RHM.DE,3/5/25,SELL,1191,20
RHM.DE,3/10/25,BUY,1121.5,26.89655172
RHM.DE,3/10/25,BUY,1073,28.27586207
RHM.DE,3/11/25,SELL,1161,22.75862069
RHM.DE,3/12/25,SELL,1235,21.37931034
RHM.DE,3/14/25,SELL,1343,20
RHM.DE,3/18/25,SELL,1447,17.24137931
RHM.DE,4/23/25,BUY,1372.5,22.06896552
RHM.DE,4/29/25,SELL,1376.5,21.37931034
RHM.DE,4/29/25,SELL,1401,18.62068966
RHM.DE,4/29/25,SELL,1418.5,17.24137931
RHM.DE,4/30/25,SELL,1475.5,15.86206897
RHM.DE,5/2/25,SELL,1559,14.48275862
RHM.DE,5/12/25,BUY,1582.5,16.55172414
RHM.DE,5/12/25,SELL,1633.5,14.48275862
RHM.DE,5/15/25,SELL,1676.5,13.79310345
RHM.DE,5/16/25,SELL,1720.5,12.4137931
RHM.DE,5/21/25,SELL,1785,9.655172414
RHM.DE,5/27/25,SELL,1883,8.275862069
RHM.DE,6/2/25,SELL,1919,7.586206897
RHM.DE,6/3/25,BUY,1822.5,8.965517241
RHM.DE,6/6/25,BUY,1807,11.03448276
RHM.DE,6/10/25,BUY,1711.5,11.72413793
RHM.DE,6/11/25,BUY,1682,13.79310345
RHM.DE,6/12/25,SELL,1770.5,13.10344828
RHM.DE,6/24/25,BUY,1692,15.86206897
RHM.DE,6/25/25,BUY,1698,17.93103448
RHM.DE,6/25/25,BUY,1693.5,20
RHM.DE,6/26/25,SELL,1844,17.24137931
RHM.DE,6/27/25,BUY,1769.5,19.31034483
RHM.DE,7/1/25,SELL,1798,18.62068966
RHM.DE,7/1/25,SELL,1798,17.24137931
RHM.DE,7/1/25,BUY,1768.5,18.62068966
RHM.DE,7/1/25,BUY,1747.5,19.31034483
RHM.DE,7/8/25,SELL,1829,17.93103448
RHM.DE,7/22/25,BUY,1735.5,18.62068966
RHM.DE,7/28/25,BUY,1709,20.68965517
RHM.DE,8/7/25,BUY,1645,21.37931034
RHM.DE,8/8/25,BUY,1635.5,22.06896552
RHM.DE,8/12/25,BUY,1548.5,23.44827586
RHM.DE,8/15/25,BUY,1579,24.13793103
RHM.DE,8/18/25,SELL,1625,22.75862069
RHM.DE,9/1/25,SELL,1735.75,21.37931034
RHM.DE,9/15/25,SELL,1906,18.62068966
RHM.DE,9/15/25,SELL,1916.5,17.24137931
RHM.DE,9/15/25,SELL,1935,16.55172414
RHM.DE,9/24/25,SELL,1978.5,15.86206897
RHM.DE,9/29/25,SELL,1989,14.48275862
RHM.DE,10/6/25,BUY,1959.5,15.86206897
RHM.DE,10/6/25,BUY,1892.5,16.55172414
RHM.DE,10/6/25,BUY,1921.5,20
RHM.DE,10/7/25,BUY,1862.5,20.68965517
RHM.DE,10/7/25,BUY,1876,25.51724138
RHM.DE,10/15/25,BUY,1792,28.96551724
RHM.DE,10/17/25,BUY,1681.5,30.34482759
RHM.DE,10/17/25,BUY,1648,32.4137931
RHM.DE,11/19/25,BUY,1648,33.79310345
RHM.DE,12/1/25,BUY,1423,35.17241379
RHM.DE,12/8/25,SELL,1579,33.79310345
RHM.DE,12/9/25,SELL,1648.5,32.4137931
RHM.DE,12/16/25,BUY,1500.5,34.48275862
RHM.DE,1/2/26,SELL,1579,31.72413793
RHM.DE,1/5/26,SELL,1648,30.34482759
RHM.DE,1/5/26,SELL,1736.5,28.96551724
RHM.DE,1/7/26,SELL,1796,27.5862069
RHM.DE,1/8/26,SELL,1862,26.20689655
RHM.DE,1/8/26,SELL,1892,24.82758621
RHM.DE,1/12/26,SELL,1935,24.13793103
RHM.DE,1/22/26,BUY,1797,24.82758621
RHM.DE,1/29/26,BUY,1796,26.20689655
RHM.DE,2/2/26,BUY,1736,27.5862069
RHM.DE,2/5/26,BUY,1553.5,31.72413793
RHM.DE,2/9/26,SELL,1647.5,31.03448276
RHM.DE,2/18/26,SELL,1648.5,28.96551724
RHM.DE,2/19/26,SELL,1736,27.5862069
RHM.DE,3/3/26,BUY,1579,28.96551724
RHM.DE,3/3/26,BUY,1587,34.48275862
RHM.DE,3/10/26,SELL,1648,32.4137931
RHM.DE,3/11/26,BUY,1579,33.79310345
RHM.DE,3/11/26,BUY,1560.5,35.86206897
RHM.DE,3/11/26,BUY,1531,37.24137931
RHM.DE,3/13/26,SELL,1615,35.86206897
RHM.DE,3/18/26,SELL,1647.5,33.10344828
RHM.DE,3/20/26,BUY,1515.5,35.17241379
RHM.DE,3/23/26,BUY,1461.5,36.55172414
RHM.DE,3/27/26,BUY,1376,37.93103448
RHM.DE,4/1/26,SELL,1491.5,35.86206897
RHM.DE,4/1/26,SELL,1515.5,34.48275862
RHM.DE,4/1/26,SELL,1581.5,31.03448276
RHM.DE,4/8/26,BUY,1576,34.48275862
RHM.DE,4/15/26,SELL,1515.4,32.4137931
RHM.DE,4/21/26,BUY,1452,33.79310345
RHM.DE,4/23/26,BUY,1407.4,35.17241379
RHM.DE,4/24/26,BUY,1363,36.55172414
RHM.DE,5/5/26,SELL,1407.6,35.17241379
RHM.DE,5/5/26,SELL,1414.2,33.79310345
RHM.DE,5/6/26,SELL,1452.4,32.4137931
RHM.DE,5/7/26,BUY,1339.2,34.48275862
RHM.DE,5/8/26,BUY,1308,35.86206897
RHM.DE,5/8/26,BUY,1259.2,37.93103448
RHM.DE,5/8/26,BUY,1219.4,40
ROG.SW,1/15/21,BUY,316.65,33.33333333
ROG.SW,4/29/21,BUY,300.3,58.33333333
ROG.SW,5/21/21,SELL,309,45.83333333
ROG.SW,6/7/21,SELL,323.65,38.33333333
ROG.SW,6/10/21,SELL,341.7,17.5
ROG.SW,6/29/21,SELL,359.7,0
ROG.SW,10/20/21,BUY,354.8,48.33333333
ROG.SW,11/23/21,BUY,358.65,72.5
ROG.SW,12/6/21,SELL,369.5,25
ROG.SW,1/13/22,BUY,364.75,72.5
ROG.SW,3/24/22,SELL,371.25,24.16666667
ROG.SW,5/4/22,BUY,353.35,49.16666667
ROG.SW,5/24/22,SELL,326.95,24.16666667
ROG.SW,11/23/22,BUY,304.7,45.83333333
ROG.SW,12/5/22,BUY,307.65,66.66666667
ROG.SW,12/7/22,BUY,302.3,95.83333333
ROG.SW,12/13/22,SELL,305.2,75
ROG.SW,12/15/22,BUY,302.55,100
ROG.SW,5/10/24,SELL,224.1,79.16666667
ROG.SW,5/16/24,SELL,236.3,58.33333333
ROG.SW,6/6/24,SELL,237,25
ROG.SW,6/13/24,SELL,243.5,0
RYAAY,7/27/22,SELL,71.86,-10.81081081
RYAAY,7/29/22,SELL,74.23,-23.51351351
RYAAY,8/2/22,BUY,71.82,-14.05405405
RYAAY,8/8/22,SELL,74.86,-16.08108108
RYAAY,8/10/22,SELL,74.86,-27.56756757
RYAAY,8/15/22,SELL,76.51,-38.37837838
RYAAY,8/19/22,BUY,72.65,-27.56756757
RYAAY,8/22/22,BUY,70.38,-22.97297297
RYAAY,8/30/22,BUY,70.8,-12.16216216
RYAAY,9/2/22,SELL,73.74,-22.97297297
RYAAY,9/14/22,BUY,70.2,-12.16216216
RYAAY,9/16/22,BUY,66.31,0
RYAAY,10/4/22,SELL,61.9574,-15.54054054
RYAAY,10/4/22,SELL,63.89,-32.43243243
RYAAY,10/7/22,BUY,59.68,-16.21621622
RYAAY,10/11/22,BUY,57.69,0
RYAAY,10/13/22,SELL,59.71,-21.62162162
RYAAY,10/14/22,SELL,61.4,-35.13513514
RYAAY,10/18/22,SELL,63.4,-48.64864865
RYAAY,10/21/22,BUY,61.29,-35.13513514
RYAAY,10/25/22,SELL,65.45,-53.37837838
RYAAY,10/31/22,SELL,68.36,-66.89189189
RYAAY,12/28/22,BUY,73.84,-55.40540541
RYAAY,12/29/22,SELL,75.22,-68.91891892
RYAAY,1/4/23,SELL,77.36,-83.78378378
RYAAY,1/4/23,SELL,79.28,-100
RYAAY,2/10/23,BUY,92.29,-86.48648649
RYAAY,2/21/23,BUY,92.96,-74.32432432
RYAAY,2/21/23,BUY,91.87,-63.51351351
RYAAY,2/24/23,BUY,90.28,-50
RYAAY,3/13/23,BUY,90.36,-38.51351351
RYAAY,3/15/23,BUY,87.19,-22.2972973
RYAAY,8/14/23,BUY,99.48,-8.783783784
RYAAY,10/23/23,BUY,90.51,-4.054054054
RYAAY,4/12/24,BUY,144.72,0
SAF.PA,6/12/25,BUY,257.4,17.41293532
SAF.PA,6/18/25,SELL,261.8,12.43781095
SAF.PA,6/26/25,SELL,265.8,6.965174129
SAF.PA,6/27/25,SELL,269.3,1.492537313
SAF.PA,9/2/25,BUY,280.5,6.467661692
SAF.PA,9/4/25,BUY,280.7,7.462686567
SAF.PA,9/5/25,BUY,280.6,12.43781095
SAF.PA,9/18/25,SELL,286.2,8.457711443
SAF.PA,9/25/25,BUY,289.7,11.44278607
SAF.PA,10/14/25,BUY,295.4,14.92537313
SAF.PA,11/18/25,BUY,299.4,17.41293532
SAF.PA,11/25/25,BUY,286.8,22.88557214
SAF.PA,11/25/25,BUY,286.2,28.85572139
SAF.PA,12/11/25,BUY,289.7,34.82587065
SAF.PA,12/19/25,SELL,304.5,30.34825871
SAF.PA,1/2/26,SELL,299.3,25.87064677
SAF.PA,1/2/26,SELL,304.5,18.4079602
SAF.PA,1/5/26,SELL,313.6,14.4278607
SAF.PA,1/7/26,SELL,316.4,10.94527363
SAF.PA,1/9/26,BUY,316.5,20.89552239
SAF.PA,1/9/26,BUY,313.7,25.87064677
SAF.PA,1/13/26,SELL,329,21.89054726
SAF.PA,1/19/26,BUY,316.5,27.86069652
SAF.PA,1/20/26,BUY,313.7,35.82089552
SAF.PA,1/22/26,BUY,310.2,38.80597015
SAF.PA,1/27/26,SELL,310.2,34.82587065
SAF.PA,1/28/26,BUY,304.5,39.80099502
SAF.PA,1/29/26,BUY,299.4,45.27363184
SAF.PA,2/2/26,BUY,295.5,51.24378109
SAF.PA,2/9/26,SELL,315.2,44.7761194
SAF.PA,2/10/26,BUY,310.2,48.75621891
SAF.PA,2/13/26,SELL,317,43.78109453
SAF.PA,2/13/26,SELL,321.1,36.31840796
SAF.PA,2/18/26,SELL,346.7,30.34825871
SAF.PA,3/3/26,BUY,323.4,34.82587065
SAF.PA,3/3/26,BUY,319.3,39.80099502
SAF.PA,3/5/26,BUY,316.6,49.75124378
SAF.PA,3/9/26,BUY,307.2,58.20895522
SAF.PA,3/9/26,SELL,310.6,45.77114428
SAF.PA,3/9/26,SELL,313.8,35.82089552
SAF.PA,3/12/26,BUY,304.5,44.7761194
SAF.PA,3/19/26,BUY,299.4,50.24875622
SAF.PA,3/20/26,BUY,286.2,56.21890547
SAF.PA,3/20/26,BUY,280.6,62.18905473
SAF.PA,3/23/26,BUY,274.2,68.15920398
SAF.PA,4/1/26,SELL,290,63.1840796
SAF.PA,4/2/26,BUY,285.6,69.15422886
SAF.PA,4/8/26,SELL,296.3,63.1840796
SAF.PA,4/8/26,SELL,299.4,56.21890547
SAF.PA,4/8/26,SELL,311.1,51.74129353
SAF.PA,4/8/26,SELL,313.6,47.26368159
SAF.PA,4/8/26,SELL,316.4,42.28855721
SAF.PA,4/15/26,BUY,310.2,46.76616915
SAF.PA,4/16/26,BUY,304.5,50.74626866
SAF.PA,4/16/26,BUY,299.4,55.72139303
SAF.PA,4/17/26,SELL,319.3,51.74129353
SAF.PA,4/21/26,BUY,292.5,57.21393035
SAF.PA,4/21/26,BUY,295.3,62.68656716
SAF.PA,4/21/26,BUY,289.7,68.15920398
SAF.PA,4/21/26,BUY,286.2,75.62189055
SAF.PA,4/22/26,BUY,280.5,81.5920398
SAF.PA,4/22/26,BUY,274.2,87.56218905
SAF.PA,4/24/26,BUY,269.2,93.53233831
SAF.PA,4/30/26,BUY,264.1,100
SAF.PA,5/6/26,SELL,295.3,95.52238806
SAF.PA,5/6/26,SELL,304,91.04477612
SAP.DE,1/15/21,BUY,103.52,22.27171492
SAP.DE,7/7/21,SELL,122.12,15.59020045
SAP.DE,9/20/21,BUY,119.92,31.62583519
SAP.DE,10/1/21,BUY,115.5,48.32962138
SAP.DE,10/28/21,SELL,126.52,32.96213808
SAP.DE,11/12/21,BUY,123.72,44.98886414
SAP.DE,11/23/21,BUY,120.56,62.80623608
SAP.DE,11/24/21,BUY,117.26,79.73273942
SAP.DE,12/7/21,SELL,119.92,71.4922049
SAP.DE,12/13/21,SELL,122.82,50.77951002
SAP.DE,1/6/22,BUY,121.12,69.71046771
SAP.DE,2/28/22,BUY,100.04,89.30957684
SAP.DE,3/2/22,SELL,101.48,69.71046771
SAP.DE,6/10/22,BUY,90.81,93.31848552
SAP.DE,7/20/22,SELL,90.49,75.50111359
SAP.DE,7/22/22,SELL,93.53,55.45657016
SAP.DE,10/14/22,SELL,88.86,21.82628062
SAP.DE,7/21/23,BUY,119.82,36.74832962
SAP.DE,8/23/23,SELL,129,21.15812918
SAP.DE,9/12/23,BUY,126.76,35.18930958
SAP.DE,10/19/23,SELL,129.1,26.94877506
SAP.DE,11/9/23,SELL,133.68,12.47216036
SAP.DE,11/14/23,SELL,135.94,7.795100223
SAP.DE,11/14/23,SELL,147.54,3.118040089
SAP.DE,11/14/23,BUY,147.04,7.795100223
SAP.DE,12/21/23,BUY,137.06,48.77505568
SAP.DE,1/12/24,SELL,144.5,44.54342984
SAP.DE,1/16/24,SELL,144.5,35.41202673
SAP.DE,1/25/24,SELL,161.5,27.83964365
SAP.DE,2/6/24,SELL,165.82,12.24944321
SAP.DE,3/12/24,SELL,177,11.13585746
SAP.DE,3/27/24,SELL,183,10.46770601
SAP.DE,5/7/24,SELL,174.02,9.799554566
SAP.DE,5/17/24,BUY,174.72,35.63474388
SAP.DE,5/30/24,BUY,171.26,61.02449889
SAP.DE,6/6/24,SELL,176.44,51.89309577
SAP.DE,6/12/24,SELL,181.38,40.08908686
SAP.DE,7/23/24,SELL,197.6,26.72605791
SAP.DE,8/14/24,SELL,192.26,15.59020045
SAP.DE,10/22/24,SELL,221.65,2.227171492
SAP.DE,2/19/25,SELL,283.25,-1.781737194
SAP.DE,2/19/25,BUY,277.55,60.21158129
SAP.DE,2/20/25,SELL,278.05,44.62138085
SAP.DE,2/20/25,BUY,275.3,45.51224944
SAP.DE,2/21/25,SELL,275.9,44.17594655
SAP.DE,2/21/25,BUY,273.3,45.06681514
SAP.DE,2/25/25,SELL,275.3,43.73051225
SAP.DE,2/25/25,BUY,270,44.62138085
SAP.DE,2/26/25,SELL,274.4,43.28507795
SAP.DE,2/26/25,SELL,275.3,41.94877506
SAP.DE,2/28/25,BUY,265.15,43.28507795
SAP.DE,3/10/25,BUY,253,45.51224944
SAP.DE,3/18/25,SELL,247,34.37639198
SAP.DE,3/24/25,SELL,254.35,33.04008909
SAP.DE,3/24/25,SELL,256.3,31.48106904
SAP.DE,3/24/25,SELL,256.3,30.14476615
SAP.DE,3/25/25,SELL,258.9,28.5857461
SAP.DE,3/25/25,SELL,258.9,27.24944321
SAP.DE,3/25/25,SELL,258.9,25.24498886
SAP.DE,3/31/25,BUY,242.9,27.24944321
SAP.DE,4/22/25,BUY,215.9,33.93095768
SAP.DE,4/29/25,SELL,256.35,31.92650334
SAP.DE,5/2/25,SELL,258.9,29.922049
SAP.DE,5/2/25,SELL,261.5,27.69487751
SAP.DE,5/2/25,SELL,265.2,25.46770601
SAP.DE,6/4/25,SELL,270.1,23.24053452
SAP.DE,6/5/25,SELL,273.3,16.55902004
SAP.DE,8/22/25,BUY,231.15,18.34075724
SAP.DE,9/2/25,BUY,231.6,21.23608018
SAP.DE,9/3/25,BUY,230.9,24.13140312
SAP.DE,9/5/25,BUY,231.15,27.69487751
SAP.DE,9/10/25,BUY,223.8,31.03563474
SAP.DE,9/15/25,BUY,211.8,39.94432071
SAP.DE,9/25/25,BUY,223.85,43.5077951
SAP.DE,10/23/25,BUY,236,54.64365256
SAP.DE,10/23/25,BUY,232.15,59.09799555
SAP.DE,10/28/25,BUY,233.8,72.4610245
SAP.DE,10/28/25,BUY,234.5,74.83296214
SAP.DE,10/29/25,BUY,224.7,85.9688196
SAP.DE,12/4/25,SELL,212,80.40089087
SAP.DE,12/15/25,BUY,208.6,83.74164811
SAP.DE,1/2/26,BUY,201.3,87.52783964
SAP.DE,1/9/26,SELL,212,83.07349666
SAP.DE,1/16/26,BUY,201.35,86.19153675
SAP.DE,1/26/26,SELL,201.45,82.40534521
SAP.DE,2/4/26,BUY,160.04,93.54120267
SAP.DE,2/9/26,SELL,174.92,86.8596882
SAP.DE,2/13/26,SELL,173.78,81.29175947
SAP.DE,2/26/26,SELL,173.78,76.83741648
SAP.DE,3/10/26,SELL,173.78,59.02004454
SAP.DE,3/10/26,BUY,168.12,76.83741648
SAP.DE,3/18/26,BUY,162.06,85.74610245
SAP.DE,3/24/26,BUY,149.76,90.42316258
SAP.DE,3/26/26,SELL,168.07,84.85523385
SAP.DE,3/31/26,BUY,171.015,90.42316258
SAP.DE,4/17/26,SELL,155.34,87.08240535
SAP.DE,4/22/26,BUY,150.14,90.86859688
SAP.DE,4/23/26,BUY,144.3,95.32293987
SAP.DE,5/8/26,BUY,146.5,100
SBUX,1/15/21,SELL,102.33,-37.68545994
SBUX,2/23/21,BUY,101.41,-25.81602374
SBUX,8/19/21,BUY,114.29,-13.20474777
SBUX,9/30/21,BUY,110.31,-3.560830861
SBUX,10/29/21,BUY,105.19,8.308605341
SBUX,11/19/21,BUY,110.11,35.0148368
SBUX,12/7/21,SELL,116.31,10.23738872
SBUX,12/17/21,BUY,109.82,36.49851632
SBUX,12/29/21,SELL,116.86,20.02967359
SBUX,1/5/22,BUY,112.07,46.14243323
SBUX,1/10/22,BUY,106.81,69.28783383
SBUX,1/10/22,BUY,104.72,100
SBUX,3/9/22,SELL,87.06,89.61424332
SBUX,5/3/22,SELL,77.94,70.3264095
SBUX,5/4/22,SELL,78.48,61.42433234
SBUX,5/4/22,SELL,79.12,26.40949555
SBUX,5/17/22,SELL,73.16,14.83679525
SBUX,5/27/22,SELL,76.62,0
SCL,3/20/26,BUY,40.46,28.21316614
SCL,3/26/26,BUY,44.8,53.29153605
SCL,3/30/26,SELL,47.4,28.21316614
SCL,4/2/26,BUY,42.54,53.29153605
SCL,4/8/26,BUY,41.885,78.9968652
SCL,4/8/26,SELL,51.33,61.12852665
SCL,4/8/26,BUY,51.42,92.47648903
SCL,4/15/26,SELL,51.13,78.9968652
SCL,4/17/26,BUY,42.49,100
SCL,5/4/26,SELL,48.995,96.86520376
SCL,5/6/26,SELL,51.07,80.2507837
SFGYY,10/6/25,SELL,4.81,-1.734104046
SFGYY,10/8/25,SELL,4.97,-100
SHEL,6/13/22,BUY,56.29,31.11111111
SHEL,7/1/22,BUY,50.35,66.66666667
SHEL,7/5/22,BUY,49.68,100
SHEL,7/29/22,SELL,53.16,68.88888889
SHEL,4/3/23,SELL,60.44,42.22222222
SHEL,6/20/23,SELL,60.05,0
SHOP,5/31/22,SELL,36.928,-11.60541586
SHOP,5/31/22,SELL,36.866,-23.21083172
SHOP,6/1/22,BUY,36.272,-11.60541586
SHOP,6/2/22,SELL,39.877,-23.21083172
SHOP,6/3/22,BUY,36.824,-11.60541586
SHOP,6/7/22,SELL,37.636,-23.21083172
SHOP,6/10/22,BUY,35.372,-11.60541586
SHOP,6/13/22,BUY,32.434,0
SHOP,6/15/22,SELL,31.4,-9.671179884
SHOP,6/15/22,SELL,32.837,-21.27659574
SHOP,6/16/22,BUY,30.338,-9.671179884
SHOP,6/17/22,SELL,31.957,-21.27659574
SHOP,6/21/22,SELL,32.879,-30.56092843
SHOP,6/23/22,SELL,34.868,-40.23210832
SHOP,6/24/22,SELL,37.141,-51.83752418
SHOP,6/28/22,BUY,35.161,-44.10058027
SHOP,6/29/22,BUY,33.7,-34.81624758
SHOP,6/29/22,BUY,32.55,-25.3384913
SHOP,6/30/22,BUY,31.05,-15.35783366
SHOP,7/5/22,BUY,30.21,-7.736943907
SHOP,7/8/22,SELL,35.62,-15.86073501
SHOP,7/11/22,BUY,32.18,-8.123791103
SHOP,7/13/22,BUY,31.31,0
SHOP,7/18/22,SELL,32.87,-7.930367505
SHOP,7/19/22,SELL,34.22,-16.24758221
SHOP,7/20/22,SELL,35.32,-24.9516441
SHOP,7/20/22,SELL,36.42,-36.94390716
SHOP,7/25/22,BUY,35.26,-28.43326886
SHOP,7/26/22,BUY,34.16,-18.76208897
SHOP,7/26/22,BUY,31.61,-11.02514507
SHOP,7/27/22,SELL,32.78,-17.40812379
SHOP,7/27/22,BUY,30.48,-6.382978723
SHOP,7/27/22,SELL,34.14,-12.57253385
SHOP,7/29/22,SELL,36.58,-19.92263056
SHOP,7/29/22,BUY,34.05,-13.73307544
SHOP,8/1/22,SELL,37.14,-24.37137331
SHOP,8/2/22,SELL,38.97,-35.58994197
SHOP,8/9/22,BUY,36.32,-23.98452611
SHOP,8/10/22,SELL,40.39,-34.42940039
SHOP,8/17/22,BUY,37.69,-25.91876209
SHOP,8/19/22,BUY,34.24,-14.31334623
SHOP,8/22/22,BUY,32.86,-7.930367505
SHOP,8/30/22,BUY,30.55,0
SHOP,9/9/22,SELL,34.13,-6.189555126
SHOP,9/19/22,BUY,31.06,0
SHOP,10/3/22,SELL,27.2717,-19.34235977
SHOP,10/3/22,SELL,28.12,-28.62669246
SHOP,10/4/22,SELL,29.42,-43.32688588
SHOP,10/4/22,SELL,30.78,-58.4139265
SHOP,10/7/22,BUY,29.8321,-43.71373308
SHOP,10/7/22,BUY,28.48,-31.33462282
SHOP,10/7/22,BUY,27.31,-18.18181818
SHOP,10/10/22,BUY,26.51,-3.675048356
SHOP,10/11/22,SELL,25.9848,-14.11992263
SHOP,10/13/22,BUY,25.06,-3.675048356
SHOP,10/13/22,SELL,24.46,-17.21470019
SHOP,10/13/22,SELL,25.05,-28.04642166
SHOP,10/14/22,SELL,26.41,-38.87814313
SHOP,10/17/22,SELL,27.51,-50.48355899
SHOP,10/18/22,SELL,28.84,-61.31528046
SHOP,10/18/22,SELL,29.42,-72.14700193
SHOP,10/25/22,SELL,30.07,-95.35783366
SHOP,11/4/22,BUY,33.33,-89.55512573
SHOP,11/4/22,BUY,31.33,-74.8549323
SHOP,11/10/22,SELL,33.94,-88.39458414
SHOP,11/10/22,SELL,34.75,-100
SHOP,11/17/22,BUY,37.74,-89.74854932
SHOP,11/18/22,BUY,36.42,-79.11025145
SHOP,11/21/22,BUY,34.96,-68.08510638
SHOP,11/22/22,BUY,34.42,-56.86653772
SHOP,11/28/22,SELL,37.85,-63.82978723
SHOP,11/30/22,SELL,40.67,-71.17988395
SHOP,12/5/22,BUY,40.54,-63.44294004
SHOP,12/6/22,BUY,38.995,-57.64023211
SHOP,12/8/22,BUY,37.32,-49.12959381
SHOP,12/13/22,SELL,40.62,-56.86653772
SHOP,12/14/22,BUY,38.12,-48.35589942
SHOP,12/14/22,BUY,38.53,-38.68471954
SHOP,12/15/22,BUY,36.44,-30.94777563
SHOP,12/16/22,BUY,35.42,-22.43713733
SHOP,12/27/22,BUY,33.04,-15.47388781
SHOP,12/29/22,SELL,35.08,-24.37137331
SHOP,1/4/23,SELL,36.86,-32.10831721
SHOP,1/6/23,BUY,35.14,-24.37137331
SHOP,1/17/23,SELL,39.52,-32.10831721
SHOP,1/20/23,BUY,38.5988,-16.6344294
SHOP,1/23/23,SELL,42.16,-24.37137331
SHOP,1/24/23,SELL,44.89,-31.33462282
SHOP,2/3/23,SELL,53.19,-37.71760155
SHOP,2/9/23,BUY,50.38,-27.65957447
SHOP,2/13/23,BUY,48.565,-19.53578337
SHOP,2/17/23,BUY,43.09,-12.37911025
SHOP,2/21/23,BUY,41.2761,-6.576402321
SHOP,2/21/23,BUY,41.3893,0
SNAP,5/13/22,SELL,24.77,-9.174311927
SNAP,5/19/22,SELL,23.1913,-18.34862385
SNAP,5/20/22,BUY,22.61,-9.174311927
SNAP,5/24/22,BUY,13.78,0
SNAP,6/15/22,SELL,12.5,-12.2324159
SNAP,6/21/22,SELL,13.18,-21.40672783
SNAP,6/22/22,SELL,13.24,-39.14373089
SNAP,6/27/22,SELL,15.22,-52.90519878
SNAP,7/7/22,SELL,15.02,-65.13761468
SNAP,7/11/22,BUY,14.22,-52.90519878
SNAP,7/20/22,SELL,14.3821,-67.27828746
SNAP,7/20/22,SELL,14.72,-83.48623853
SNAP,7/21/22,BUY,12.97,-74.31192661
SNAP,7/21/22,BUY,12.24,-65.13761468
SNAP,7/22/22,BUY,11.69,-52.90519878
SNAP,7/22/22,BUY,10.73,-37.6146789
SNAP,7/28/22,BUY,9.42,-20.03058104
SNAP,8/10/22,SELL,10.66,-41.52905199
SNAP,8/15/22,SELL,12.24,-53.76146789
SNAP,8/22/22,BUY,11.11,-41.52905199
SNAP,8/30/22,BUY,10.24,-20.03058104
SNAP,8/30/22,BUY,9.68,0
SNAP,9/8/22,SELL,12.59,-15.29051988
SNAP,9/21/22,BUY,10.88,0
SNAP,10/4/22,SELL,10.1677,-23.54740061
SNAP,10/4/22,SELL,10.69,-48.01223242
SNAP,10/6/22,SELL,11.29,-73.39449541
SNAP,10/7/22,BUY,10.76,-48.92966361
SNAP,10/11/22,BUY,10.21,-24.4648318
SNAP,10/13/22,SELL,10.08,-39.75535168
SNAP,10/13/22,BUY,9.74,-15.29051988
SNAP,10/14/22,SELL,10.65,-38.22629969
SNAP,10/14/22,SELL,10.89,-64.22018349
SNAP,10/14/22,BUY,10.12,-48.92966361
SNAP,10/18/22,SELL,10.8714,-61.16207951
SNAP,10/20/22,BUY,10.02,-45.87155963
SNAP,10/20/22,SELL,11.44,-61.16207951
SNAP,10/20/22,BUY,8,-36.69724771
SNAP,10/25/22,SELL,9.19,-58.10397554
SNAP,10/31/22,SELL,10.14,-79.51070336
SNAP,11/4/22,BUY,9.18,-64.22018349
SNAP,11/11/22,SELL,11.64,-85.62691131
SNAP,11/21/22,BUY,10.3,-70.33639144
SNAP,12/1/22,SELL,10.61,-91.74311927
SNAP,12/6/22,BUY,9.94,-76.45259939
SNAP,12/15/22,BUY,8.728,-36.69724771
SNAP,12/29/22,SELL,8.88,-55.04587156
SNAP,1/6/23,SELL,9.38,-74.00611621
SNAP,1/9/23,BUY,9.12,-49.5412844
SNAP,1/27/23,SELL,10.62,-69.41896024
SNAP,2/2/23,SELL,11.31,-100
SNAP,2/13/23,BUY,10.74,-87.7675841
SNAP,2/21/23,BUY,10.11,-70.94801223
SNAP,3/6/23,SELL,11.62,-92.35474006
SNAP,3/10/23,BUY,10.3879,-61.77370031
SNAP,3/14/23,BUY,10.2458,-31.19266055
SNAP,3/21/23,BUY,10.8,0
SNDK,2/21/25,SELL,46.51,-0.311542056
SNDK,2/21/25,BUY,48.29,100
SNDK,4/9/25,SELL,35.71,67.28971963
SNDK,5/8/25,SELL,37.52,34.57943925
SNDK,5/12/25,SELL,39.7,1.869158879
SNDK,5/12/25,SELL,41.5,-30.8411215
SNDK,5/12/25,BUY,41.24,15.88785047
SNDK,5/20/25,BUY,38.48,19.1588785
SNDK,5/27/25,SELL,38.065,5.140186916
SNDK,8/6/25,SELL,42.19,0
SNDK,8/8/25,SELL,44.81,-5.140186916
SNDK,8/8/25,BUY,44.7,0
SONY,3/21/24,BUY,17.882,33.33333333
SONY,3/25/24,BUY,17.178,66.66666667
SONY,4/29/24,BUY,16.56,100
SONY,6/6/24,SELL,17.402,65.66666667
SONY,7/10/24,SELL,18.508,47.33333333
SONY,7/11/24,SELL,18.884,29
SONY,2/10/25,SELL,22.58,23.8
SONY,2/13/25,SELL,23.49,18.6
SONY,2/13/25,SELL,23.49,13.4
SONY,2/13/25,SELL,23.49,8.2
SONY,2/13/25,SELL,23.49,3
SONY,2/14/25,SELL,24.032,-2.066666667
SONY,2/14/25,SELL,24.035,-7.133333333
SONY,2/18/25,SELL,24.622,-16.86666667
SONY,2/18/25,SELL,24.81,-21.73333333
SONY,2/21/25,SELL,25.25,-26.46666667
SONY,2/25/25,SELL,25.045,-31.2
SONY,2/27/25,BUY,25,-12.26666667
SONY,2/28/25,BUY,24.79,-6.6
SONY,3/3/25,BUY,24.68,5.666666667
SONY,3/4/25,BUY,24.01,8.466666667
SONY,3/4/25,BUY,23.85,11.33333333
SONY,3/4/25,BUY,24.01,14.26666667
SONY,3/7/25,BUY,24.07,20.06666667
SONY,3/7/25,BUY,23.85,25.86666667
SONY,3/10/25,BUY,23.2,31.66666667
SONY,3/10/25,BUY,23.2,34.86666667
SONY,3/10/25,BUY,23.04,40.66666667
SONY,3/10/25,BUY,22.63,62.4
SONY,3/18/25,BUY,24.25,66.26666667
SONY,3/18/25,SELL,24.615,46.26666667
SONY,3/19/25,SELL,24.68,41.86666667
SONY,3/19/25,SELL,25,37.66666667
SONY,3/27/25,SELL,25.71,32.53333333
SONY,5/29/25,SELL,26.9,2.533333333
SONY,9/2/25,BUY,26.71,3.333333333
SONY,9/16/25,BUY,28.78,6
SONY,9/19/25,BUY,29.438,8.533333333
SONY,9/24/25,BUY,29.2,11.53333333
SONY,9/30/25,BUY,28.705,24.86666667
SONY,10/2/25,BUY,28.07,51.53333333
SONY,10/2/25,BUY,28,64.33333333
SONY,10/6/25,SELL,30.083,31
SONY,10/6/25,SELL,30.095,11
SONY,10/7/25,BUY,29.905,37.66666667
SONY,10/10/25,BUY,28.96,45.8
SONY,10/10/25,BUY,28.78,53.93333333
SONY,10/13/25,SELL,28.795,33.93333333
SONY,10/13/25,SELL,28.785,27.26666667
SONY,10/13/25,SELL,28.895,1.933333333
SONY,11/17/25,BUY,29.21,5.533333333
SONY,11/18/25,BUY,28.63,9.933333333
SONY,11/20/25,BUY,28,16.46666667
SONY,11/24/25,SELL,28.895,3.133333333
SONY,11/28/25,BUY,29.26,11.13333333
SONY,12/1/25,BUY,28.66,16.86666667
SONY,12/5/25,BUY,28,23.8
SONY,12/10/25,BUY,26.77,32.46666667
SONY,12/17/25,BUY,25.95,40.8
SONY,12/22/25,BUY,25.2,49.53333333
SONY,12/23/25,SELL,26,44.2
SONY,1/13/26,BUY,24.39,53.06666667
SONY,1/20/26,BUY,23.65,62.13333333
SONY,1/27/26,BUY,22.65,71.66666667
SONY,2/5/26,BUY,21.43,81.93333333
SONY,2/10/26,SELL,22.68,76
SONY,2/13/26,SELL,23.19,59.33333333
SONY,2/26/26,SELL,22.65,52.66666667
SONY,3/3/26,BUY,21,60.46666667
SONY,3/9/26,SELL,21.51,43.8
SONY,3/11/26,BUY,21.51,51.73333333
SONY,3/18/26,BUY,20.49,62.46666667
SONY,3/31/26,SELL,20.61,54.46666667
SONY,4/7/26,SELL,21.51,44.46666667
SONY,4/8/26,SELL,21.38,0
SONY,4/28/26,BUY,19.98,10.66666667
SSYS,3/4/21,BUY,23.86,18.37270341
SSYS,9/28/21,BUY,21.78,32.80839895
SSYS,10/7/21,SELL,24.04,15.83552056
SSYS,11/4/21,SELL,36.482,11.89851269
SSYS,11/16/21,BUY,32.48,23.22834646
SSYS,11/18/21,BUY,30.05,34.82064742
SSYS,11/22/21,BUY,28.11,46.63167104
SSYS,1/19/22,BUY,22.72,60.62992126
SSYS,2/1/22,SELL,24.24,51.13735783
SSYS,2/9/22,SELL,25.28,39.02012248
SSYS,2/10/22,SELL,27.08,25.85301837
SSYS,3/29/22,SELL,27.28,13.38582677
SSYS,4/28/22,BUY,19.72,31.18985127
SSYS,7/20/22,SELL,19.77,20.25371829
SSYS,11/28/22,BUY,13.98,45.18810149
SSYS,12/5/22,BUY,13.58,71.43482065
SSYS,12/6/22,BUY,13.14,95.49431321
SSYS,1/6/23,SELL,13.42,73.62204724
SSYS,1/17/23,SELL,13.98,49.12510936
SSYS,1/27/23,SELL,14.38,27.25284339
SSYS,2/9/23,BUY,13.76,54.37445319
SSYS,3/9/23,SELL,16.42,27.1216098
SSYS,4/6/23,SELL,15.83,0
SSYS,7/10/23,BUY,19.29,21.87226597
SSYS,7/10/23,BUY,19.12,43.74453193
SSYS,7/11/23,BUY,19.244,56.86789151
SSYS,7/17/23,BUY,20.89,69.99125109
SSYS,7/18/23,SELL,21.49,65.6167979
SSYS,7/19/23,SELL,21.172,48.11898513
SSYS,7/31/23,BUY,19.25,56.86789151
SSYS,8/11/23,BUY,14.915,69.99125109
SSYS,9/6/23,SELL,15.48,69.29133858
SSYS,9/11/23,SELL,15.48,61.24234471
SSYS,12/18/23,SELL,13.11,48.11898513
SSYS,12/26/23,SELL,14.453,32.45844269
SSYS,2/13/24,BUY,12.4,68.32895888
SSYS,2/15/24,SELL,13.68,44.40069991
SSYS,2/20/24,BUY,13,62.55468066
SSYS,3/4/24,BUY,11.84,100
SSYS,3/7/24,SELL,12.45,86.87664042
SSYS,3/14/24,BUY,11.85,98.46894138
SSYS,2/14/25,SELL,11.82,91.90726159
SSYS,2/14/25,SELL,11.89,85.3455818
SSYS,2/18/25,SELL,12.14,78.78390201
SSYS,2/18/25,SELL,12.14,72.35345582
SSYS,2/21/25,SELL,11.655,65.66054243
SSYS,2/21/25,SELL,11.72,58.96762905
SSYS,2/24/25,BUY,10.98,65.66054243
SSYS,3/17/25,SELL,10.24,60.01749781
SSYS,3/20/25,SELL,10.56,58.61767279
SSYS,4/16/25,SELL,9.285,0
T,2/26/21,BUY,28.58,19.82160555
T,5/17/21,SELL,33.76,15.85728444
T,10/11/21,BUY,26.47,38.42087876
T,11/19/21,BUY,24.18,61.74430129
T,12/28/21,SELL,25.12,34.35744962
T,5/16/22,SELL,20.32,18.07069706
T,8/11/23,BUY,14.328,44.49950446
T,4/12/24,BUY,16.39,100
T,4/24/24,SELL,17.27,71.85332012
T,5/16/24,BUY,17.19,90.94813347
T,6/24/24,SELL,18.66,80.93822266
T,8/5/24,SELL,19.37,47.90221341
T,11/22/24,SELL,22.9,31.38420879
T,1/7/25,BUY,22.31,34.02708953
T,1/24/25,SELL,22.77,25.7020152
T,2/19/25,SELL,26.29,23.45556657
T,2/24/25,SELL,26.86,21.20911794
T,2/25/25,SELL,26.94,19.02874133
T,2/27/25,SELL,26.86,16.84836472
T,3/5/25,BUY,25.84,18.43409316
T,3/11/25,BUY,25.84,21.0769739
T,3/12/25,BUY,25.52,22.43145028
T,3/12/25,BUY,25.2,24.05021473
T,3/13/25,SELL,26.29,21.80376611
T,3/17/25,SELL,26.86,19.55731748
T,3/18/25,SELL,26.86,18.00462504
T,3/19/25,SELL,26.86,16.45193261
T,3/28/25,SELL,28.36,13.77601586
T,4/1/25,SELL,28.36,11.10009911
T,4/16/25,SELL,27.635,0
T,4/23/25,SELL,27.8,-8.259002313
T,4/23/25,BUY,28.2,0
T,9/8/25,BUY,28.37,1.123224315
T,10/6/25,SELL,26,0
TKA.DE,10/20/25,BUY,10.22,8.269588588
TKA.DE,10/21/25,BUY,9.38,16.53917718
TKA.DE,11/17/25,SELL,9.46,12.40438288
TKA.DE,11/18/25,BUY,9.12,16.53917718
TKA.DE,11/27/25,SELL,9.46,10.29563779
TKA.DE,12/2/25,SELL,9.46,5.76803804
TKA.DE,12/3/25,BUY,9,13.72751706
TKA.DE,12/9/25,BUY,8.72,21.68699607
TKA.DE,1/2/26,SELL,9.46,16.5185032
TKA.DE,1/2/26,SELL,9.46,11.35001034
TKA.DE,1/5/26,SELL,9.806,7.215216043
TKA.DE,1/7/26,SELL,10.21,1.653917718
TKA.DE,1/12/26,SELL,10.67,-0.330783544
TKA.DE,1/22/26,SELL,10.81,-4.052098408
TKA.DE,1/26/26,BUY,11.23,2.770312177
TKA.DE,1/30/26,BUY,11.12,8.972503618
TKA.DE,2/2/26,BUY,10.885,14.14099649
TKA.DE,2/3/26,SELL,12.02,9.634070705
TKA.DE,2/5/26,BUY,10.8,16.86996072
TKA.DE,2/10/26,SELL,11.79,12.34236097
TKA.DE,2/10/26,SELL,11.9,7.814761216
TKA.DE,2/11/26,SELL,12.18,3.10109572
TKA.DE,2/11/26,SELL,12.39,-1.612569775
TKA.DE,2/12/26,BUY,11.42,3.555923093
TKA.DE,2/12/26,BUY,11.16,10.79181311
TKA.DE,2/13/26,BUY,10.21,20.09510027
TKA.DE,2/20/26,SELL,11.42,15.7949142
TKA.DE,2/26/26,BUY,10.49,22.70002067
TKA.DE,3/2/26,BUY,10.21,29.60512714
TKA.DE,3/3/26,BUY,9.79,40.97581145
TKA.DE,3/3/26,BUY,9.46,48.21170147
TKA.DE,3/9/26,BUY,8.688,58.5486872
TKA.DE,3/9/26,SELL,9,50.27909861
TKA.DE,3/10/26,SELL,9.23,35.80731859
TKA.DE,3/11/26,BUY,9,49.24540004
TKA.DE,3/12/26,BUY,8.72,60.61608435
TKA.DE,3/12/26,BUY,8.26,68.9890428
TKA.DE,3/13/26,BUY,7.84,77.36200124
TKA.DE,3/17/26,SELL,8.26,71.1598098
TKA.DE,3/23/26,BUY,7.29,79.53276824
TKA.DE,3/30/26,BUY,7.5,88.83605541
TKA.DE,3/30/26,BUY,7.29,98.13934257
TKA.DE,4/1/26,SELL,7.85,90.77940872
TKA.DE,4/1/26,BUY,7.84,100
TKA.DE,4/8/26,SELL,8.326,87.59561712
TKA.DE,4/14/26,SELL,8.72,80.81455448
TKA.DE,4/17/26,SELL,9.004,74.03349183
TKA.DE,4/17/26,SELL,9.23,67.25242919
TKA.DE,4/17/26,SELL,9.46,56.91544346
TKA.DE,4/29/26,SELL,9.79,51.74695059
TKA.DE,4/30/26,SELL,10.21,45.66880298
TKA.DE,5/5/26,SELL,10.49,39.92143891
TKA.DE,5/6/26,SELL,11.14,33.20239818
TM,8/8/23,BUY,169.2,10.83521445
TM,8/16/23,BUY,162.74,21.89616253
TM,9/13/23,SELL,182.81,11.06094808
TM,9/21/23,BUY,186.03,20.76749436
TM,9/26/23,BUY,181.21,30.9255079
TM,10/3/23,BUY,173.13,41.08352144
TM,10/12/23,SELL,180.66,38.8261851
TM,11/8/23,BUY,184.42,46.27539503
TM,12/20/23,BUY,179.9,77.42663657
TM,1/10/24,SELL,195.68,67.72009029
TM,1/10/24,SELL,190.3,59.14221219
TM,1/18/24,SELL,200,49.20993228
TM,2/5/24,SELL,203.94,40.63205418
TM,2/6/24,SELL,217.83,27.08803612
TM,3/19/24,SELL,240.5,18.05869074
TM,3/28/24,BUY,251.87,31.15124153
TM,4/2/24,BUY,240.28,56.20767494
TM,4/8/24,SELL,245.1,46.27539503
TM,5/16/24,BUY,216.63,68.3972912
TM,5/30/24,BUY,213.52,93.00225734
TM,8/9/24,BUY,168.46,100
TM,8/28/24,SELL,189.521,77.42663657
TM,9/4/24,BUY,183.92,79.68397291
TM,9/26/24,SELL,190.23,70.88036117
TM,10/3/24,BUY,176.37,74.04063205
TM,11/25/24,SELL,175.698,44.69525959
TM,12/26/24,SELL,195.68,35.89164786
TM,12/26/24,SELL,191.2,27.31376975
TM,2/3/25,BUY,181.36,28.21670429
TM,2/10/25,SELL,185.96,25.95936795
TM,2/14/25,SELL,185.49,23.92776524
TM,2/19/25,BUY,181.3,26.63656885
TM,2/21/25,BUY,179.07,29.34537246
TM,2/26/25,SELL,185.493,27.08803612
TM,2/26/25,SELL,181.36,25.73363431
TM,2/27/25,SELL,185.18,23.47629797
TM,2/27/25,SELL,185.49,21.21896163
TM,3/3/25,SELL,185.49,18.96162528
TM,3/3/25,SELL,188.34,16.70428894
TM,3/4/25,SELL,188.05,12.18961625
TM,3/4/25,SELL,185.49,8.803611738
TM,3/5/25,SELL,190.36,6.772009029
TM,3/7/25,SELL,190.104,4.740406321
TM,3/7/25,SELL,190.12,2.708803612
TM,3/18/25,SELL,190.12,0.677200903
TM,3/19/25,SELL,192.18,-1.58013544
TM,3/19/25,SELL,192.18,-3.611738149
TM,3/24/25,BUY,192.48,0
TM,3/28/25,BUY,180.19,2.257336343
TM,3/28/25,BUY,179.07,4.740406321
TM,3/31/25,BUY,175.75,7.449209932
TM,4/15/25,SELL,175.46,0
TM,9/10/25,BUY,197.69,1.128668172
TM,9/24/25,BUY,197.62,2.708803612
TM,9/30/25,BUY,191.36,3.837471783
TM,10/13/25,SELL,187.65,1.805869074
TM,10/29/25,BUY,207.51,13.09255079
TM,11/5/25,BUY,197.98,16.02708804
TM,11/20/25,BUY,191.36,20.09029345
TM,12/12/25,SELL,207.69,17.38148984
TM,12/15/25,SELL,213.6,16.25282167
TM,12/15/25,SELL,215.73,13.76975169
TM,12/19/25,SELL,218.6,11.28668172
TM,1/6/26,SELL,221.48,8.803611738
TM,1/13/26,SELL,225.58,6.094808126
TM,1/15/26,SELL,235.44,3.611738149
TM,1/28/26,BUY,218.6,6.094808126
TM,1/28/26,BUY,218.77,8.577878104
TM,2/4/26,SELL,238.32,6.094808126
TM,2/4/26,SELL,240.65,3.611738149
TM,2/6/26,SELL,242.97,2.483069977
TM,2/20/26,BUY,234.75,5.643340858
TM,3/5/26,BUY,223.58,8.577878104
TM,3/5/26,BUY,221.48,11.96388262
TM,3/9/26,SELL,218.6,7.449209932
TM,3/13/26,BUY,212.17,11.06094808
TM,3/26/26,SELL,212.17,8.35214447
TM,4/8/26,SELL,215.73,6.094808126
TM,4/17/26,SELL,218.6,3.837471783
TM,4/21/26,BUY,206.18,7.223476298
TM,4/23/26,BUY,197.14,11.06094808
TM,4/29/26,BUY,191.36,14.4469526
TM,5/8/26,BUY,186.71,18.51015801
TSLA,5/13/22,SELL,256.11,-1.81598063
TSLA,5/19/22,SELL,242.55,-2.723970944
TSLA,5/19/22,BUY,236.807,-1.81598063
TSLA,5/19/22,BUY,235.257,-0.907990315
TSLA,5/20/22,SELL,242.14,-1.81598063
TSLA,5/20/22,BUY,219.907,-0.907990315
TSLA,5/26/22,SELL,237.623,-2.360774818
TSLA,5/26/22,SELL,231.08,-3.450363196
TSLA,5/27/22,SELL,252.427,-6.17433414
TSLA,5/27/22,SELL,248.603,-7.082324455
TSLA,6/2/22,SELL,258.837,-9.8062954
TSLA,6/3/22,BUY,235.813,-8.898305085
TSLA,6/3/22,BUY,240.437,-7.082324455
TSLA,6/3/22,BUY,233.937,-4.9031477
TSLA,6/6/22,SELL,245.25,-6.719128329
TSLA,6/6/22,BUY,234.817,-5.811138015
TSLA,6/6/22,BUY,234.92,-3.995157385
TSLA,6/8/22,SELL,243.93,-5.811138015
TSLA,6/8/22,SELL,246.747,-7.082324455
TSLA,6/10/22,BUY,239.29,-6.17433414
TSLA,6/10/22,BUY,235.063,-5.266343826
TSLA,6/13/22,BUY,223,-2.723970944
TSLA,6/14/22,SELL,221.667,-4.539951574
TSLA,6/15/22,SELL,230.667,-6.355932203
TSLA,6/16/22,BUY,212.893,-3.631961259
TSLA,6/21/22,SELL,233.797,-5.629539952
TSLA,6/21/22,SELL,242.32,-7.445520581
TSLA,6/27/22,SELL,248.047,-9.261501211
TSLA,6/28/22,BUY,235.217,-7.445520581
TSLA,6/29/22,BUY,228.22,-5.629539952
TSLA,6/30/22,BUY,220.887,-3.813559322
TSLA,7/1/22,SELL,229.953,-5.629539952
TSLA,7/1/22,BUY,223.317,-3.813559322
TSLA,7/5/22,SELL,228.52,-5.447941889
TSLA,7/5/22,BUY,216.787,-3.450363196
TSLA,7/6/22,SELL,234.107,-5.266343826
TSLA,7/7/22,SELL,241.673,-7.445520581
TSLA,7/7/22,SELL,237.753,-9.443099274
TSLA,7/8/22,SELL,248.57,-12.16707022
TSLA,7/11/22,BUY,233.943,-10.53268765
TSLA,7/11/22,BUY,236.563,-8.353510896
TSLA,7/12/22,BUY,230.323,-6.355932203
TSLA,7/13/22,SELL,234.773,-8.171912833
TSLA,7/13/22,SELL,236.507,-9.987893462
TSLA,7/13/22,SELL,240.28,-11.62227603
TSLA,7/13/22,BUY,238.047,-10.16949153
TSLA,7/13/22,BUY,235.22,-8.353510896
TSLA,7/14/22,SELL,234.67,-10.16949153
TSLA,7/14/22,SELL,237.723,-11.98547215
TSLA,7/14/22,BUY,233.33,-10.16949153
TSLA,7/14/22,BUY,229.773,-7.99031477
TSLA,7/15/22,SELL,239.743,-9.8062954
TSLA,7/18/22,SELL,248.73,-11.80387409
TSLA,7/18/22,SELL,243.743,-13.61985472
TSLA,7/19/22,BUY,237.437,-12.16707022
TSLA,7/20/22,SELL,248.42,-13.61985472
TSLA,8/1/22,BUY,297.06,-12.16707022
TSLA,8/3/22,SELL,309.393,-13.61985472
TSLA,8/5/22,BUY,288.927,-11.98547215
TSLA,8/5/22,BUY,297.083,-9.261501211
TSLA,8/11/22,SELL,295.53,-10.89588378
TSLA,8/16/22,SELL,314.08,-12.34866828
TSLA,8/19/22,BUY,299.04,-10.53268765
TSLA,8/22/22,BUY,289.29,-9.079903148
TSLA,8/22/22,BUY,290.747,-7.445520581
TSLA,8/23/22,SELL,296.873,-8.898305085
TSLA,8/24/22,SELL,303.04,-10.53268765
TSLA,8/26/22,BUY,290.33,-9.624697337
TSLA,8/29/22,BUY,280.88,-7.808716707
TSLA,8/30/22,BUY,276.15,-5.266343826
TSLA,9/20/22,SELL,310.74,-7.082324455
TSLA,9/26/22,BUY,270.39,-5.569007264
TSLA,10/3/22,BUY,248.62,-4.661016949
TSLA,10/3/22,BUY,258.88,-3.450363196
TSLA,10/4/22,SELL,251.46,-5.266343826
TSLA,10/5/22,BUY,239.12,-4.055690073
TSLA,10/7/22,BUY,223.8,-3.026634383
TSLA,10/7/22,BUY,231.06,-1.81598063
TSLA,10/14/22,SELL,225.12,-3.631961259
TSLA,10/14/22,BUY,212.38,-1.81598063
TSLA,10/19/22,SELL,224.61,-3.631961259
TSLA,10/19/22,BUY,212.64,-1.81598063
TSLA,10/21/22,SELL,213.31,-3.631961259
TSLA,10/24/22,SELL,206.56,-5.447941889
TSLA,10/24/22,BUY,205.86,-3.631961259
TSLA,10/24/22,BUY,200.77,-1.81598063
TSLA,10/25/22,SELL,214.02,-3.934624697
TSLA,10/25/22,SELL,222.02,-5.750605327
TSLA,10/26/22,SELL,230.39,-7.566585956
TSLA,10/27/22,BUY,219.68,-5.750605327
TSLA,10/31/22,SELL,228.88,-7.869249395
TSLA,11/1/22,SELL,236.61,-9.685230024
TSLA,11/1/22,BUY,227.38,-7.869249395
TSLA,11/2/22,BUY,224.08,-6.053268765
TSLA,11/2/22,BUY,214.22,-4.237288136
TSLA,11/4/22,SELL,221.53,-6.053268765
TSLA,11/4/22,BUY,212.66,-4.237288136
TSLA,11/4/22,BUY,207.04,-2.421307506
TSLA,11/7/22,BUY,199.14,0
TSLA,11/15/22,SELL,198.33,-2.421307506
TSLA,11/16/22,BUY,186.94,0
TSLA,11/28/22,SELL,187.09,-2.421307506
TSLA,12/1/22,SELL,198.19,-4.842615012
TSLA,12/6/22,BUY,179.94,-2.421307506
TSLA,12/14/22,BUY,160.84,0
TSLA,12/27/22,BUY,112.14,4.237288136
TSLA,12/30/22,BUY,123.08,10.2905569
TSLA,1/3/23,BUY,114.81,14.52784504
TSLA,1/13/23,BUY,116.53,19.37046005
TSLA,1/20/23,BUY,128.94,25.42372881
TSLA,1/23/23,SELL,139.24,20.21791768
TSLA,1/24/23,SELL,146.44,16.58595642
TSLA,1/26/23,SELL,157.22,12.77239709
TSLA,1/27/23,SELL,161.12,9.140435835
TSLA,1/30/23,SELL,178.3,5.508474576
TSLA,1/30/23,BUY,167.91,10.35108959
TSLA,1/31/23,BUY,164.4,12.77239709
TSLA,2/2/23,SELL,194.28,10.04842615
TSLA,2/2/23,SELL,189.68,8.232445521
TSLA,2/9/23,SELL,207.22,5.811138015
TSLA,2/9/23,BUY,203.67,8.837772397
TSLA,2/10/23,BUY,198.75,12.46973366
TSLA,2/15/23,SELL,215.29,9.443099274
TSLA,2/17/23,BUY,202.46,11.86440678
TSLA,2/21/23,BUY,196.42,14.52784504
TSLA,2/27/23,SELL,207.54,12.10653753
TSLA,2/28/23,SELL,212.34,7.869249395
TSLA,3/2/23,BUY,186.71,11.07748184
TSLA,3/8/23,BUY,180.03,13.80145278
TSLA,3/13/23,BUY,165.52,16.82808717
TSLA,3/14/23,SELL,181.77,14.16464891
TSLA,3/21/23,SELL,197.56,9.322033898
TSLA,3/21/23,SELL,187.85,6.779661017
TSLA,3/24/23,BUY,187.86,9.987893462
TSLA,4/3/23,BUY,194.82,12.46973366
TSLA,4/4/23,BUY,190.32,15.01210654
TSLA,4/5/23,BUY,184.99,18.28087167
TSLA,4/11/23,SELL,187.86,14.04358354
TSLA,4/12/23,BUY,185.99,17.07021792
TSLA,4/12/23,BUY,180.87,21.30750605
TSLA,4/20/23,BUY,167.68,100
TSLA,5/5/23,SELL,170.2,90.92009685
TSLA,5/8/23,SELL,170.88,81.8401937
TSLA,5/8/23,SELL,171.58,75.78692494
TSLA,5/8/23,SELL,171.74,72.15496368
TSLA,5/8/23,SELL,171.33,69.1283293
TSLA,5/10/23,SELL,174.06,63.07506053
TSLA,5/10/23,SELL,173.12,58.23244552
TSLA,5/10/23,SELL,172.34,53.99515738
TSLA,5/12/23,SELL,175.64,44.91525424
TSLA,5/12/23,SELL,176.12,38.86198547
TSLA,5/16/23,SELL,167.58,32.80871671
TSLA,5/18/23,SELL,174.13,27.36077482
TSLA,5/19/23,SELL,180.42,23.72881356
TSLA,5/22/23,SELL,183.81,17.67554479
TSLA,5/23/23,SELL,191.08,12.22760291
TSLA,5/30/23,SELL,197.35,9.200968523
TSLA,6/2/23,SELL,212.31,5.569007264
TSLA,6/9/23,SELL,246.94,3.147699758
TSLA,6/13/23,SELL,252.12,1.210653753
TSLA,6/21/23,BUY,259.87,2.421307506
TSLA,6/21/23,BUY,263,4.237288136
TSLA,6/21/23,BUY,258.52,6.658595642
TSLA,6/22/23,SELL,264.44,4.842615012
TSLA,6/22/23,BUY,250.61,5.447941889
TSLA,6/22/23,BUY,249.59,6.658595642
TSLA,6/26/23,BUY,246.38,7.869249395
TSLA,6/28/23,SELL,258.37,6.053268765
TSLA,7/3/23,SELL,275,4.237288136
TSLA,7/3/23,SELL,278,2.421307506
TSLA,7/6/23,BUY,277.01,4.237288136
TSLA,7/10/23,BUY,265.62,6.053268765
TSLA,7/13/23,SELL,278.82,3.631961259
TSLA,7/17/23,BUY,286.9,5.447941889
TSLA,7/18/23,SELL,294.27,1.81598063
TSLA,7/18/23,SELL,292.12,0
TSLA,7/19/23,BUY,282.27,4.237288136
TSLA,7/20/23,BUY,277.01,6.053268765
TSLA,7/20/23,BUY,265.62,7.869249395
TSLA,8/2/23,BUY,254.6,9.685230024
TSLA,8/11/23,BUY,241.216,15.73849879
TSLA,8/14/23,BUY,235.5,17.55447942
TSLA,8/30/23,SELL,259.11,14.52784504
TSLA,9/1/23,BUY,247.85,16.34382567
TSLA,9/11/23,SELL,271.9,14.2251816
TSLA,9/18/23,BUY,266.05,16.04116223
TSLA,9/21/23,BUY,257.1,17.85714286
TSLA,10/4/23,SELL,257.46,16.04116223
TSLA,10/10/23,SELL,265.62,14.2251816
TSLA,10/19/23,BUY,225.82,16.04116223
TSLA,10/23/23,BUY,209.58,17.85714286
TSLA,11/14/23,SELL,237.47,15.31476998
TSLA,11/28/23,SELL,245.45,12.89346247
TSLA,12/18/23,SELL,254.6,10.16949153
TSLA,1/19/24,BUY,210.82,13.19612591
TSLA,1/26/24,BUY,184.48,16.82808717
TSLA,2/9/24,SELL,192.53,11.98547215
TSLA,2/15/24,SELL,200.93,9.624697337
TSLA,2/26/24,SELL,201.57,7.808716707
TSLA,3/12/24,BUY,179.84,12.04600484
TSLA,3/13/24,BUY,174.62,15.07263923
TSLA,3/13/24,BUY,172.86,19.91525424
TSLA,3/22/24,BUY,167.42,24.15254237
TSLA,3/25/24,SELL,173.15,21.12590799
TSLA,3/26/24,SELL,183.12,15.73849879
TSLA,3/26/24,SELL,177.52,13.92251816
TSLA,3/28/24,BUY,176.89,18.76513317
TSLA,4/1/24,BUY,172.54,23.60774818
TSLA,4/2/24,BUY,165.82,29.05569007
TSLA,4/3/24,BUY,163.84,33.29297821
TSLA,4/4/24,SELL,174.24,27.23970944
TSLA,4/4/24,SELL,171.62,24.21307506
TSLA,4/5/24,SELL,170.98,16.04116223
TSLA,4/5/24,BUY,171.5,20.27845036
TSLA,4/5/24,BUY,162.78,25.12106538
TSLA,4/5/24,BUY,168.72,30.56900726
TSLA,4/5/24,BUY,165.88,36.01694915
TSLA,4/8/24,SELL,172.62,31.17433414
TSLA,4/9/24,SELL,177.28,25.72639225
TSLA,4/10/24,BUY,170.86,31.77966102
TSLA,4/16/24,BUY,157.56,37.22760291
TSLA,4/22/24,BUY,139.91,45.0968523
TSLA,4/23/24,SELL,157,37.28813559
TSLA,4/23/24,SELL,162.24,31.8401937
TSLA,4/23/24,SELL,145.368,26.99757869
TSLA,4/24/24,SELL,164.79,23.97094431
TSLA,4/24/24,SELL,165.48,22.15496368
TSLA,4/29/24,SELL,181.3,14.40677966
TSLA,4/29/24,SELL,176.68,7.748184019
TSLA,4/29/24,SELL,191.08,5.93220339
TSLA,4/30/24,BUY,185.5,8.353510896
TSLA,5/7/24,SELL,178,5.508474576
TSLA,5/14/24,SELL,176.12,4.176755448
TSLA,5/15/24,BUY,173.62,7.808716707
TSLA,5/21/24,SELL,184.14,5.084745763
TSLA,5/23/24,BUY,176.35,9.322033898
TSLA,5/23/24,BUY,178.67,14.16464891
TSLA,5/23/24,BUY,173.68,19.00726392
TSLA,6/12/24,SELL,178.63,14.76997579
TSLA,6/13/24,SELL,184.12,9.322033898
TSLA,6/17/24,SELL,187.59,6.900726392
TSLA,6/26/24,SELL,191.18,4.479418886
TSLA,6/28/24,SELL,196.6,3.268765133
TSLA,7/1/24,SELL,206.18,2.05811138
TSLA,7/2/24,SELL,228.885,1.452784504
TSLA,7/5/24,SELL,250.76,0.847457627
TSLA,7/11/24,BUY,243.46,3.87409201
TSLA,7/12/24,SELL,249.11,2.05811138
TSLA,7/12/24,BUY,235.09,3.208232446
TSLA,7/24/24,BUY,221.1,4.479418886
TSLA,7/24/24,BUY,222.46,6.295399516
TSLA,7/24/24,BUY,218.68,9.322033898
TSLA,8/2/24,BUY,213.63,11.7433414
TSLA,8/5/24,BUY,200.85,14.76997579
TSLA,8/6/24,BUY,195.4,19.00726392
TSLA,8/13/24,SELL,206.66,15.98062954
TSLA,8/15/24,SELL,214.74,12.95399516
TSLA,8/23/24,SELL,220.35,8.111380145
TSLA,9/5/24,SELL,225,5.690072639
TSLA,9/5/24,SELL,232.44,3.571428571
TSLA,9/6/24,SELL,229.16,2.360774818
TSLA,9/19/24,SELL,237.47,0.605326877
TSLA,9/19/24,SELL,233.72,0
TSLA,10/4/24,BUY,245.35,3.026634383
TSLA,10/11/24,BUY,219.86,3.571428571
TSLA,10/11/24,BUY,220.76,6.598062954
TSLA,10/23/24,SELL,228.44,4.176755448
TSLA,10/23/24,SELL,237.47,2.966101695
TSLA,10/24/24,SELL,258.24,1.755447942
TSLA,10/25/24,SELL,266.525,0.544794189
TSLA,10/25/24,BUY,256.34,1.755447942
TSLA,10/28/24,BUY,265.72,4.176755448
TSLA,10/29/24,BUY,260.22,7.203389831
TSLA,11/5/24,SELL,252.22,4.782082324
TSLA,11/6/24,SELL,288.83,3.571428571
TSLA,11/7/24,SELL,292.34,1.573849879
TSLA,11/11/24,BUY,347.68,3.995157385
TSLA,11/12/24,SELL,344.18,2.784503632
TSLA,11/12/24,SELL,342.28,2.179176755
TSLA,11/12/24,BUY,340.15,3.995157385
TSLA,11/15/24,SELL,321.24,2.179176755
TSLA,11/15/24,BUY,310.52,2.905569007
TSLA,11/25/24,SELL,358.68,1.089588378
TSLA,11/25/24,BUY,348.15,2.905569007
TSLA,11/27/24,BUY,338.88,5.326876513
TSLA,12/5/24,SELL,367.27,4.11622276
TSLA,12/9/24,BUY,386.14,5.93220339
TSLA,12/10/24,SELL,401.52,4.721549637
TSLA,12/12/24,SELL,426.28,3.510895884
TSLA,12/17/24,SELL,478.23,2.905569007
TSLA,12/18/24,BUY,435.85,4.11622276
TSLA,12/18/24,BUY,459.18,5.93220339
TSLA,12/18/24,BUY,449.38,7.748184019
TSLA,12/18/24,BUY,440.435,9.564164649
TSLA,12/19/24,BUY,439.48,11.38014528
TSLA,12/20/24,SELL,440.7,10.16949153
TSLA,12/24/24,SELL,452.68,8.353510896
TSLA,12/24/24,SELL,460.25,7.142857143
TSLA,12/31/24,BUY,421.25,10.16949153
TSLA,12/31/24,BUY,411.88,13.19612591
TSLA,1/2/25,BUY,388.5,13.2566586
TSLA,1/2/25,BUY,387.67,13.37772397
TSLA,1/8/25,BUY,396.345,17.00968523
TSLA,1/13/25,SELL,410,15.85956416
TSLA,1/14/25,SELL,418.36,12.83292978
TSLA,1/14/25,BUY,405.3,14.64891041
TSLA,1/15/25,SELL,423.62,12.83292978
TSLA,1/17/25,SELL,433.45,10.41162228
TSLA,1/21/25,BUY,418.96,12.83292978
TSLA,1/27/25,BUY,398.52,14.64891041
TSLA,1/29/25,SELL,404.22,11.62227603
TSLA,1/29/25,SELL,389.24,9.200968523
TSLA,1/29/25,SELL,412.72,7.384987893
TSLA,2/5/25,SELL,388.82,4.963680387
TSLA,2/18/25,SELL,359.7,4.782082324
TSLA,2/18/25,SELL,359.74,4.600484262
TSLA,2/18/25,BUY,355.22,4.963680387
TSLA,2/19/25,SELL,366.6,4.721549637
TSLA,2/19/25,SELL,360.91,4.539951574
TSLA,2/19/25,SELL,361.11,4.358353511
TSLA,2/19/25,SELL,361.2,4.176755448
TSLA,2/19/25,SELL,364.16,3.995157385
TSLA,2/25/25,BUY,301.99,4.297820823
TSLA,2/26/25,SELL,308.83,3.08716707
TSLA,2/27/25,SELL,292.03,2.723970944
TSLA,2/28/25,SELL,282.83,2.360774818
TSLA,2/28/25,SELL,286.86,1.997578692
TSLA,2/28/25,SELL,292,1.634382567
TSLA,3/4/25,BUY,270.84,3.147699758
TSLA,3/7/25,SELL,264.72,0.121065375
TSLA,3/7/25,BUY,260,6.17433414
TSLA,3/12/25,SELL,245.885,4.963680387
TSLA,3/19/25,SELL,232.722,2.542372881
TSLA,3/24/25,SELL,268,2.118644068
TSLA,3/24/25,SELL,273.66,1.694915254
TSLA,3/24/25,SELL,281.7,1.271186441
TSLA,3/25/25,SELL,283.44,0.786924939
TSLA,3/31/25,SELL,253.34,0.363196126
TSLA,4/1/25,SELL,268,-0.121065375
TSLA,4/1/25,BUY,263.15,0
TSLA,4/2/26,BUY,371.95,1.089588378
TSLA,4/2/26,BUY,363.77,1.634382567
TSLA,4/6/26,BUY,355.28,2.179176755
TSLA,4/6/26,BUY,348.26,2.723970944
TSLA,4/14/26,SELL,363.13,2.360774818
TSLA,4/14/26,SELL,366.64,1.997578692
TSLA,4/15/26,SELL,371.64,1.573849879
TSLA,4/15/26,SELL,378,1.210653753
TSLA,4/15/26,SELL,385.02,0.786924939
TSLA,4/15/26,SELL,389.36,0.423728814
TSLA,4/15/26,SELL,392.87,0.060532688
TSLA,4/17/26,SELL,401.37,0
TSLA,4/20/26,BUY,389.28,1.210653753
TSLA,4/22/26,SELL,402.24,0.907990315
TSLA,4/23/26,BUY,375,1.513317191
TSLA,4/27/26,BUY,366.64,2.239709443
TSLA,5/4/26,BUY,385.02,2.663438257
TSLA,5/5/26,SELL,401.37,2.239709443
TSLA,5/7/26,SELL,407.74,1.876513317
TSLA,5/8/26,SELL,430.45,1.452784504
TSLA,5/11/26,SELL,444.51,1.02905569
TTR1.DE,5/23/25,BUY,18.85,10.59322034
TTR1.DE,5/26/25,BUY,18.45,29.13135593
TTR1.DE,6/2/25,BUY,18.85,39.72457627
TTR1.DE,6/30/25,BUY,21.716,55.61440678
TTR1.DE,7/8/25,SELL,24.6,50.63559322
TTR1.DE,7/8/25,SELL,25.2,45.65677966
TTR1.DE,7/21/25,SELL,24.5,40.5720339
TTR1.DE,7/21/25,SELL,25.2,35.48728814
TTR1.DE,8/4/25,BUY,22.8,51.37711864
TTR1.DE,8/13/25,SELL,24.5,46.18644068
TTR1.DE,8/15/25,SELL,24.6,41.15466102
TTR1.DE,8/18/25,SELL,25.1,35.96398305
TTR1.DE,8/18/25,SELL,25.2,30.93220339
TTR1.DE,8/29/25,SELL,25.8,26.00635593
TTR1.DE,9/1/25,SELL,26.7,21.08050847
TTR1.DE,9/10/25,SELL,25.8,16.36652542
TTR1.DE,9/15/25,SELL,26.7,11.65254237
TTR1.DE,9/16/25,BUY,25.9,26.48305085
TTR1.DE,9/18/25,SELL,27.8,21.55720339
TTR1.DE,9/22/25,SELL,28.6,16.94915254
TTR1.DE,9/23/25,SELL,29.1,12.5529661
TTR1.DE,9/26/25,SELL,29.5,9.322033898
TTR1.DE,11/3/25,SELL,36.4,8.368644068
TTR1.DE,11/5/25,BUY,33.6,29.55508475
TTR1.DE,11/14/25,BUY,31.8,33.15677966
TTR1.DE,11/14/25,BUY,31.1,38.77118644
TTR1.DE,11/18/25,BUY,33.3,52.01271186
TTR1.DE,11/18/25,BUY,30.4,57.62711864
TTR1.DE,11/26/25,SELL,33.2,53.49576271
TTR1.DE,11/27/25,SELL,33.8,49.36440678
TTR1.DE,11/28/25,SELL,34.4,45.70974576
TTR1.DE,11/28/25,SELL,34.8,40.94279661
TTR1.DE,12/2/25,BUY,32.5,44.27966102
TTR1.DE,12/10/25,BUY,32.8,47.45762712
TTR1.DE,12/10/25,BUY,32.5,50.79449153
TTR1.DE,12/10/25,BUY,32.2,56.3559322
TTR1.DE,12/16/25,BUY,31.8,59.90466102
TTR1.DE,12/17/25,SELL,33.2,56.72669492
TTR1.DE,12/18/25,BUY,31.1,62.28813559
TTR1.DE,12/18/25,SELL,32.8,57.52118644
TTR1.DE,12/22/25,SELL,32.8,51.16525424
TTR1.DE,12/23/25,SELL,33.2,46.9279661
TTR1.DE,12/23/25,SELL,33.7,43.22033898
TTR1.DE,12/30/25,SELL,34.4,40.04237288
TTR1.DE,1/5/26,SELL,34.8,36.01694915
TTR1.DE,1/5/26,SELL,35.1,32.36228814
TTR1.DE,1/5/26,SELL,35.4,28.65466102
TTR1.DE,1/12/26,SELL,35.9,24.9470339
TTR1.DE,1/16/26,BUY,34.4,29.71398305
TTR1.DE,1/19/26,BUY,33.8,32.78601695
TTR1.DE,1/19/26,BUY,33.2,39.14194915
TTR1.DE,2/3/26,SELL,35.1,35.16949153
TTR1.DE,2/6/26,BUY,32.8,39.40677966
TTR1.DE,2/11/26,BUY,32.5,44.17372881
TTR1.DE,2/12/26,BUY,31.8,48.35805085
TTR1.DE,2/13/26,SELL,33.2,42.53177966
TTR1.DE,2/16/26,BUY,30.3,47.45762712
TTR1.DE,2/16/26,BUY,30.3,52.48940678
TTR1.DE,2/16/26,BUY,29.9,58.31567797
TTR1.DE,2/19/26,BUY,29.1,64.14194915
TTR1.DE,2/20/26,BUY,26.8,77.38347458
TTR1.DE,2/23/26,BUY,25.4,93.27330508
TTR1.DE,3/3/26,BUY,26.7,100
TTR1.DE,3/9/26,SELL,26,95.12711864
TTR1.DE,3/9/26,SELL,26.1,71.29237288
TTR1.DE,3/10/26,SELL,26.7,52.75423729
TTR1.DE,3/12/26,BUY,25.8,62.07627119
TTR1.DE,3/13/26,BUY,25.2,69.33262712
TTR1.DE,3/18/26,BUY,25.2,77.27754237
TTR1.DE,3/19/26,BUY,24.6,85.75211864
TTR1.DE,3/23/26,BUY,23.8,93.11440678
TTR1.DE,3/24/26,SELL,26.8,79.87288136
TTR1.DE,3/25/26,SELL,28.6,74.73516949
TTR1.DE,3/27/26,BUY,26.7,79.13135593
TTR1.DE,4/1/26,SELL,27.9,72.24576271
TTR1.DE,4/8/26,SELL,27.85,66.41949153
TTR1.DE,4/8/26,SELL,28.6,60.06355932
TTR1.DE,4/9/26,SELL,29.1,55.13771186
TTR1.DE,4/14/26,SELL,29.5,50.26483051
TTR1.DE,4/14/26,SELL,30.6,45.39194915
TTR1.DE,4/14/26,SELL,30.6,40.5190678
TTR1.DE,4/15/26,SELL,31.2,35.64618644
TTR1.DE,4/15/26,SELL,31.7,30.77330508
TTR1.DE,4/15/26,SELL,32.1,25.90042373
TTR1.DE,4/15/26,SELL,32.4,21.02754237
TTR1.DE,4/15/26,SELL,32.7,16.15466102
TTR1.DE,4/15/26,SELL,32.3,11.91737288
TTR1.DE,4/16/26,SELL,32.2,7.786016949
TTR1.DE,5/4/26,SELL,34.4,3.548728814
TTR1.DE,5/6/26,SELL,35.1,0.688559322
TTWO,3/24/21,BUY,170.51,15.35508637
TTWO,5/4/21,BUY,168.48,25.91170825
TTWO,5/18/21,SELL,173.89,20.15355086
TTWO,9/10/21,BUY,153.17,34.54894434
TTWO,9/21/21,BUY,146.34,46.06525912
TTWO,10/8/21,SELL,173.22,33.20537428
TTWO,10/21/21,SELL,176.13,19.38579655
TTWO,10/28/21,SELL,185.68,8.829174664
TTWO,11/15/21,BUY,181.77,23.22456814
TTWO,11/15/21,BUY,178.32,31.0940499
TTWO,11/18/21,BUY,172.86,45.68138196
TTWO,11/22/21,BUY,169.53,60.46065259
TTWO,11/23/21,BUY,163.21,75.62380038
TTWO,11/26/21,SELL,171.04,60.65259117
TTWO,12/9/21,SELL,172.42,47.60076775
TTWO,12/20/21,SELL,179.51,38.77159309
TTWO,12/21/21,SELL,179.51,35.50863724
TTWO,1/6/22,BUY,169.46,50.86372361
TTWO,1/7/22,BUY,162.79,66.21880998
TTWO,1/10/22,BUY,147.24,82.53358925
TTWO,1/10/22,BUY,145.78,100
TTWO,1/18/22,SELL,159.35,83.68522073
TTWO,1/19/22,SELL,163.22,68.33013436
TTWO,2/4/22,SELL,174.07,56.23800384
TTWO,3/9/22,SELL,159.42,48.56046065
TTWO,5/3/22,SELL,122.3627,24.95201536
TTWO,5/17/22,SELL,119.92,18.61804223
TTWO,5/17/22,SELL,120.85,0
TTWO,8/8/22,SELL,116.34,-13.43570058
TTWO,8/8/22,SELL,119.38,-22.07293666
TTWO,8/26/22,SELL,132.39,-45.10556622
TTWO,9/1/22,BUY,119.25,-23.03262956
TTWO,9/9/22,SELL,123.39,-31.66986564
TTWO,9/9/22,SELL,127.53,-43.18618042
TTWO,9/19/22,BUY,119.3453,-20.15355086
TTWO,9/21/22,BUY,119.07,0
TTWO,10/5/22,SELL,117.28,-13.81957774
TTWO,10/7/22,SELL,120.35,-37.81190019
TTWO,10/11/22,BUY,114.74,-23.99232246
TTWO,10/13/22,SELL,113.42,-35.50863724
TTWO,10/14/22,SELL,119.42,-48.94433781
TTWO,10/20/22,SELL,123.96,-60.46065259
TTWO,10/24/22,BUY,121.64,-48.94433781
TTWO,10/27/22,BUY,121.31,-47.2168906
TTWO,10/31/22,BUY,121.31,-37.42802303
TTWO,11/2/22,BUY,113.58,-25.91170825
TTWO,11/4/22,BUY,109.11,-1.919385797
TTWO,11/4/22,BUY,109.84,0
TTWO,11/10/22,SELL,98.42,-15.35508637
TTWO,11/11/22,SELL,103.51,-29.75047985
TTWO,11/17/22,BUY,98.64,-15.35508637
TTWO,12/1/22,SELL,107.24,-28.79078695
TTWO,12/6/22,BUY,102.62,-15.35508637
TTWO,12/13/22,SELL,108.12,-30.71017274
TTWO,12/15/22,BUY,102.69,-15.35508637
TTWO,12/20/22,BUY,97.44,0
TTWO,12/27/22,SELL,100.38,-13.43570058
TTWO,12/29/22,SELL,102.62,-27.83109405
TTWO,1/4/23,SELL,106.36,-43.18618042
TTWO,1/27/23,SELL,114.39,-56.621881
TTWO,2/3/23,BUY,109.57,-44.14587332
TTWO,2/23/23,BUY,109.42,-29.75047985
TTWO,3/24/23,SELL,119.54,-41.26679463
TTWO,8/11/23,BUY,138.78,-27.83109405
TTWO,10/26/23,BUY,134.95,-13.81957774
TTWO,11/2/23,BUY,135.94,0
V,1/15/21,BUY,201.59,45.90984975
V,1/25/21,BUY,198.17,50.91819699
V,2/4/21,SELL,206.28,44.24040067
V,2/23/21,SELL,212.56,40.9015025
V,2/24/21,SELL,218.88,35.89315526
V,3/4/21,SELL,216.37,25.87646077
V,3/8/21,SELL,220.46,17.52921536
V,3/19/21,BUY,208.26,30.05008347
V,3/19/21,BUY,212.18,44.24040067
V,4/1/21,SELL,215.45,39.23205342
V,4/15/21,SELL,224.92,35.05843072
V,4/22/21,SELL,229.39,28.38063439
V,4/27/21,SELL,234.63,21.70283806
V,5/7/21,SELL,233.13,17.52921536
V,5/12/21,BUY,220.71,27.54590985
V,6/8/21,SELL,231.51,21.70283806
V,6/22/21,SELL,236.16,16.69449082
V,7/14/21,SELL,244.38,9.18196995
V,8/19/21,BUY,229.04,16.69449082
V,9/2/21,BUY,227.08,24.20701169
V,9/2/21,BUY,222.46,34.22370618
V,10/15/21,SELL,230.32,22.70450751
V,10/27/21,BUY,216.31,33.55592654
V,10/27/21,BUY,223.61,45.74290484
V,11/3/21,BUY,206.83,58.93155259
V,11/17/21,BUY,203.06,72.28714524
V,11/17/21,BUY,201.28,86.14357262
V,11/22/21,BUY,195.26,100
V,12/7/21,SELL,204.68,86.31051753
V,12/8/21,SELL,208.24,76.96160267
V,12/10/21,SELL,214.22,59.93322204
V,12/28/21,SELL,219.563,52.42070117
V,1/3/22,SELL,221.01,44.07345576
V,1/4/22,SELL,223.31,31.21869783
V,1/4/22,SELL,223.17,23.70617696
V,1/13/22,SELL,217.16,13.18864775
V,1/21/22,BUY,211.61,24.37395659
V,1/21/22,BUY,206.77,40.56761269
V,1/28/22,SELL,223.07,28.38063439
V,2/1/22,SELL,229.29,16.69449082
V,2/2/22,SELL,235.53,4.841402337
V,2/23/22,BUY,217.51,17.02838063
V,3/8/22,BUY,192.85,31.05175292
V,3/29/22,SELL,224.69,26.5442404
V,4/13/22,BUY,207.31,39.89983306
V,4/27/22,SELL,216.89,33.22203673
V,4/28/22,SELL,220.03,20.70116861
V,5/4/22,BUY,213.933,33.22203673
V,5/17/22,SELL,201.25,21.53589316
V,5/23/22,SELL,204.96,17.36227045
V,5/26/22,SELL,209.18,11.51919866
V,7/18/22,SELL,212.68,6.844741235
V,3/6/23,BUY,225.926,12.68781302
V,3/16/23,BUY,213.14,26.04340568
V,5/8/23,SELL,232.355,21.03505843
V,6/30/23,SELL,235.87,15.35893155
V,7/5/23,BUY,234.32,21.20200334
V,9/15/23,BUY,240.18,25.04173623
V,10/10/23,SELL,237.62,22.5375626
V,10/11/23,SELL,237.97,18.19699499
V,10/19/23,BUY,235.87,23.87312187
V,10/24/23,SELL,241.3,19.36560935
V,11/17/23,SELL,250.15,13.52253756
V,1/16/24,SELL,264.5,10.35058431
V,1/25/24,SELL,272.63,7.679465776
V,3/12/24,SELL,283.41,5.676126878
V,4/2/24,BUY,277.82,12.35392321
V,4/23/24,SELL,283.17,8.013355593
V,5/14/24,BUY,277.82,12.02003339
V,5/23/24,BUY,274.2,20.3672788
V,6/28/24,BUY,263.9,26.21035058
V,7/10/24,BUY,261.08,31.21869783
V,7/15/24,SELL,268.68,26.21035058
V,7/15/24,SELL,268.78,21.86978297
V,7/24/24,BUY,256,38.89816361
V,8/1/24,SELL,266.95,34.39065109
V,8/5/24,SELL,260.279,17.69616027
V,8/12/24,BUY,259.59,30.05008347
V,8/16/24,SELL,267.63,25.87646077
V,8/29/24,SELL,275,21.53589316
V,9/3/24,SELL,278.34,13.18864775
V,9/9/24,SELL,285,9.015025042
V,9/11/24,BUY,280.91,24.20701169
V,9/17/24,SELL,291,21.70283806
V,9/24/24,BUY,272.75,35.22537563
V,9/24/24,BUY,277.82,51.75292154
V,10/16/24,SELL,283.17,47.24540902
V,11/6/24,SELL,305.94,40.56761269
V,11/25/24,SELL,311.54,30.5509182
V,1/8/25,SELL,312.2,27.04507513
V,1/30/25,SELL,344.24,20.3672788
V,2/7/25,BUY,348,20.86811352
V,2/10/25,BUY,348,21.36894825
V,2/12/25,BUY,348,21.86978297
V,2/13/25,SELL,353.12,21.03505843
V,2/13/25,SELL,354.8,20.20033389
V,2/14/25,SELL,353.745,19.36560935
V,2/19/25,SELL,356.9,18.53088481
V,2/20/25,BUY,352.2,19.03171953
V,2/21/25,SELL,352.2,18.19699499
V,2/21/25,BUY,348,18.69782972
V,2/25/25,BUY,348,19.19866444
V,2/27/25,SELL,354.8,18.3639399
V,2/27/25,SELL,359,17.52921536
V,2/28/25,SELL,359,16.69449082
V,2/28/25,SELL,361.99,15.85976628
V,3/3/25,SELL,365.8,15.02504174
V,3/6/25,BUY,342.18,15.52587646
V,3/11/25,BUY,337.61,16.02671119
V,3/14/25,SELL,332.5,11.01836394
V,3/17/25,SELL,334.4,8.514190317
V,3/19/25,SELL,337.61,6.010016694
V,3/24/25,SELL,342.18,3.505843072
V,3/28/25,BUY,342.18,4.340567613
V,3/31/25,BUY,337.61,5.342237062
V,4/15/25,SELL,336.68,1.669449082
V,4/16/25,SELL,334.93,0
V,4/17/25,BUY,329.823,5.008347245
V,4/29/25,SELL,342.2,3.67278798
V,4/30/25,BUY,338.76,8.681135225
V,5/12/25,SELL,356.9,7.846410684
V,5/16/25,SELL,365.8,7.011686144
V,5/27/25,SELL,357.42,3.67278798
V,5/27/25,SELL,358.63,2.003338898
V,5/28/25,SELL,359,0.166944908
V,6/3/25,BUY,364.77,3.505843072
V,6/6/25,BUY,369.47,6.844741235
V,6/13/25,BUY,348,7.512520868
V,8/19/25,SELL,343.82,0.834724541
V,9/29/25,SELL,338.31,0.166944908
V,12/4/25,BUY,326.02,6.844741235
V,12/22/25,SELL,352.92,5.50918197
V,1/12/26,SELL,344.36,0
V,1/20/26,BUY,321.92,1.83639399
V,2/23/26,BUY,308,3.67278798
V,3/12/26,BUY,308,5.50918197
V,3/17/26,SELL,309.922,0
VAR1.DE,5/18/22,BUY,77.4,100
VAR1.DE,6/20/22,SELL,90.46,0
VAR1.DE,6/30/22,BUY,77.7,100
VAR1.DE,9/28/22,SELL,32.73,0
VOW3.DE,1/11/24,BUY,113.14,4.487989886
VOW3.DE,1/17/24,BUY,109.44,12.19974716
VOW3.DE,1/25/24,BUY,113.84,17.38305942
VOW3.DE,1/31/24,SELL,117.98,15.67635904
VOW3.DE,2/6/24,BUY,116.8,20.48040455
VOW3.DE,2/13/24,BUY,119.04,25.53729456
VOW3.DE,2/13/24,BUY,120.36,31.85840708
VOW3.DE,2/22/24,SELL,123.32,29.96207332
VOW3.DE,2/29/24,SELL,126.12,21.42857143
VOW3.DE,3/1/24,BUY,120.72,23.57774968
VOW3.DE,3/6/24,BUY,117.82,28.00252845
VOW3.DE,3/6/24,BUY,116.68,34.32364096
VOW3.DE,3/14/24,BUY,113.86,38.74841972
VOW3.DE,3/20/24,SELL,118.16,28.82427307
VOW3.DE,4/3/24,SELL,125.25,21.93426043
VOW3.DE,4/4/24,SELL,127.75,17.50948167
VOW3.DE,4/8/24,BUY,126.5,23.83059418
VOW3.DE,4/9/24,BUY,124.65,31.4159292
VOW3.DE,4/11/24,BUY,123.65,37.73704172
VOW3.DE,4/16/24,BUY,120.7,38.87484197
VOW3.DE,4/17/24,BUY,119.6,51.70670038
VOW3.DE,5/3/24,BUY,115.6,54.23514539
VOW3.DE,5/13/24,SELL,119.25,51.39064475
VOW3.DE,5/23/24,BUY,117.95,55.81542351
VOW3.DE,5/23/24,BUY,118.95,61.50442478
VOW3.DE,5/27/24,SELL,121.15,55.18331226
VOW3.DE,5/28/24,SELL,123.25,50.12642225
VOW3.DE,5/29/24,BUY,122.75,54.55120101
VOW3.DE,5/29/24,BUY,121.15,67.19342604
VOW3.DE,5/30/24,BUY,114.25,72.88242731
VOW3.DE,5/30/24,BUY,115.1,79.20353982
VOW3.DE,5/31/24,BUY,113.85,87.42098609
VOW3.DE,6/13/24,BUY,106.55,91.84576485
VOW3.DE,7/1/24,SELL,106.8,85.52465234
VOW3.DE,7/2/24,BUY,105.5,93.10998736
VOW3.DE,7/5/24,SELL,107.85,87.42098609
VOW3.DE,7/5/24,SELL,108.45,81.73198483
VOW3.DE,7/12/24,SELL,108.35,72.25031606
VOW3.DE,7/12/24,BUY,108.05,76.99115044
VOW3.DE,7/19/24,BUY,105.8,85.84070796
VOW3.DE,7/23/24,BUY,104.3,86.09355247
VOW3.DE,7/25/24,BUY,103.25,91.15044248
VOW3.DE,8/1/24,BUY,101.8,96.83944374
VOW3.DE,8/8/24,BUY,93.84,100
VOW3.DE,8/28/24,SELL,96.58,93.67888748
VOW3.DE,9/19/24,SELL,94.4,84.19721871
VOW3.DE,9/24/24,SELL,95.06,81.03666245
VOW3.DE,9/26/24,SELL,94.24,69.65865992
VOW3.DE,9/27/24,SELL,97.18,62.07332491
VOW3.DE,10/3/24,BUY,91.36,68.39443742
VOW3.DE,10/24/24,SELL,94.82,63.96965866
VOW3.DE,10/30/24,SELL,91.06,54.48798989
VOW3.DE,11/8/24,BUY,84.84,67.13021492
VOW3.DE,11/13/24,BUY,82.9,72.81921618
VOW3.DE,11/13/24,BUY,81.26,79.1403287
VOW3.DE,11/22/24,BUY,80.62,85.46144121
VOW3.DE,12/9/24,SELL,84.62,81.03666245
VOW3.DE,12/13/24,SELL,88.24,75.47408344
VOW3.DE,1/13/25,SELL,92.3,69.15297092
VOW3.DE,1/15/25,SELL,93,63.84323641
VOW3.DE,1/20/25,SELL,95.36,57.52212389
VOW3.DE,1/24/25,SELL,97.18,51.20101138
VOW3.DE,2/13/25,SELL,98.16,46.77623262
VOW3.DE,2/14/25,SELL,100.9,44.87989886
VOW3.DE,2/19/25,BUY,98,45.63843236
VOW3.DE,2/19/25,BUY,97.66,51.97850822
VOW3.DE,2/24/25,SELL,100.7,50.84070796
VOW3.DE,2/24/25,SELL,100.45,49.89254109
VOW3.DE,2/25/25,SELL,103.7,46.60556258
VOW3.DE,2/25/25,SELL,102.4,43.95069532
VOW3.DE,2/25/25,SELL,105,43.19216182
VOW3.DE,3/3/25,SELL,107,42.11757269
VOW3.DE,3/3/25,SELL,109.4,41.04298357
VOW3.DE,3/5/25,SELL,107,39.77876106
VOW3.DE,3/6/25,SELL,109.4,38.51453856
VOW3.DE,3/7/25,SELL,109.4,37.31352718
VOW3.DE,3/17/25,SELL,109.4,36.30214918
VOW3.DE,3/20/25,BUY,103.7,37.50316056
VOW3.DE,3/21/25,BUY,102.4,38.70417193
VOW3.DE,3/21/25,BUY,100.7,40.03160556
VOW3.DE,3/27/25,BUY,97.5,41.35903919
VOW3.DE,3/31/25,BUY,95.94,42.11757269
VOW3.DE,3/31/25,BUY,94.5,43.06573957
VOW3.DE,3/31/25,BUY,93.4,43.69785082
VOW3.DE,4/3/25,BUY,91.3,44.32996207
VOW3.DE,4/7/25,BUY,83.1,45.84702908
VOW3.DE,4/7/25,BUY,83.1,47.36409608
VOW3.DE,4/7/25,BUY,83.1,48.88116308
VOW3.DE,4/7/25,SELL,87,45.72060683
VOW3.DE,4/10/25,SELL,89.92,44.45638432
VOW3.DE,4/10/25,SELL,90.8,43.19216182
VOW3.DE,4/22/25,SELL,93.24,41.92793932
VOW3.DE,5/12/25,SELL,102.4,38.76738306
VOW3.DE,5/16/25,SELL,104.15,34.91150442
VOW3.DE,6/6/25,BUY,92.52,40.01264223
VOW3.DE,6/9/25,BUY,91.28,42.54108723
VOW3.DE,7/9/25,SELL,92,41.27686473
VOW3.DE,7/11/25,SELL,93.8,34.95575221
VOW3.DE,7/23/25,SELL,92,33.37547408
VOW3.DE,7/25/25,SELL,97.14,29.58280657
VOW3.DE,7/25/25,SELL,99.12,27.37041719
VOW3.DE,7/28/25,BUY,96.64,33.69152971
VOW3.DE,8/4/25,BUY,89.54,40.01264223
VOW3.DE,8/6/25,SELL,92,38.55878635
VOW3.DE,8/15/25,SELL,100.35,37.10493047
VOW3.DE,9/9/25,SELL,102.9,35.58786346
VOW3.DE,9/18/25,BUY,97.12,36.59924147
VOW3.DE,9/22/25,BUY,92,38.9380531
VOW3.DE,10/7/25,BUY,92,41.40328698
VOW3.DE,10/23/25,SELL,89.08,35.08217446
VOW3.DE,10/23/25,SELL,89.14,24.96839444
VOW3.DE,10/23/25,SELL,89.08,17.38305942
VOW3.DE,10/23/25,SELL,89.2,9.797724399
VOW3.DE,11/10/25,SELL,95.4,6.637168142
VOW3.DE,11/11/25,SELL,97.12,5.056890013
VOW3.DE,12/2/25,SELL,100.3,3.603034134
VOW3.DE,1/8/26,BUY,100.3,6.13147914
VOW3.DE,1/9/26,SELL,105.4,4.551201011
VOW3.DE,1/19/26,BUY,97.12,5.815423515
VOW3.DE,2/6/26,BUY,100.3,7.711757269
VOW3.DE,3/2/26,BUY,97.12,9.418457649
VOW3.DE,3/6/26,BUY,92,12.57901391
VOW3.DE,3/19/26,BUY,87.36,15.04424779
VOW3.DE,4/2/26,BUY,87.2,17.57269279
VOW3.DE,4/13/26,BUY,88.06,22.62958281
VOW3.DE,4/17/26,SELL,92,20.73324905
VOW3.DE,4/24/26,BUY,87.36,23.26169406
VOW3.DE,4/30/26,BUY,83.7,25.79013906
WBD,6/9/22,SELL,16.54,-100
WBD,6/9/22,BUY,16.54,0
WCH.DE,6/27/25,BUY,63.65,21.64502165
WCH.DE,7/14/25,BUY,67.65,43.29004329
WCH.DE,8/13/25,SELL,65,36.14718615
WCH.DE,8/19/25,SELL,68.65,28.35497835
WCH.DE,9/4/25,BUY,61.7,38.0952381
WCH.DE,9/8/25,SELL,65,30.51948052
WCH.DE,9/17/25,BUY,61.7,40.69264069
WCH.DE,9/18/25,SELL,65,35.28138528
WCH.DE,9/23/25,SELL,65,27.70562771
WCH.DE,10/27/25,SELL,69.4,19.04761905
WCH.DE,11/28/25,BUY,65,24.02597403
WCH.DE,12/10/25,SELL,68.6,19.04761905
WCH.DE,12/30/25,BUY,68.6,30.08658009
WCH.DE,1/19/26,BUY,70,38.74458874
WCH.DE,1/28/26,SELL,74.5,30.08658009
WCH.DE,1/28/26,BUY,70.85,37.66233766
WCH.DE,1/28/26,BUY,68.6,48.48484848
WCH.DE,2/4/26,SELL,72.65,39.82683983
WCH.DE,2/5/26,SELL,77.15,37.01298701
WCH.DE,2/10/26,SELL,80.35,29.65367965
WCH.DE,2/26/26,SELL,84.3,20.995671
WCH.DE,2/26/26,BUY,82.6,29.65367965
WCH.DE,2/27/26,BUY,80.35,38.31168831
WCH.DE,3/2/26,BUY,74.5,51.2987013
WCH.DE,3/3/26,BUY,71,72.94372294
WCH.DE,3/6/26,BUY,68.6,84.84848485
WCH.DE,3/9/26,BUY,63,100
WCH.DE,3/9/26,SELL,65,78.35497835
WCH.DE,3/10/26,SELL,68.6,61.03896104
WCH.DE,3/11/26,SELL,70.9,50.21645022
WCH.DE,3/12/26,SELL,77.05,37.22943723
WCH.DE,3/18/26,BUY,77.1,50.21645022
WCH.DE,3/18/26,BUY,74.5,63.2034632
WCH.DE,3/19/26,BUY,72.7,77.27272727
WCH.DE,3/19/26,BUY,70.85,92.42424242
WCH.DE,3/25/26,SELL,80.85,79.43722944
WCH.DE,3/30/26,SELL,82.55,72.51082251
WCH.DE,3/31/26,SELL,83.9,65.58441558
WCH.DE,3/31/26,SELL,85.05,58.65800866
WCH.DE,4/1/26,SELL,86.2,55.62770563
WCH.DE,4/8/26,SELL,87.8,48.7012987
WCH.DE,4/9/26,SELL,89.9,41.99134199
WCH.DE,4/10/26,SELL,91.65,35.4978355
WCH.DE,4/16/26,SELL,92.85,29.004329
WCH.DE,4/16/26,SELL,93.65,26.62337662
WCH.DE,4/16/26,SELL,94.55,19.91341991
WCH.DE,4/20/26,SELL,95.85,13.85281385
WDC,1/15/21,BUY,51.21,39.17748918
WDC,2/2/21,SELL,58.67,33.11688312
WDC,2/11/21,SELL,63.58,28.78787879
WDC,2/16/21,SELL,65.9,24.89177489
WDC,3/4/21,BUY,65.67,29.65367965
WDC,3/4/21,BUY,63.49,34.84848485
WDC,3/8/21,SELL,70.85,29.43722944
WDC,3/24/21,BUY,63.96,40.25974026
WDC,3/31/21,SELL,68.24,35.06493506
WDC,4/19/21,BUY,67.97,42.85714286
WDC,4/26/21,SELL,71.31,37.22943723
WDC,5/7/21,SELL,70.44,29.87012987
WDC,5/12/21,BUY,65.16,35.93073593
WDC,5/14/21,SELL,71.88,30.73593074
WDC,5/17/21,SELL,76.68,25.54112554
WDC,6/4/21,SELL,78.03,19.6969697
WDC,6/8/21,BUY,74.93,24.02597403
WDC,6/16/21,BUY,73.12,27.48917749
WDC,6/18/21,BUY,68.42,31.38528139
WDC,7/16/21,BUY,65.24,40.04329004
WDC,7/19/21,BUY,62.68,43.93939394
WDC,8/4/21,SELL,66.98,39.17748918
WDC,8/12/21,BUY,61.77,43.50649351
WDC,8/12/21,BUY,61.76,49.78354978
WDC,8/25/21,SELL,69.21,42.85714286
WDC,8/31/21,SELL,63.87,38.0952381
WDC,10/27/21,BUY,55.98,43.72294372
WDC,11/8/21,SELL,57.29,38.13852814
WDC,11/10/21,BUY,55.63,41.08225108
WDC,11/11/21,SELL,59.51,32.5974026
WDC,12/27/21,SELL,62.54,26.66666667
WDC,12/29/21,SELL,66.69,21.03896104
WDC,1/6/22,BUY,67.51,26.23376623
WDC,1/19/22,BUY,63.16,32.94372294
WDC,1/20/22,BUY,59.98,43.16017316
WDC,1/27/22,BUY,46.1,49.91341991
WDC,2/9/22,SELL,53.62,44.28571429
WDC,2/25/22,BUY,51.84,51.9047619
WDC,4/28/22,SELL,56.45,44.28571429
WDC,4/29/22,SELL,53.683,36.45021645
WDC,5/3/22,SELL,60,29.87012987
WDC,5/26/22,SELL,60.92,20.73593074
WDC,5/26/22,SELL,58.72,15.58441558
WDC,5/31/22,BUY,60.89,21.86147186
WDC,6/10/22,BUY,55.34,29.13419913
WDC,10/4/22,SELL,36.23,19.61038961
WDC,10/10/22,BUY,34.73,31.2987013
WDC,10/12/22,BUY,33.48,42.12121212
WDC,10/26/22,SELL,36.15,31.94805195
WDC,10/27/22,SELL,36.69,21.12554113
WDC,10/27/22,SELL,37.45,10.3030303
WDC,10/27/22,BUY,35.39,21.55844156
WDC,10/27/22,BUY,35.19,33.24675325
WDC,11/3/22,BUY,33.28,44.28571429
WDC,11/4/22,SELL,35.11,34.32900433
WDC,11/15/22,SELL,40.82,24.02597403
WDC,11/16/22,BUY,37.05,33.54978355
WDC,11/17/22,BUY,35.53,42.20779221
WDC,11/30/22,SELL,36.603,31.38528139
WDC,12/1/22,BUY,35.86,40.90909091
WDC,12/5/22,BUY,34.64,50.86580087
WDC,12/7/22,BUY,33.44,61.25541126
WDC,12/8/22,SELL,35.19,51.73160173
WDC,12/13/22,SELL,36.68,43.07359307
WDC,12/15/22,BUY,33.76,52.5974026
WDC,12/15/22,BUY,33.76,62.98701299
WDC,12/15/22,BUY,33.27,74.02597403
WDC,12/21/22,BUY,31.37,100
WDC,1/4/23,SELL,35.76,69.6969697
WDC,1/4/23,SELL,33.24,41.55844156
WDC,1/5/23,BUY,34.42,54.54545455
WDC,1/5/23,BUY,33.36,67.53246753
WDC,1/9/23,SELL,37.91,45.88744589
WDC,1/23/23,SELL,38.597,37.01298701
WDC,1/23/23,SELL,39.74,28.35497835
WDC,1/23/23,SELL,41.265,24.02597403
WDC,1/26/23,SELL,43.37,15.36796537
WDC,2/28/23,SELL,38.76,0
WDC,10/27/23,BUY,38.32,6.83982684
WDC,10/30/23,BUY,39.05,11.16883117
WDC,11/3/23,SELL,43.52,3.80952381
WDC,12/4/23,BUY,47.1,20.995671
WDC,12/14/23,SELL,50.89,18.74458874
WDC,1/16/24,SELL,52.08,14.54545455
WDC,1/23/24,SELL,58.62,8.051948052
WDC,2/13/24,BUY,54.88,19.82683983
WDC,3/12/24,SELL,63.1,13.2034632
WDC,3/26/24,SELL,66.24,4.545454545
WDC,5/17/24,BUY,73.37,13.72294372
WDC,5/30/24,BUY,75.78,22.38095238
WDC,6/5/24,SELL,75.06,18.05194805
WDC,6/5/24,SELL,76.28,15.88744589
WDC,6/12/24,SELL,78.975,12.85714286
WDC,6/13/24,SELL,80,8.961038961
WDC,6/20/24,BUY,77.13,11.03896104
WDC,7/9/24,SELL,79.66,8.008658009
WDC,7/11/24,BUY,78.08,11.9047619
WDC,7/11/24,BUY,79,17.31601732
WDC,7/12/24,BUY,77.2,21.64502165
WDC,7/17/24,BUY,75.48,27.48917749
WDC,7/17/24,BUY,73.275,36.14718615
WDC,8/1/24,BUY,59.57,40.47619048
WDC,8/2/24,BUY,57.61,46.96969697
WDC,8/8/24,BUY,56.74,51.2987013
WDC,8/14/24,SELL,60.87,42.64069264
WDC,8/19/24,SELL,65.07,37.57575758
WDC,8/28/24,SELL,62.84,28.91774892
WDC,9/3/24,SELL,66,27.48917749
WDC,9/11/24,BUY,61.77,28.87445887
WDC,9/17/24,SELL,65.95,25.32467532
WDC,9/25/24,SELL,70,20.995671
WDC,10/8/24,BUY,65.75,24.97835498
WDC,10/24/24,SELL,71.04,20.51948052
WDC,10/25/24,SELL,72.12,16.19047619
WDC,10/29/24,BUY,69.01,19.09090909
WDC,11/6/24,BUY,69.49,32.07792208
WDC,12/17/24,BUY,64.82,40.73593074
WDC,12/19/24,BUY,61.8,41.77489177
WDC,12/19/24,BUY,59.96,42.81385281
WDC,12/23/24,SELL,61.75,42.77056277
WDC,12/24/24,SELL,61.75,37.96536797
WDC,1/6/25,SELL,64.61,33.11688312
WDC,1/22/25,SELL,68.84,28.57142857
WDC,2/7/25,SELL,65.03,27.74891775
WDC,2/7/25,BUY,64.46,28.65800866
WDC,2/7/25,BUY,63.94,29.61038961
WDC,2/10/25,SELL,67.93,28.44155844
WDC,2/10/25,SELL,66.65,27.4025974
WDC,2/10/25,SELL,65.6,26.45021645
WDC,2/12/25,BUY,66.8,27.0995671
WDC,2/12/25,BUY,66.65,27.79220779
WDC,2/12/25,BUY,66.62,29.09090909
WDC,2/18/25,SELL,70.25,28.52813853
WDC,2/18/25,SELL,70.25,27.96536797
WDC,2/18/25,SELL,70.98,27.4025974
WDC,2/18/25,SELL,71.59,26.83982684
WDC,2/18/25,SELL,72.09,26.27705628
WDC,2/19/25,SELL,72.16,25.23809524
WDC,2/20/25,BUY,70,25.88744589
WDC,2/21/25,BUY,68.33,26.53679654
WDC,2/21/25,BUY,67.93,27.18614719
WDC,2/21/25,BUY,69.28,27.87878788
WDC,3/3/25,BUY,46.9,29.78354978
WDC,3/4/25,BUY,46.21,31.6017316
WDC,3/4/25,BUY,45.9,33.50649351
WDC,3/4/25,BUY,45,35.41125541
WDC,3/10/25,SELL,45,33.24675325
WDC,3/12/25,SELL,42.81,31.08225108
WDC,3/17/25,SELL,45,26.75324675
WDC,3/19/25,SELL,44.82,25.36796537
WDC,4/4/25,BUY,32.36,38.35497835
WDC,4/9/25,SELL,34.56,34.02597403
WDC,4/9/25,SELL,35.73,25.36796537
WDC,4/10/25,SELL,35.73,18.44155844
WDC,4/15/25,SELL,36.1,15.41125541
WDC,4/16/25,SELL,35.805,2.424242424
WDC,4/21/25,SELL,36.75,1.558441558
WDC,4/22/25,SELL,36.75,0.692640693
WDC,4/30/25,SELL,45,-1.082251082
WDC,4/30/25,BUY,44.78,2.813852814
WDC,5/27/25,SELL,51.661,0.216450216
WDC,5/30/25,BUY,51.779,4.545454545
WDC,6/5/25,SELL,55.22,2.813852814
WDC,7/29/25,SELL,70.3,1.298701299
WDC,7/30/25,SELL,76.5,0.865800866
WDC,8/19/25,SELL,75.76,0.432900433
WDC,9/5/25,SELL,91.44,0
WDC,10/7/25,BUY,125.16,3.463203463
WDC,10/7/25,BUY,124.305,4.761904762
WDC,10/7/25,BUY,118.97,8.225108225
WDC,10/13/25,SELL,118.685,3.896103896
WDC,10/13/25,SELL,119.64,2.597402597
WDC,10/14/25,BUY,115.577,6.926406926
WDC,10/15/25,SELL,116,0.432900433
WDC,10/28/25,BUY,122.44,4.761904762
WDC,11/10/25,SELL,169.19,3.463203463
WDC,11/24/25,SELL,147.24,2.683982684
WDC,11/24/25,SELL,151.554,0.519480519
WDC,12/1/25,SELL,164.62,0
WDC,12/11/25,SELL,158.6,-0.649350649
WDC,12/19/25,BUY,151.42,0
WIZZ.L,7/27/22,SELL,20.04,-11.73913043
WIZZ.L,7/27/22,SELL,21.14,-26.08695652
WIZZ.L,7/29/22,SELL,23.33,-41.30434783
WIZZ.L,8/16/22,SELL,25.76,-52.17391304
WIZZ.L,8/22/22,BUY,20.88,-39.13043478
WIZZ.L,9/1/22,BUY,20.35,-27.39130435
WIZZ.L,9/13/22,SELL,22.24,-37.82608696
WIZZ.L,9/14/22,BUY,20.12,-24.7826087
WIZZ.L,9/22/22,BUY,18.75,-11.73913043
WIZZ.L,9/23/22,BUY,17.69,0
WIZZ.L,10/4/22,SELL,15.88,-22.60869565
WIZZ.L,10/7/22,BUY,14.54,0
WIZZ.L,10/13/22,SELL,13.265,-17.39130435
WIZZ.L,10/14/22,SELL,13.94,-39.13043478
WIZZ.L,10/14/22,SELL,14.1,-60.86956522
WIZZ.L,10/14/22,SELL,14.46,-82.60869565
WIZZ.L,10/24/22,BUY,14.03,-60.86956522
WIZZ.L,10/26/22,SELL,14.37,-78.26086957
WIZZ.L,10/26/22,SELL,14.78,-100
WIZZ.L,10/28/22,BUY,16.56,-89.13043478
WIZZ.L,10/28/22,BUY,16.26,-78.26086957
WIZZ.L,11/2/22,BUY,15.82,-60.86956522
WIZZ.L,11/3/22,SELL,17.87,-78.26086957
WIZZ.L,11/22/22,BUY,21.34,-60.43478261
WIZZ.L,11/22/22,BUY,20.26,-41.95652174
WIZZ.L,11/23/22,SELL,21.12,-59.34782609
WIZZ.L,12/16/22,BUY,21.67,-41.95652174
WIZZ.L,12/20/22,BUY,20.34,-23.47826087
WIZZ.L,1/5/23,SELL,22.14,-38.69565217
WIZZ.L,1/6/23,SELL,24.01,-56.08695652
WIZZ.L,1/26/23,SELL,27.82,-64.7826087
WIZZ.L,1/26/23,BUY,27.94,-47.39130435
WIZZ.L,2/10/23,BUY,26.47,-38.69565217
WIZZ.L,2/21/23,BUY,25.59,-25.65217391
WIZZ.L,3/16/23,BUY,27.25,0
ZAL.DE,5/31/22,SELL,38.18,-44.24778761
ZAL.DE,6/9/22,BUY,32.55,-22.12389381
ZAL.DE,6/15/22,SELL,28.67,-97.34513274
ZAL.DE,6/16/22,BUY,24.59,0
ZAL.DE,7/1/22,SELL,26.57,-84.07079646
ZAL.DE,7/5/22,BUY,24.74,0
ZAL.DE,7/7/22,SELL,26.18,-84.07079646
ZAL.DE,7/8/22,SELL,27.17,-209.7345133
ZAL.DE,7/12/22,BUY,25.44,-125.6637168
ZAL.DE,7/13/22,SELL,26.26,-196.460177
ZAL.DE,7/14/22,BUY,24.98,-125.6637168
ZAL.DE,7/18/22,SELL,25.82,-218.5840708
ZAL.DE,7/19/22,SELL,27.17,-293.8053097
ZAL.DE,7/21/22,SELL,28.56,-373.4513274
ZAL.DE,8/5/22,SELL,32.13,-457.5221239
ZAL.DE,8/17/22,BUY,29.38,-369.0265487
ZAL.DE,8/18/22,BUY,27.21,-280.5309735
ZAL.DE,8/22/22,BUY,26.29,-183.1858407
ZAL.DE,8/22/22,BUY,25.16,-103.539823
ZAL.DE,8/26/22,BUY,23.57,-6.194690265
ZAL.DE,9/8/22,BUY,21.83,100
ZAL.DE,9/9/22,SELL,22.31,0
ZAL.DE,10/4/22,SELL,20.93,-163.7168142
ZAL.DE,10/4/22,SELL,21.71,-340.7079646
ZAL.DE,10/7/22,BUY,20.42,-163.7168142
ZAL.DE,10/12/22,SELL,21.85,-274.3362832
ZAL.DE,10/13/22,SELL,21.3,-473.4513274
ZAL.DE,10/24/22,BUY,22.36,-296.460177
ZAL.DE,10/25/22,SELL,23.7,-442.4778761
ZAL.DE,11/7/22,SELL,25.59,-548.6725664
ZAL.DE,11/11/22,SELL,31.96,-659.2920354
ZAL.DE,11/21/22,BUY,29.76,-548.6725664
ZAL.DE,12/15/22,BUY,31.84,-460.1769912
ZAL.DE,1/2/23,SELL,34.48,-548.6725664
ZAL.DE,2/9/23,BUY,42.22,-451.3274336
ZAL.DE,3/10/23,BUY,35.18,-362.8318584
ZAL.DE,3/15/23,BUY,33.76,-267.699115
ZAL.DE,3/20/23,BUY,33.08,-172.5663717
ZAL.DE,5/8/23,BUY,32.44,0
ZBH,6/8/21,BUY,156.48,17.37451737
ZBH,8/4/21,BUY,148.72,44.4015444
ZBH,9/10/21,BUY,142.29,69.4980695
ZBH,9/23/21,SELL,150.29,45.17374517
ZBH,10/13/21,BUY,141.49,71.42857143
ZBH,10/20/21,SELL,150.21,47.1042471
ZBH,10/29/21,BUY,142.24,72.97297297
ZBH,11/11/21,BUY,131.71,100
ZBH,1/4/22,SELL,131.52,82.62548263
ZBH,3/25/22,SELL,128.95,52.12355212
ZBH,5/17/22,SELL,116.51,29.34362934
ZBH,7/20/22,SELL,108.88,0
ZIMV,7/26/22,SELL,18.85,-98.13084112
ZIMV,5/24/23,SELL,10.92,-100
ZIMV,5/24/23,BUY,10.92,0
